canonical_smiles,molecule_chembl_id,pchembl_value,standard_units,standard_value,units,value,pIC50,Activity Class,Valid_SMILES,Molecular_Weight,LogP,TPSA,H_Bond_Donors,H_Bond_Acceptors,Rotatable_Bonds,Ring_Count,Lipinski_Violations,Drug_Likeness,Predicted_pIC50,Absorption_Score,Permeability_Score,DrugLikeness_Score,ADMET_Proxy_Score,ADMET_Profile,Activity_Score,Target_Confidence,Lead_Score,Lead_Score_Percent,Scaffold,Fraction_CSP3,Heavy_Atom_Count,Aromatic_Rings,NHOH_Count,NO_Count,BBB_Suitability,BBB_Profile,Solubility_Score,Developability_Score,Advanced_ADMET_Score,Advanced_ADMET_Profile,Final_Lead_Score,Final_Lead_Score_Percent,Rank
CO[C@H]1CC[C@]2(CC1)Cc1ccc(OCC3CCC3)cc1[C@@]21N=C(C)C(N)=N1,CHEMBL3927449,8.89,nM,1.3,nM,1.3,8.886056647693163,Highly Active,True,381.52000000000015,3.9815000000000023,69.2,1,5,4,5,0,Pass,8.816715,1.0,1.0,1.0,1.0,Favourable,0.9484649,0.897767398252352,0.9691208051390581,96.9120805139058,C1=NC2(N=C1)c1cc(OCC3CCC3)ccc1CC21CCCCC1,0.6521739130434783,28,1,2,5,1.0,High Suitability,0.8,1.0,0.9600000000000001,Favourable,0.9576556787490845,95.76556787490846,1
CO[C@H]1CC[C@]2(CC1)Cc1ccc(OCC3CCC3)cc1C21N=C(C)C(N)=N1,CHEMBL3961886,8.82,nM,1.5,nM,1.5,8.823908740944319,Highly Active,True,381.52000000000015,3.9815000000000023,69.2,1,5,4,5,0,Pass,8.816715,1.0,1.0,1.0,1.0,Favourable,0.9484649,0.897767398252352,0.9691208051390581,96.9120805139058,C1=NC2(N=C1)c1cc(OCC3CCC3)ccc1CC21CCCCC1,0.6521739130434783,28,1,2,5,1.0,High Suitability,0.8,1.0,0.9600000000000001,Favourable,0.9576556787490845,95.76556787490846,2
CO[C@H]1CC[C@]2(CC1)Cc1ccc(OCC3CC3)cc1[C@@]21N=C(C)C(N)=N1,CHEMBL3937398,9.05,nM,0.9,nM,0.9,9.045757490560675,Highly Active,True,367.4930000000001,3.591400000000002,69.2,1,5,4,5,0,Pass,8.810974,1.0,1.0,1.0,1.0,Favourable,0.94751954,0.897767398252352,0.9686481403059892,96.86481403059892,C1=NC2(N=C1)c1cc(OCC3CC3)ccc1CC21CCCCC1,0.6363636363636364,27,1,2,5,1.0,High Suitability,0.8,1.0,0.9600000000000001,Favourable,0.9571357474327088,95.71357474327088,3
CO[C@H]1CC[C@]2(CC1)Cc1ccc(OCC3CC3)cc1C21N=C(C)C(N)=N1,CHEMBL3923244,8.80,nM,1.6,nM,1.6,8.795880017344075,Highly Active,True,367.4930000000001,3.591400000000002,69.2,1,5,4,5,0,Pass,8.810974,1.0,1.0,1.0,1.0,Favourable,0.94751954,0.897767398252352,0.9686481403059892,96.86481403059892,C1=NC2(N=C1)c1cc(OCC3CC3)ccc1CC21CCCCC1,0.6363636363636364,27,1,2,5,1.0,High Suitability,0.8,1.0,0.9600000000000001,Favourable,0.9571357474327088,95.71357474327088,4
CC#Cc1cncc(-c2ccc3c(c2)C2(N=C(C)C(N)=N2)[C@]2(CC[C@H](OC)CC2)C3)c1,CHEMBL2152914,8.66,nM,2.2,nM,2.2,8.657577319177793,Highly Active,True,412.53700000000026,4.236000000000003,72.86,1,5,2,5,0,Pass,8.885371,1.0,1.0,1.0,1.0,Favourable,0.95977044,0.897767398252352,0.9747735904402666,97.47735904402666,C1=NC2(N=C1)c1cc(-c3cccnc3)ccc1CC21CCCCC1,0.4230769230769231,31,2,2,5,1.0,High Suitability,0.6000000000000001,1.0,0.92,Favourable,0.9498737545013428,94.98737545013428,5
CC#Cc1cncc(-c2ccc3c(c2)[C@@]2(N=C(C)C(N)=N2)[C@]2(CC[C@H](OC)CC2)C3)c1,CHEMBL3989948,8.92,nM,1.2,nM,1.2,8.920818753952375,Highly Active,True,412.53700000000026,4.236000000000003,72.86,1,5,2,5,0,Pass,8.885371,1.0,1.0,1.0,1.0,Favourable,0.95977044,0.897767398252352,0.9747735904402666,97.47735904402666,C1=NC2(N=C1)c1cc(-c3cccnc3)ccc1CC21CCCCC1,0.4230769230769231,31,2,2,5,1.0,High Suitability,0.6000000000000001,1.0,0.92,Favourable,0.9498737545013428,94.98737545013428,6
CC#Cc1cccc(-c2ccc3c(c2)C2(N=C(C)C(N)=N2)[C@]2(CC[C@H](OC)CC2)C3)c1,CHEMBL2151058,8.85,nM,1.4,nM,1.4,8.853871964321762,Highly Active,True,411.54900000000026,4.841000000000005,59.97,1,4,2,5,0,Pass,8.777094,1.0,1.0,1.0,1.0,Favourable,0.94194055,0.897767398252352,0.9658586429305009,96.5858642930501,C1=NC2(N=C1)c1cc(-c3ccccc3)ccc1CC21CCCCC1,0.4074074074074074,31,2,2,4,1.0,High Suitability,0.6000000000000001,1.0,0.92,Favourable,0.9400673003196717,94.00673003196717,7
CO[C@H]1CC[C@]2(CC1)Cc1ccc(-c3cc(Cl)cc(C#N)c3)cc1C21N=C(C)C(N)=N1,CHEMBL2152915,8.80,nM,1.6,nM,1.6,8.795880017344075,Highly Active,True,432.9550000000002,4.994680000000006,83.75999999999999,1,5,2,5,0,Pass,8.746442,1.0,1.0,1.0,1.0,Favourable,0.9368931,0.897767398252352,0.9633349226660661,96.33349226660661,C1=NC2(N=C1)c1cc(-c3ccccc3)ccc1CC21CCCCC1,0.4,31,2,2,5,1.0,High Suitability,0.6000000000000001,1.0,0.92,Favourable,0.9372912139892579,93.72912139892578,8
CO[C@H]1CC[C@]2(CC1)Cc1ccc(OCCC3CC3)cc1C21N=C(C)C(N)=N1,CHEMBL3939963,9.10,nM,0.8,nM,0.8,9.096910013008056,Highly Active,True,381.52000000000015,3.9815000000000023,69.2,1,5,5,5,0,Pass,8.5437,1.0,1.0,1.0,1.0,Favourable,0.9035077,0.897767398252352,0.9466422246642046,94.66422246642045,C1=NC2(N=C1)c1cc(OCCC3CC3)ccc1CC21CCCCC1,0.6521739130434783,28,1,2,5,1.0,High Suitability,0.8,1.0,0.9600000000000001,Favourable,0.9329292581081391,93.29292581081391,9
COC1CCC2(CC1)Cc1ccc(-c3cc(C)cc(C#N)c3)cc1C21N=C(C)C(N)=N1,CHEMBL6009393,8.59,nM,2.6,nM,2.6,8.585026652029182,Highly Active,True,412.5370000000002,4.649700000000005,83.75999999999999,1,5,2,5,0,Pass,8.6570835,1.0,1.0,1.0,1.0,Favourable,0.9221785,0.897767398252352,0.9559776233382158,95.59776233382158,C1=NC2(N=C1)c1cc(-c3ccccc3)ccc1CC21CCCCC1,0.4230769230769231,31,2,2,5,1.0,High Suitability,0.6000000000000001,1.0,0.92,Favourable,0.9291982145309449,92.91982145309449,10
CO[C@H]1CC[C@]2(CC1)Cc1ccc(OCC3CC(F)(F)C3)cc1C21N=C(C)C(N)=N1,CHEMBL3891403,8.08,nM,8.4,nM,8.4,8.075720713938118,Highly Active,True,417.50000000000017,4.226700000000003,69.2,1,5,4,5,0,Pass,8.65442,1.0,1.0,1.0,1.0,Favourable,0.9217398,0.897767398252352,0.9557582782454423,95.57582782454423,C1=NC2(N=C1)c1cc(OCC3CCC3)ccc1CC21CCCCC1,0.6521739130434783,30,1,2,5,1.0,High Suitability,0.6000000000000001,1.0,0.92,Favourable,0.9289569349288941,92.89569349288941,11
CC#Cc1ccnc(-c2ccc3c(c2)C2(N=C(C)C(N)=N2)[C@]2(CC[C@H](OC)CC2)C3)c1,CHEMBL3901045,8.64,nM,2.3,nM,2.3,8.638272163982407,Highly Active,True,412.53700000000026,4.236000000000003,72.86,1,5,2,5,0,Pass,8.574277,1.0,1.0,1.0,1.0,Favourable,0.90854275,0.897767398252352,0.9491597460455827,94.91597460455827,C1=NC2(N=C1)c1cc(-c3ccccn3)ccc1CC21CCCCC1,0.4230769230769231,31,2,2,5,1.0,High Suitability,0.6000000000000001,1.0,0.92,Favourable,0.9216985197067261,92.16985197067261,12
CO[C@H]1CC[C@]2(CC1)Cc1ccc(OCC3(C)CC3)cc1C21N=C(C)C(N)=N1,CHEMBL3915935,8.55,nM,2.8,nM,2.8,8.55284196865778,Highly Active,True,381.52000000000015,3.9815000000000023,69.2,1,5,4,5,0,Pass,8.356919,1.0,1.0,1.0,1.0,Favourable,0.87275076,0.897767398252352,0.9312637494749956,93.12637494749956,C1=NC2(N=C1)c1cc(OCC3CC3)ccc1CC21CCCCC1,0.6521739130434783,28,1,2,5,1.0,High Suitability,0.8,1.0,0.9600000000000001,Favourable,0.9160129234790803,91.60129234790803,13
CCC#Cc1cncc(-c2ccc3c(c2)C2(N=C(C)C(N)=N2)[C@]2(CC[C@H](OC)CC2)C3)c1,CHEMBL2152920,8.64,nM,2.3,nM,2.3,8.638272163982407,Highly Active,True,426.5640000000003,4.626100000000004,72.86,1,5,2,5,0,Pass,8.494497,1.0,1.0,1.0,1.0,Favourable,0.89540553,0.897767398252352,0.9425911353774004,94.25911353774003,C1=NC2(N=C1)c1cc(-c3cccnc3)ccc1CC21CCCCC1,0.4444444444444444,32,2,2,5,1.0,High Suitability,0.6000000000000001,1.0,0.92,Favourable,0.9144730658531189,91.44730658531189,14
CO[C@H]1CC[C@]2(CC1)Cc1ccc(-c3cncc(Cl)c3)cc1C21N=C(C)C(N)=N1,CHEMBL3965844,8.64,nM,2.3,nM,2.3,8.638272163982407,Highly Active,True,408.93300000000016,4.518000000000003,72.86,1,5,2,5,0,Pass,8.451432,1.0,1.0,1.0,1.0,Favourable,0.8883141,0.897767398252352,0.9390454338736467,93.90454338736467,C1=NC2(N=C1)c1cc(-c3cccnc3)ccc1CC21CCCCC1,0.43478260869565216,29,2,2,5,1.0,High Suitability,0.6000000000000001,1.0,0.92,Favourable,0.9105727763175965,91.05727763175965,15
CO[C@H]1CC[C@]2(CC1)Cc1ccc(-c3cncc(F)c3)cc1C21N=C(C)C(N)=N1,CHEMBL3937468,8.26,nM,5.5,nM,5.5,8.259637310505756,Highly Active,True,392.4780000000002,4.003700000000002,72.86,1,5,2,5,0,Pass,8.280793,1.0,1.0,1.0,1.0,Favourable,0.86021507,0.897767398252352,0.9249959038443498,92.49959038443498,C1=NC2(N=C1)c1cc(-c3cccnc3)ccc1CC21CCCCC1,0.43478260869565216,29,2,2,5,1.0,High Suitability,0.8,1.0,0.9600000000000001,Favourable,0.9091183052062989,90.91183052062989,16
CO[C@H]1CC[C@]2(CC1)Cc1ccc(OCC(C)F)cc1C21N=C(C)C(N)=N1,CHEMBL3899321,8.60,nM,2.5,nM,2.5,8.602059991327963,Highly Active,True,373.47200000000015,3.5394000000000014,69.2,1,5,4,4,0,Pass,8.274565,1.0,1.0,1.0,1.0,Favourable,0.8591895,0.897767398252352,0.9244831250853471,92.44831250853471,C1=NC2(N=C1)c1ccccc1CC21CCCCC1,0.6190476190476191,27,1,2,5,1.0,High Suitability,0.8,1.0,0.9600000000000001,Favourable,0.908554236650467,90.8554236650467,17
COc1ccc(F)c(-c2ccc3c(c2)[C@@]2(N=C(C)C(N)=N2)[C@]2(CC[C@H](OC)CC2)C3)c1,CHEMBL3985518,8.82,nM,1.5,nM,1.5,8.823908740944319,Highly Active,True,421.5160000000003,4.617300000000004,69.2,1,5,3,5,0,Pass,8.410601,1.0,1.0,1.0,1.0,Favourable,0.88159037,0.897767398252352,0.9356835530943803,93.56835530943803,C1=NC2(N=C1)c1cc(-c3ccccc3)ccc1CC21CCCCC1,0.44,31,2,2,5,1.0,High Suitability,0.6000000000000001,1.0,0.92,Favourable,0.9068747253417969,90.68747253417969,18
CO[C@H]1CC[C@]2(CC1)Cc1ccc(-c3cc(F)cc(C#N)c3)cc1[C@]21N=C(C)C(N)=N1,CHEMBL5846325,8.47,nM,3.4,nM,3.4,8.468521082957745,Highly Active,True,416.5000000000002,4.480380000000004,83.75999999999999,1,5,2,5,0,Pass,8.368208,1.0,1.0,1.0,1.0,Favourable,0.8746096,0.897767398252352,0.9321931647009782,93.21931647009782,C1=NC2(N=C1)c1cc(-c3ccccc3)ccc1CC21CCCCC1,0.4,31,2,2,5,1.0,High Suitability,0.6000000000000001,1.0,0.92,Favourable,0.9030352921485901,90.30352921485901,19
CO[C@H]1CC[C@]2(CC1)Cc1ccc(-c3cc(F)cc(C#N)c3)cc1C21N=C(C)C(N)=N1,CHEMBL3923132,8.24,nM,5.7,nM,5.7,8.244125144327509,Highly Active,True,416.5000000000002,4.480380000000004,83.75999999999999,1,5,2,5,0,Pass,8.368208,1.0,1.0,1.0,1.0,Favourable,0.8746096,0.897767398252352,0.9321931647009782,93.21931647009782,C1=NC2(N=C1)c1cc(-c3ccccc3)ccc1CC21CCCCC1,0.4,31,2,2,5,1.0,High Suitability,0.6000000000000001,1.0,0.92,Favourable,0.9030352921485901,90.30352921485901,20
CO[C@H]1CC[C@]2(CC1)Cc1ccc(-c3cc(F)cc(C#N)c3)cc1[C@@]21N=C(C)C(N)=N1,CHEMBL4106794,6.20,nM,636.0,nM,636.0,6.196542884351587,Moderately Active,True,416.5000000000002,4.480380000000004,83.75999999999999,1,5,2,5,0,Pass,8.368208,1.0,1.0,1.0,1.0,Favourable,0.8746096,0.897767398252352,0.9321931647009782,93.21931647009782,C1=NC2(N=C1)c1cc(-c3ccccc3)ccc1CC21CCCCC1,0.4,31,2,2,5,1.0,High Suitability,0.6000000000000001,1.0,0.92,Favourable,0.9030352921485901,90.30352921485901,21
CC1(c2cc(NC(=O)c3ccc(Br)cn3)ccc2F)COCC(N)=N1,CHEMBL3653393,8.52,nM,3.0,uM,0.003,8.522878745280337,Highly Active,True,407.24300000000017,2.8381000000000007,89.6,2,5,3,3,0,Pass,8.207193,1.0,1.0,1.0,1.0,Favourable,0.8480954,0.897767398252352,0.9189360784239702,91.89360784239702,O=C(Nc1cccc(C2COCC=N2)c1)c1ccccn1,0.23529411764705882,25,2,3,6,1.0,High Suitability,0.8,1.0,0.9600000000000001,Favourable,0.9024524793624878,90.24524793624879,22
CO[C@H]1CC[C@]2(CC1)Cc1ccc(-c3cc(C#N)ccc3F)cc1[C@@]21N=C(C)C(N)=N1,CHEMBL3894452,8.48,nM,3.3,nM,3.3,8.481486060122112,Highly Active,True,416.50000000000017,4.480380000000004,83.75999999999999,1,5,2,5,0,Pass,8.343593,1.0,1.0,1.0,1.0,Favourable,0.87055624,0.897767398252352,0.9301664875693254,93.01664875693254,C1=NC2(N=C1)c1cc(-c3ccccc3)ccc1CC21CCCCC1,0.4,31,2,2,5,1.0,High Suitability,0.6000000000000001,1.0,0.92,Favourable,0.9008059294223786,90.08059294223786,23
CO[C@H]1CC[C@]2(CC1)Cc1ccc(C#CC3CCC3)cc1C21N=C(C)C(N)=N1,CHEMBL3946842,7.66,nM,22.0,nM,22.0,7.657577319177793,Highly Active,True,375.51600000000013,3.954200000000003,59.97,1,4,1,5,0,Pass,8.17499,1.0,1.0,1.0,1.0,Favourable,0.8427925,0.897767398252352,0.9162846254057817,91.62846254057817,C(#CC1CCC1)c1ccc2c(c1)C1(N=CC=N1)C1(CCCCC1)C2,0.5833333333333334,28,1,2,4,1.0,High Suitability,0.8,1.0,0.9600000000000001,Favourable,0.8995359048843384,89.95359048843385,24
CO[C@H]1CC[C@]2(CC1)Cc1ccc(C#CC3CCC3)cc1[C@]21N=C(C)C(N)=N1,CHEMBL4112651,8.70,nM,2.0,nM,2.0,8.698970004336019,Highly Active,True,375.51600000000013,3.954200000000003,59.97,1,4,1,5,0,Pass,8.17499,1.0,1.0,1.0,1.0,Favourable,0.8427925,0.897767398252352,0.9162846254057817,91.62846254057817,C(#CC1CCC1)c1ccc2c(c1)C1(N=CC=N1)C1(CCCCC1)C2,0.5833333333333334,28,1,2,4,1.0,High Suitability,0.8,1.0,0.9600000000000001,Favourable,0.8995359048843384,89.95359048843385,25
CO[C@H]1CC[C@]2(CC1)Cc1ccc(C#CC3CCC3)cc1[C@@]21N=C(C)C(N)=N1,CHEMBL3891777,8.68,nM,2.1,nM,2.1,8.67778070526608,Highly Active,True,375.51600000000013,3.954200000000003,59.97,1,4,1,5,0,Pass,8.17499,1.0,1.0,1.0,1.0,Favourable,0.8427925,0.897767398252352,0.9162846254057817,91.62846254057817,C(#CC1CCC1)c1ccc2c(c1)C1(N=CC=N1)C1(CCCCC1)C2,0.5833333333333334,28,1,2,4,1.0,High Suitability,0.8,1.0,0.9600000000000001,Favourable,0.8995359048843384,89.95359048843385,26
CO[C@H]1CC[C@]2(CC1)Cc1ccc(-c3cncc(C(F)(F)F)c3)cc1[C@@]21N=C(C)C(N)=N1,CHEMBL3939410,8.68,nM,2.1,nM,2.1,8.67778070526608,Highly Active,True,442.4850000000002,4.883400000000004,72.86,1,5,2,5,0,Pass,8.315656,1.0,1.0,1.0,1.0,Favourable,0.8659558,0.897767398252352,0.9278662847227983,92.78662847227983,C1=NC2(N=C1)c1cc(-c3cccnc3)ccc1CC21CCCCC1,0.4583333333333333,32,2,2,5,1.0,High Suitability,0.6000000000000001,1.0,0.92,Favourable,0.8982757122516632,89.82757122516632,27
CO[C@H]1CC[C@]2(CC1)Cc1ccc(OCC3CC3(F)F)cc1C21N=C(C)C(N)=N1,CHEMBL3905816,8.64,nM,2.3,nM,2.3,8.638272163982407,Highly Active,True,403.4730000000001,3.8366000000000025,69.2,1,5,4,5,0,Pass,8.295336,1.0,1.0,1.0,1.0,Favourable,0.86260986,0.897767398252352,0.9261933015532426,92.61933015532426,C1=NC2(N=C1)c1cc(OCC3CC3)ccc1CC21CCCCC1,0.6363636363636364,29,1,2,5,1.0,High Suitability,0.6000000000000001,1.0,0.92,Favourable,0.8964354486465455,89.64354486465454,28
CO[C@H]1CC[C@]2(CC1)Cc1ccc(C#CC3CC3)cc1C21N=C(C)C(N)=N1,CHEMBL2152916,8.32,nM,4.8,nM,4.8,8.318758762624412,Highly Active,True,361.48900000000015,3.5641000000000025,59.97,1,4,1,5,0,Pass,8.129768,1.0,1.0,1.0,1.0,Favourable,0.835346,0.897767398252352,0.9125613616652422,91.25613616652421,C(#CC1CC1)c1ccc2c(c1)C1(N=CC=N1)C1(CCCCC1)C2,0.5652173913043478,27,1,2,4,1.0,High Suitability,0.8,1.0,0.9600000000000001,Favourable,0.895440290927887,89.5440290927887,29
CO[C@H]1CC[C@]2(CC1)Cc1ccc(-c3cc(F)cc(F)c3)cc1[C@@]21N=C(C)C(N)=N1,CHEMBL3953357,8.55,nM,2.8,nM,2.8,8.55284196865778,Highly Active,True,409.4800000000002,4.747800000000005,59.97,1,4,2,5,0,Pass,8.267496,1.0,1.0,1.0,1.0,Favourable,0.85802543,0.897767398252352,0.9239010857291154,92.39010857291154,C1=NC2(N=C1)c1cc(-c3ccccc3)ccc1CC21CCCCC1,0.4166666666666667,30,2,2,4,1.0,High Suitability,0.6000000000000001,1.0,0.92,Favourable,0.8939139933586121,89.39139933586121,30
CO[C@H]1CC[C@]2(CC1)Cc1ccc(-c3ccc(F)c(C#N)c3)cc1C21N=C(C)C(N)=N1,CHEMBL3928450,8.15,nM,7.1,nM,7.1,8.148741651280925,Highly Active,True,416.5000000000002,4.480380000000004,83.75999999999999,1,5,2,5,0,Pass,8.26712,1.0,1.0,1.0,1.0,Favourable,0.85796356,0.897767398252352,0.923870150918477,92.3870150918477,C1=NC2(N=C1)c1cc(-c3ccccc3)ccc1CC21CCCCC1,0.4,31,2,2,5,1.0,High Suitability,0.6000000000000001,1.0,0.92,Favourable,0.8938799591064454,89.38799591064453,31
C[C@@]1(c2cc(NC(=O)c3cnc(C(F)F)cn3)ccc2F)Cn2nc(C#N)cc2C(N)=N1,CHEMBL5077699,8.60,nM,2.5,nM,2.5,8.602059991327963,Highly Active,True,440.3890000000002,2.5080799999999996,134.87,2,7,4,4,0,Pass,8.601441,1.0,0.7,1.0,0.9099999999999999,Favourable,0.91301596,0.897767398252352,0.9243963507361344,92.43963507361343,O=C(Nc1cccc(C2Cn3nccc3C=N2)c1)c1cnccn1,0.2,32,3,3,9,0.65,Moderate Suitability,0.8,1.0,0.8300000000000001,Favourable,0.8926587610244751,89.2658761024475,32
COC1CCC2(CC1)Oc1ccc(-c3cncc(Cl)c3)cc1C21N=C(C)C(N)=N1,CHEMBL3653698,8.28,nM,5.2,nM,5.2,8.2839966563652,Highly Active,True,410.9050000000002,4.106700000000004,82.09,1,6,2,5,0,Pass,8.244521,1.0,1.0,1.0,1.0,Favourable,0.8542422,0.897767398252352,0.9220094727225236,92.20094727225236,C1=NC2(N=C1)c1cc(-c3cccnc3)ccc1OC21CCCCC1,0.4090909090909091,29,2,2,6,1.0,High Suitability,0.6000000000000001,1.0,0.92,Favourable,0.8918332250118256,89.18332250118256,33
CO[C@H]1CC[C@]2(CC1)Cc1ccc(C#CC(C)(C)C)cc1C21N=C(C)C(N)=N1,CHEMBL3951608,7.82,nM,15.0,nM,15.0,7.823908740944319,Highly Active,True,377.53200000000015,4.200200000000003,59.97,1,4,1,4,0,Pass,8.079774,1.0,1.0,1.0,1.0,Favourable,0.8271134,0.897767398252352,0.9084450648970537,90.84450648970537,C1=NC2(N=C1)c1ccccc1CC21CCCCC1,0.5833333333333334,28,1,2,4,1.0,High Suitability,0.8,1.0,0.9600000000000001,Favourable,0.8909123644828797,89.09123644828797,34
CCc1cc(C#N)cc(-c2ccc3c(c2)C2(N=C(C)C(N)=N2)[C@]2(CC[C@H](OC)CC2)C3)c1,CHEMBL3657419,8.28,nM,5.3,nM,5.3,8.275724130399212,Highly Active,True,426.5640000000003,4.903680000000004,83.76,1,5,3,5,0,Pass,8.231195,1.0,1.0,1.0,1.0,Favourable,0.8520479,0.897767398252352,0.920912330026143,92.0912330026143,C1=NC2(N=C1)c1cc(-c3ccccc3)ccc1CC21CCCCC1,0.4444444444444444,32,2,2,5,1.0,High Suitability,0.6000000000000001,1.0,0.92,Favourable,0.8906263799667359,89.06263799667359,35
CO[C@H]1CC[C@]2(CC1)Cc1ccc(C#CC(C)C)cc1[C@@]21N=C(C)C(N)=N1,CHEMBL3893021,8.80,nM,1.6,nM,1.6,8.795880017344075,Highly Active,True,363.50500000000017,3.810100000000003,59.97,1,4,1,4,0,Pass,8.064948,1.0,1.0,1.0,1.0,Favourable,0.8246721,0.897767398252352,0.9072244213766985,90.72244213766984,C1=NC2(N=C1)c1ccccc1CC21CCCCC1,0.5652173913043478,27,1,2,4,1.0,High Suitability,0.8,1.0,0.9600000000000001,Favourable,0.8895696804523469,88.95696804523469,36
CO[C@H]1CC[C@]2(CC1)Cc1ccc(C#CC(C)C)cc1C21N=C(C)C(N)=N1,CHEMBL3945110,6.17,nM,678.0,nM,678.0,6.168770306132936,Moderately Active,True,363.50500000000017,3.810100000000003,59.97,1,4,1,4,0,Pass,8.064948,1.0,1.0,1.0,1.0,Favourable,0.8246721,0.897767398252352,0.9072244213766985,90.72244213766984,C1=NC2(N=C1)c1ccccc1CC21CCCCC1,0.5652173913043478,27,1,2,4,1.0,High Suitability,0.8,1.0,0.9600000000000001,Favourable,0.8895696804523469,88.95696804523469,37
CO[C@H]1CC[C@]2(CC1)Cc1ccc(C#CC(C)C)cc1[C@]21N=C(C)C(N)=N1,CHEMBL4110988,9.15,nM,0.7,nM,0.7,9.154901959985743,Highly Active,True,363.50500000000017,3.810100000000003,59.97,1,4,1,4,0,Pass,8.064948,1.0,1.0,1.0,1.0,Favourable,0.8246721,0.897767398252352,0.9072244213766985,90.72244213766984,C1=NC2(N=C1)c1ccccc1CC21CCCCC1,0.5652173913043478,27,1,2,4,1.0,High Suitability,0.8,1.0,0.9600000000000001,Favourable,0.8895696804523469,88.95696804523469,38
CO[C@H]1CC[C@]2(CC1)Cc1ccc(OCC(C)C)cc1C21N=C(C)C(N)=N1,CHEMBL2152917,7.70,nM,20.0,nM,20.0,7.698970004336019,Highly Active,True,369.5090000000001,3.8374000000000024,69.2,1,5,4,4,0,Pass,8.045054,1.0,1.0,1.0,1.0,Favourable,0.82139623,0.897767398252352,0.9055864857382707,90.55864857382707,C1=NC2(N=C1)c1ccccc1CC21CCCCC1,0.6363636363636364,27,1,2,5,1.0,High Suitability,0.8,1.0,0.9600000000000001,Favourable,0.8877679512500763,88.77679512500764,39
COc1cccc(-c2ccc3c(c2)[C@@]2(N=C(C)C(N)=N2)[C@]2(CC[C@H](OC)CC2)C3)c1F,CHEMBL3916726,8.48,nM,3.3,nM,3.3,8.481486060122112,Highly Active,True,421.51600000000025,4.617300000000003,69.2,1,5,3,5,0,Pass,8.186462,1.0,1.0,1.0,1.0,Favourable,0.84468174,0.897767398252352,0.9172292398161821,91.72292398161821,C1=NC2(N=C1)c1cc(-c3ccccc3)ccc1CC21CCCCC1,0.44,31,2,2,5,1.0,High Suitability,0.6000000000000001,1.0,0.92,Favourable,0.8865749628543854,88.65749628543854,40
C[C@@]1(c2cc(NC(=O)c3ccc(F)cn3)ccc2F)Cn2nc(C#N)cc2C(N)=N1,CHEMBL5085412,8.59,nM,2.6,nM,2.6,8.585026652029182,Highly Active,True,407.3840000000002,2.3145799999999994,121.97999999999999,2,6,3,4,0,Pass,8.529454,1.0,0.7,1.0,0.9099999999999999,Favourable,0.9011619,0.897767398252352,0.9184693244643143,91.84693244643142,O=C(Nc1cccc(C2Cn3nccc3C=N2)c1)c1ccccn1,0.15,30,3,3,8,0.65,Moderate Suitability,0.8,1.0,0.8300000000000001,Favourable,0.8861390559673309,88.61390559673309,41
CO[C@H]1CC[C@]2(CC1)Cc1ccc(-c3cncc(C)c3)cc1[C@@]21N=C(C)C(N)=N1,CHEMBL3972463,7.68,nM,21.0,nM,21.0,7.6777807052660805,Highly Active,True,388.51500000000016,4.173020000000003,72.86,1,5,2,5,0,Pass,8.008619,1.0,1.0,1.0,1.0,Favourable,0.8153964,0.897767398252352,0.9025865839667253,90.25865839667253,C1=NC2(N=C1)c1cc(-c3cccnc3)ccc1CC21CCCCC1,0.4583333333333333,29,2,2,5,1.0,High Suitability,0.8,1.0,0.9600000000000001,Favourable,0.8844680593013764,88.44680593013764,42
CC#Cc1cc(-c2ccc3c(c2)C2(N=C(C)C(N)=N2)[C@]2(CC[C@H](OC)CC2)C3)ccn1,CHEMBL3939422,8.31,nM,4.9,nM,4.9,8.309803919971486,Highly Active,True,412.53700000000026,4.236000000000003,72.86,1,5,2,5,0,Pass,8.145035,1.0,1.0,1.0,1.0,Favourable,0.83785987,0.897767398252352,0.9138183044142656,91.38183044142656,C1=NC2(N=C1)c1cc(-c3ccncc3)ccc1CC21CCCCC1,0.4230769230769231,31,2,2,5,1.0,High Suitability,0.6000000000000001,1.0,0.92,Favourable,0.8828229398727417,88.28229398727417,43
CO[C@H]1CC[C@]2(CC1)Cc1ccc(-c3cncc(Br)c3)cc1C21N=C(C)C(N)=N1,CHEMBL2152918,8.80,nM,1.6,nM,1.6,8.795880017344075,Highly Active,True,453.3840000000002,4.627100000000004,72.86,1,5,2,5,0,Pass,8.529214,1.0,0.75,1.0,0.925,Favourable,0.90112233,0.897767398252352,0.922949535722249,92.2949535722249,C1=NC2(N=C1)c1cc(-c3cccnc3)ccc1CC21CCCCC1,0.43478260869565216,29,2,2,5,0.75,High Suitability,0.6000000000000001,1.0,0.8200000000000001,Favourable,0.8826173002719878,88.26173002719878,44
COc1cc(-c2ccc3c(c2)[C@@]2(N=C(C)C(N)=N2)[C@]2(CC[C@H](OC)CC2)C3)cc(C#N)c1F,CHEMBL3929159,8.66,nM,2.2,nM,2.2,8.657577319177793,Highly Active,True,446.5260000000003,4.488980000000003,92.99000000000001,1,6,3,5,0,Pass,8.643319,1.0,0.7,1.0,0.9099999999999999,Favourable,0.919912,0.897767398252352,0.9278443602271012,92.78443602271011,C1=NC2(N=C1)c1cc(-c3ccccc3)ccc1CC21CCCCC1,0.4230769230769231,33,2,2,6,0.65,Moderate Suitability,0.6000000000000001,1.0,0.79,Moderate,0.8824515833854675,88.24515833854674,45
COc1cc(C#N)cc(-c2ccc3c(c2)C2(N=C(C)C(N)=N2)[C@]2(CC[C@H](OC(F)F)CC2)C3)c1,CHEMBL5758008,9.00,nM,1.0,nM,1.0,9.0,Highly Active,True,464.5160000000003,4.942680000000004,92.99,1,6,4,5,0,Pass,9.019166,1.0,0.44999999999999996,1.0,0.835,Favourable,0.98180234,0.897767398252352,0.9362895420737198,93.62895420737199,C1=NC2(N=C1)c1cc(-c3ccccc3)ccc1CC21CCCCC1,0.4230769230769231,34,2,2,6,0.4,Low Suitability,0.6000000000000001,1.0,0.6900000000000001,Moderate,0.8814913191795349,88.1491319179535,46
Cc1nc(C(=O)Nc2ccc(F)c([C@]3(C)Cn4nc(C#N)cc4C(N)=N3)c2)co1,CHEMBL5093195,8.32,nM,4.8,nM,4.8,8.318758762624412,Highly Active,True,393.3820000000001,2.0769,135.12,2,7,3,4,0,Pass,8.317544,1.0,0.7,1.0,0.9099999999999999,Favourable,0.86626685,0.897767398252352,0.9010217932410172,90.10217932410171,O=C(Nc1cccc(C2Cn3nccc3C=N2)c1)c1cocn1,0.21052631578947367,29,3,3,9,0.65,Moderate Suitability,1.0,1.0,0.8700000000000001,Favourable,0.8809467775821685,88.09467775821686,47
Cn1ccc2cc(-c3nc4ccc(F)nc4o3)cnc21,CHEMBL2203385,7.98,nM,10.5,nM,10.5,7.978810700930062,Highly Active,True,268.25100000000003,2.9156000000000013,56.74,0,4,1,4,0,Pass,7.8046613,1.0,1.0,1.0,1.0,Favourable,0.7818109,0.897767398252352,0.8857938097662859,88.57938097662858,c1cnc2oc(-c3cnc4[nH]ccc4c3)nc2c1,0.07142857142857142,20,4,0,5,1.0,High Suitability,1.0,1.0,1.0,Favourable,0.879995983839035,87.9995983839035,48
C[C@@]1(c2cccc(NC(=O)c3ccc(Br)cn3)c2)COCC(N)=N1,CHEMBL3653341,7.77,nM,17.0,uM,0.017,7.769551078621726,Highly Active,True,389.25300000000016,2.699,89.6,2,5,3,3,0,Pass,7.794134,1.0,1.0,1.0,1.0,Favourable,0.78007734,0.897767398252352,0.8849270390219621,88.49270390219621,O=C(Nc1cccc(C2COCC=N2)c1)c1ccccn1,0.23529411764705882,24,2,3,6,1.0,High Suitability,1.0,1.0,1.0,Favourable,0.8790425479412078,87.90425479412079,49
CC#Cc1cncc(-c2ccc3c(c2)C2(N=C(C)C(N)=N2)C2(CCC(F)(F)CC2)C3)c1,CHEMBL3653695,8.14,nM,7.3,nM,7.3,8.136677139879545,Highly Active,True,418.4910000000002,4.856300000000004,63.629999999999995,1,4,1,5,0,Pass,8.081519,1.0,1.0,1.0,1.0,Favourable,0.8274008,0.897767398252352,0.9085887716956071,90.85887716956071,C1=NC2(N=C1)c1cc(-c3cccnc3)ccc1CC21CCCCC1,0.4,31,2,2,4,1.0,High Suitability,0.6000000000000001,1.0,0.92,Favourable,0.8770704658031464,87.70704658031464,50
CO[C@H]1CC[C@]2(CC1)Cc1cc(F)c(-c3cc(F)cc(C#N)c3)cc1[C@@]21N=C(C)C(N)=N1,CHEMBL3916194,8.13,nM,7.4,nM,7.4,8.130768280269024,Highly Active,True,434.4900000000002,4.619480000000006,83.75999999999999,1,5,2,5,0,Pass,8.043526,1.0,1.0,1.0,1.0,Favourable,0.82114446,0.897767398252352,0.9054606007285051,90.54606007285051,C1=NC2(N=C1)c1cc(-c3ccccc3)ccc1CC21CCCCC1,0.4,32,2,2,5,1.0,High Suitability,0.6000000000000001,1.0,0.92,Favourable,0.8736294598579407,87.36294598579407,51
CO[C@H]1CC[C@]2(CC1)Cc1cc(F)c(-c3cc(F)cc(C#N)c3)cc1C21N=C(C)C(N)=N1,CHEMBL3943188,8.32,nM,4.8,nM,4.8,8.318758762624412,Highly Active,True,434.4900000000002,4.619480000000006,83.75999999999999,1,5,2,5,0,Pass,8.043526,1.0,1.0,1.0,1.0,Favourable,0.82114446,0.897767398252352,0.9054606007285051,90.54606007285051,C1=NC2(N=C1)c1cc(-c3ccccc3)ccc1CC21CCCCC1,0.4,32,2,2,5,1.0,High Suitability,0.6000000000000001,1.0,0.92,Favourable,0.8736294598579407,87.36294598579407,52
CO[C@H]1CC[C@]2(CC1)Cc1ccc(OCCCF)cc1C21N=C(C)C(N)=N1,CHEMBL3945121,7.60,nM,25.0,nM,25.0,7.6020599913279625,Highly Active,True,373.4720000000001,3.5410000000000013,69.2,1,5,5,4,0,Pass,7.872471,1.0,1.0,1.0,1.0,Favourable,0.792977,0.897767398252352,0.8913768576331071,89.13768576331071,C1=NC2(N=C1)c1ccccc1CC21CCCCC1,0.6190476190476191,27,1,2,5,1.0,High Suitability,0.8,1.0,0.9600000000000001,Favourable,0.8721373484134675,87.21373484134675,53
CO[C@H]1CC[C@]2(CC1)Cc1ccc(-c3cnc(C)c(Cl)c3)cc1C21N=C(C)C(N)=N1,CHEMBL3980368,7.92,nM,12.0,nM,12.0,7.920818753952375,Highly Active,True,422.9600000000002,4.826420000000004,72.86,1,5,2,5,0,Pass,8.026586,1.0,1.0,1.0,1.0,Favourable,0.81835496,0.897767398252352,0.904065852040761,90.4065852040761,C1=NC2(N=C1)c1cc(-c3cccnc3)ccc1CC21CCCCC1,0.4583333333333333,30,2,2,5,1.0,High Suitability,0.6000000000000001,1.0,0.92,Favourable,0.8720952363014222,87.20952363014221,54
CO[C@H]1CC[C@]2(CC1)Cc1ccc(-c3cnc(C)c(Cl)c3)cc1[C@@]21N=C(C)C(N)=N1,CHEMBL3902314,8.23,nM,5.9,nM,5.9,8.229147988357855,Highly Active,True,422.9600000000002,4.826420000000004,72.86,1,5,2,5,0,Pass,8.026586,1.0,1.0,1.0,1.0,Favourable,0.81835496,0.897767398252352,0.904065852040761,90.4065852040761,C1=NC2(N=C1)c1cc(-c3cccnc3)ccc1CC21CCCCC1,0.4583333333333333,30,2,2,5,1.0,High Suitability,0.6000000000000001,1.0,0.92,Favourable,0.8720952363014222,87.20952363014221,55
CO[C@H]1CC[C@]2(CC1)Cc1ccc(-c3ccccc3)cc1[C@@]21N=C(C)C(N)=N1,CHEMBL3928162,7.89,nM,13.0,nM,13.0,7.886056647693163,Highly Active,True,373.50000000000017,4.469600000000003,59.97,1,4,2,5,0,Pass,7.860894,1.0,1.0,1.0,1.0,Favourable,0.7910707,0.897767398252352,0.8904237197585039,89.04237197585039,C1=NC2(N=C1)c1cc(-c3ccccc3)ccc1CC21CCCCC1,0.4166666666666667,28,2,2,4,1.0,High Suitability,0.8,1.0,0.9600000000000001,Favourable,0.8710889027118683,87.10889027118684,56
COc1cc(/C=c2\sc3nc(-c4cccc(Cl)c4)cn3c2=O)cc(OC)c1O,CHEMBL3286988,8.22,nM,6.0,nM,6.0,8.221848749616356,Highly Active,True,414.8700000000002,3.346900000000003,73.06,1,6,4,4,0,Pass,7.9734163,1.0,1.0,1.0,1.0,Favourable,0.80959964,0.897767398252352,0.8996881889052324,89.96881889052324,O=c1c(=Cc2ccccc2)sc2nc(-c3ccccc3)cn12,0.1,28,4,1,6,1.0,High Suitability,0.6000000000000001,1.0,0.92,Favourable,0.8672798068523407,86.72798068523407,57
CC1=NC2(CC(C3CCOC(C)(C)C3)Oc3ccc(Br)cc32)N=C1N,CHEMBL3653707,8.00,nM,10.0,nM,10.0,8.0,Highly Active,True,406.32400000000007,3.789900000000002,69.2,1,5,1,4,0,Pass,7.967956,1.0,1.0,1.0,1.0,Favourable,0.80870044,0.897767398252352,0.8992385910696916,89.92385910696916,C1=NC2(CC(C3CCOCC3)Oc3ccccc32)N=C1,0.5789473684210527,25,1,2,5,1.0,High Suitability,0.6000000000000001,1.0,0.92,Favourable,0.8667852671146393,86.67852671146393,58
COC1CCC2(CC1)Oc1ccc(-c3cccc(Cl)c3)cc1C21N=C(C)C(N)=N1,CHEMBL3653697,8.28,nM,5.3,nM,5.3,8.275724130399212,Highly Active,True,409.9170000000002,4.711700000000005,69.2,1,5,2,5,0,Pass,7.965511,1.0,1.0,1.0,1.0,Favourable,0.8082979,0.897767398252352,0.8990373061842851,89.90373061842851,C1=NC2(N=C1)c1cc(-c3ccccc3)ccc1OC21CCCCC1,0.391304347826087,29,2,2,5,1.0,High Suitability,0.6000000000000001,1.0,0.92,Favourable,0.8665638358592987,86.65638358592987,59
CC[C@@H](C)Oc1ccc2c(c1)C1(N=C(C)C(N)=N1)[C@]1(CC[C@H](OC)CC1)C2,CHEMBL3672702,7.80,nM,16.0,nM,16.0,7.795880017344075,Highly Active,True,369.50900000000024,3.9799000000000024,69.2,1,5,4,4,0,Pass,7.7993827,1.0,1.0,1.0,1.0,Favourable,0.7809416,0.897767398252352,0.8853591726965837,88.53591726965837,C1=NC2(N=C1)c1ccccc1CC21CCCCC1,0.6363636363636364,27,1,2,5,1.0,High Suitability,0.8,1.0,0.9600000000000001,Favourable,0.8655178949832917,86.55178949832917,60
C[C@@]1(c2cc(NC(=O)c3ccc(C#N)cn3)ccc2F)Cn2nc(C#N)cc2C(N)=N1,CHEMBL5084378,9.00,nM,1.0,nM,1.0,9.0,Highly Active,True,414.4040000000002,2.0471600000000003,145.77000000000004,2,7,3,4,0,Pass,8.751968,0.65,0.7,1.0,0.77,Moderate,0.93780315,0.897767398252352,0.8947899445242814,89.47899445242814,O=C(Nc1cccc(C2Cn3nccc3C=N2)c1)c1ccccn1,0.14285714285714285,31,3,3,9,0.65,Moderate Suitability,0.8,0.8,0.7125,Moderate,0.8651667141914368,86.51667141914368,61
CC1=NC2(N=C1N)c1cc(-c3cc(Cl)cc(C#N)c3)ccc1CCC21CC1,CHEMBL3672729,7.80,nM,16.0,nM,16.0,7.795880017344075,Highly Active,True,374.8750000000002,4.589580000000003,74.53,1,4,1,5,0,Pass,7.7917194,1.0,1.0,1.0,1.0,Favourable,0.7796798,0.897767398252352,0.8847282575316362,88.47282575316362,C1=NC2(N=C1)c1cc(-c3ccccc3)ccc1CCC21CC1,0.3181818181818182,27,2,2,4,1.0,High Suitability,0.8,1.0,0.9600000000000001,Favourable,0.8648238883018494,86.48238883018495,62
CC#Cc1cncc(-c2ccc3c(c2)C2(N=C(C)C(N)=N2)[C@]2(CC[C@H](OCC)CC2)C3)c1,CHEMBL3987125,7.66,nM,22.0,nM,22.0,7.657577319177793,Highly Active,True,426.5640000000003,4.626100000000004,72.86,1,5,3,5,0,Pass,7.9206505,1.0,1.0,1.0,1.0,Favourable,0.8009107,0.897767398252352,0.8953437255568437,89.53437255568437,C1=NC2(N=C1)c1cc(-c3cccnc3)ccc1CC21CCCCC1,0.4444444444444444,32,2,2,5,1.0,High Suitability,0.6000000000000001,1.0,0.92,Favourable,0.8625009150505066,86.25009150505066,63
CO[C@H]1CC[C@]2(CC1)Cc1ccc(-c3cccc(F)c3F)cc1[C@@]21N=C(C)C(N)=N1,CHEMBL3897786,7.70,nM,19.8,nM,19.8,7.703334809738469,Highly Active,True,409.4800000000002,4.747800000000004,59.97,1,4,2,5,0,Pass,7.9196124,1.0,1.0,1.0,1.0,Favourable,0.80073977,0.897767398252352,0.8952582524962358,89.52582524962358,C1=NC2(N=C1)c1cc(-c3ccccc3)ccc1CC21CCCCC1,0.4166666666666667,30,2,2,4,1.0,High Suitability,0.6000000000000001,1.0,0.92,Favourable,0.8624068887233735,86.24068887233734,64
CO[C@H]1CC[C@]2(CCc3ccc(-c4cncc(Cl)c4)cc3C23N=C(C)C(N)=N3)CC1,CHEMBL3672726,7.72,nM,19.0,nM,19.0,7.721246399047171,Highly Active,True,422.9600000000003,4.908100000000005,72.86,1,5,2,5,0,Pass,7.917796,1.0,1.0,1.0,1.0,Favourable,0.80044067,0.897767398252352,0.8951087044424944,89.51087044424943,C1=NC2(N=C1)c1cc(-c3cccnc3)ccc1CCC21CCCCC1,0.4583333333333333,30,2,2,5,1.0,High Suitability,0.6000000000000001,1.0,0.92,Favourable,0.8622423799037934,86.22423799037934,65
CO[C@H]1CC[C@@]2(CCc3ccc(-c4cncc(Cl)c4)cc3C23N=C(C)C(N)=N3)CC1,CHEMBL3672725,8.60,nM,2.5,nM,2.5,8.602059991327963,Highly Active,True,422.9600000000003,4.908100000000005,72.86,1,5,2,5,0,Pass,7.917796,1.0,1.0,1.0,1.0,Favourable,0.80044067,0.897767398252352,0.8951087044424944,89.51087044424943,C1=NC2(N=C1)c1cc(-c3cccnc3)ccc1CCC21CCCCC1,0.4583333333333333,30,2,2,5,1.0,High Suitability,0.6000000000000001,1.0,0.92,Favourable,0.8622423799037934,86.22423799037934,66
C[C@@]1(c2cc(NC(=O)c3cnc(OCF)cn3)ccc2F)Cn2nc(C#N)cc2C(N)=N1,CHEMBL5082406,8.92,nM,1.2,nM,1.2,8.920818753952375,Highly Active,True,438.3980000000002,1.8762800000000002,144.10000000000002,2,8,5,4,0,Pass,8.717537,0.65,0.7,1.0,0.77,Moderate,0.9321333,0.897767398252352,0.8919550284094743,89.19550284094743,O=C(Nc1cccc(C2Cn3nccc3C=N2)c1)c1cnccn1,0.2,32,3,3,10,0.65,Moderate Suitability,0.8,0.8,0.7125,Moderate,0.8620483183860779,86.20483183860779,67
CC1=NC2(N=C1N)c1cc(-c3cc(Cl)cc(C#N)c3)ccc1CC21CC1,CHEMBL3653730,7.00,nM,101.0,nM,101.0,6.995678626217357,Moderately Active,True,360.8480000000002,4.199480000000003,74.53,1,4,1,5,0,Pass,7.7584677,1.0,1.0,1.0,1.0,Favourable,0.77420425,0.897767398252352,0.881990496987813,88.1990496987813,C1=NC2(N=C1)c1cc(-c3ccccc3)ccc1CC21CC1,0.2857142857142857,26,2,2,4,1.0,High Suitability,0.8,1.0,0.9600000000000001,Favourable,0.8618123636245728,86.18123636245728,68
CC1=NC2(N=C1N)c1cc(-c3cncc(Cl)c3)ccc1CCC21CC1,CHEMBL3672720,7.96,nM,11.0,nM,11.0,7.958607314841775,Highly Active,True,350.85300000000024,4.112900000000002,63.629999999999995,1,4,1,5,0,Pass,7.757476,1.0,1.0,1.0,1.0,Favourable,0.77404094,0.897767398252352,0.8819088386244707,88.19088386244707,C1=NC2(N=C1)c1cc(-c3cccnc3)ccc1CCC21CC1,0.35,25,2,2,4,1.0,High Suitability,0.8,1.0,0.9600000000000001,Favourable,0.8617225394248963,86.17225394248963,69
C[C@@]1(c2cccc(NC(=O)c3ccc(Br)cn3)c2)CCSC(N)=N1,CHEMBL5093426,8.40,nM,4.0,uM,0.004,8.397940008672037,Highly Active,True,405.32100000000014,3.763200000000002,80.37,2,5,3,3,0,Pass,7.9101143,1.0,1.0,1.0,1.0,Favourable,0.79917574,0.897767398252352,0.8944762395567827,89.44762395567827,O=C(Nc1cccc(C2CCSC=N2)c1)c1ccccn1,0.23529411764705882,24,2,3,5,1.0,High Suitability,0.6000000000000001,1.0,0.92,Favourable,0.861546674489975,86.1546674489975,70
CO[C@H]1CC[C@]2(CC1)Cc1ccc(-c3cc(F)ccc3F)cc1[C@@]21N=C(C)C(N)=N1,CHEMBL3903281,8.41,nM,3.9,nM,3.9,8.4089353929735,Highly Active,True,409.4800000000002,4.747800000000004,59.97,1,4,2,5,0,Pass,7.901668,1.0,1.0,1.0,1.0,Favourable,0.7977849,0.897767398252352,0.8937808321661882,89.37808321661882,C1=NC2(N=C1)c1cc(-c3ccccc3)ccc1CC21CCCCC1,0.4166666666666667,30,2,2,4,1.0,High Suitability,0.6000000000000001,1.0,0.92,Favourable,0.8607817084789277,86.07817084789276,71
CO[C@H]1CC[C@]2(CC1)Cc1ccc(-c3cncc(C(F)F)c3)cc1C21N=C(C)C(N)=N1,CHEMBL3952823,7.57,nM,27.0,nM,27.0,7.568636235841012,Highly Active,True,424.4950000000002,4.8022000000000045,72.86,1,5,3,5,0,Pass,7.8919578,1.0,1.0,1.0,1.0,Favourable,0.79618585,0.897767398252352,0.8929812954611711,89.29812954611711,C1=NC2(N=C1)c1cc(-c3cccnc3)ccc1CC21CCCCC1,0.4583333333333333,31,2,2,5,1.0,High Suitability,0.6000000000000001,1.0,0.92,Favourable,0.8599022419452668,85.99022419452668,72
C[C@@]1(c2cc(NC(=O)c3ccc(Cl)cn3)ccc2F)Cn2c(C#N)cnc2C(N)=N1,CHEMBL5075933,8.44,nM,3.6,nM,3.6,8.443697499232712,Highly Active,True,423.8390000000002,2.82888,121.98,2,6,3,4,0,Pass,8.2161665,1.0,0.7,1.0,0.9099999999999999,Favourable,0.849573,0.897767398252352,0.892674877995961,89.2674877995961,O=C(Nc1cccc(C2Cn3ccnc3C=N2)c1)c1ccccn1,0.15,30,3,3,8,0.65,Moderate Suitability,0.8,1.0,0.8300000000000001,Favourable,0.8577651588916778,85.77651588916778,73
Cc1cc(C#N)cnc1C(=O)Nc1ccc(F)c([C@]2(C)CO[C@@](C)(C(F)(F)F)C(N)=N2)c1,CHEMBL3261067,7.01,nM,98.0,uM,0.098,7.008773924307505,Highly Active,True,449.4080000000002,3.5767000000000015,113.39,2,6,3,3,0,Pass,8.36158,1.0,0.7,1.0,0.9099999999999999,Favourable,0.8735181,0.897767398252352,0.9046474245734146,90.46474245734146,O=C(Nc1cccc(C2COCC=N2)c1)c1ccccn1,0.3333333333333333,32,2,3,7,0.65,Moderate Suitability,0.6000000000000001,1.0,0.79,Moderate,0.8569349839687347,85.69349839687347,74
CC#Cc1cncc(-c2ccc3c(c2)C2(N=C(C)C(N)=N2)[C@]2(CC3)CC[C@H](OC)CC2)c1,CHEMBL3672727,7.09,nM,81.0,nM,81.0,7.0915149811213505,Highly Active,True,426.5640000000003,4.626100000000004,72.86,1,5,2,5,0,Pass,7.836313,1.0,1.0,1.0,1.0,Favourable,0.78702295,0.897767398252352,0.8883998440451555,88.83998440451555,C1=NC2(N=C1)c1cc(-c3cccnc3)ccc1CCC21CCCCC1,0.4444444444444444,32,2,2,5,1.0,High Suitability,0.6000000000000001,1.0,0.92,Favourable,0.8548626394271851,85.48626394271851,75
CC#Cc1cncc(-c2ccc3c(c2)C2(N=C(C)C(N)=N2)[C@]2(CC3)CC[C@@H](OC)CC2)c1,CHEMBL3672728,8.62,nM,2.4,nM,2.4,8.619788758288394,Highly Active,True,426.5640000000003,4.626100000000004,72.86,1,5,2,5,0,Pass,7.836313,1.0,1.0,1.0,1.0,Favourable,0.78702295,0.897767398252352,0.8883998440451555,88.83998440451555,C1=NC2(N=C1)c1cc(-c3cccnc3)ccc1CCC21CCCCC1,0.4444444444444444,32,2,2,5,1.0,High Suitability,0.6000000000000001,1.0,0.92,Favourable,0.8548626394271851,85.48626394271851,76
CN(C)c1ccc(-c2nc3ccc(F)nc3o2)cc1,CHEMBL2203379,8.40,nM,4.0,nM,4.0,8.397940008672037,Highly Active,True,257.268,3.0949000000000018,42.160000000000004,0,4,2,3,0,Pass,7.68023,1.0,1.0,1.0,1.0,Favourable,0.76132095,0.897767398252352,0.8755488442130022,87.55488442130022,c1ccc(-c2nc3cccnc3o2)cc1,0.14285714285714285,19,3,0,4,1.0,High Suitability,0.8,1.0,0.9600000000000001,Favourable,0.854726533651352,85.4726533651352,77
CNc1ccc(-c2cc3cc(C(N)=O)ccc3o2)nc1F,CHEMBL2048314,7.50,nM,32.0,nM,32.0,7.494850021680094,Highly Active,True,285.27799999999996,2.7745000000000006,81.14999999999999,2,4,3,3,0,Pass,7.5144234,1.0,1.0,1.0,1.0,Favourable,0.7340176,0.897767398252352,0.861897175187581,86.1897175187581,c1ccc(-c2cc3ccccc3o2)nc1,0.06666666666666667,21,3,3,5,1.0,High Suitability,1.0,1.0,1.0,Favourable,0.8537096798419952,85.37096798419952,78
COc1cnc(C(=O)Nc2ccc(F)c([C@]3(C)Cn4nc(C#N)cc4C(N)=N3)c2)cn1,CHEMBL5074068,8.89,nM,1.3,nM,1.3,8.886056647693163,Highly Active,True,420.40800000000013,1.5790799999999998,144.09999999999997,2,8,4,4,0,Pass,8.622266,0.65,0.7,1.0,0.77,Moderate,0.91644514,0.897767398252352,0.8841109379477433,88.41109379477433,O=C(Nc1cccc(C2Cn3nccc3C=N2)c1)c1cnccn1,0.2,31,3,3,10,0.65,Moderate Suitability,0.8,0.8,0.7125,Moderate,0.8534198307991028,85.34198307991028,79
CO[C@H]1CC[C@]2(CC1)Cc1ccc(-c3cc(C#N)cc(C#N)c3)cc1C21N=C(C)C(N)=N1,CHEMBL3972170,8.28,nM,5.2,nM,5.2,8.2839966563652,Highly Active,True,423.5200000000002,4.212960000000003,107.54999999999998,1,6,2,5,0,Pass,8.319367,1.0,0.7,1.0,0.9099999999999999,Favourable,0.866567,0.897767398252352,0.9011718777365616,90.11718777365616,C1=NC2(N=C1)c1cc(-c3ccccc3)ccc1CC21CCCCC1,0.38461538461538464,32,2,2,6,0.65,Moderate Suitability,0.6000000000000001,1.0,0.79,Moderate,0.8531118824481964,85.31118824481963,80
C[C@@]1(c2cc(NC(=O)c3ccc(OC(F)F)cn3)ccc2F)Cn2nc(C#N)cc2C(N)=N1,CHEMBL5093303,9.00,nM,1.0,nM,1.0,9.0,Highly Active,True,455.4000000000002,2.7768800000000002,131.20999999999998,2,7,5,4,0,Pass,8.529138,1.0,0.44999999999999996,1.0,0.835,Favourable,0.9011097,0.897767398252352,0.8959432176299027,89.59432176299028,O=C(Nc1cccc(C2Cn3nccc3C=N2)c1)c1ccccn1,0.19047619047619047,33,3,3,9,0.4,Low Suitability,0.8,1.0,0.7300000000000001,Moderate,0.8511103563308716,85.11103563308716,81
CN(C)c1ccc(-c2nc3ccc(F)nc3o2)cn1,CHEMBL2203381,7.38,nM,41.8,nM,41.8,7.3788237182249645,Highly Active,True,258.256,2.4899000000000004,55.050000000000004,0,5,2,3,0,Pass,7.481603,1.0,1.0,1.0,1.0,Favourable,0.72861314,0.897767398252352,0.8591949390120439,85.91949390120439,c1cncc(-c2nc3cccnc3o2)c1,0.15384615384615385,19,3,0,5,1.0,High Suitability,1.0,1.0,1.0,Favourable,0.8507372260093689,85.07372260093689,82
CNc1ccc(-c2nc3ccc(OC)cc3s2)c(F)n1,CHEMBL2048305,7.85,nM,14.0,nM,14.0,7.853871964321762,Highly Active,True,289.33500000000004,3.5477000000000016,47.040000000000006,1,5,3,3,0,Pass,7.633824,1.0,1.0,1.0,1.0,Favourable,0.7536793,0.897767398252352,0.8717280076689653,87.17280076689653,c1cncc(-c2nc3ccccc3s2)c1,0.14285714285714285,20,3,1,4,1.0,High Suitability,0.8,1.0,0.9600000000000001,Favourable,0.8505236015319825,85.05236015319825,83
CO[C@H]1CC[C@]2(CC1)Cc1ccc(OCCC(F)(F)F)cc1C21N=C(C)C(N)=N1,CHEMBL3959097,7.25,nM,56.0,nM,56.0,7.251811972993799,Highly Active,True,409.4520000000001,4.133800000000003,69.2,1,5,4,4,0,Pass,7.7835884,1.0,1.0,1.0,1.0,Favourable,0.7783408,0.897767398252352,0.884058778161519,88.4058778161519,C1=NC2(N=C1)c1ccccc1CC21CCCCC1,0.6190476190476191,29,1,2,5,1.0,High Suitability,0.6000000000000001,1.0,0.92,Favourable,0.8500874729156495,85.00874729156494,84
CO[C@H]1CC[C@]2(CC1)Cc1ccc(OCCC(F)(F)F)cc1[C@@]21N=C(C)C(N)=N1,CHEMBL3898248,9.15,nM,0.7,nM,0.7,9.154901959985743,Highly Active,True,409.4520000000001,4.133800000000003,69.2,1,5,4,4,0,Pass,7.7835884,1.0,1.0,1.0,1.0,Favourable,0.7783408,0.897767398252352,0.884058778161519,88.4058778161519,C1=NC2(N=C1)c1ccccc1CC21CCCCC1,0.6190476190476191,29,1,2,5,1.0,High Suitability,0.6000000000000001,1.0,0.92,Favourable,0.8500874729156495,85.00874729156494,85
COc1cc(/C=c2\sc3nc(-c4ccc(Cl)cc4)cn3c2=O)cc(OC)c1O,CHEMBL3286982,8.15,nM,7.0,nM,7.0,8.154901959985743,Highly Active,True,414.8700000000002,3.346900000000003,73.06,1,6,4,4,0,Pass,7.782628,1.0,1.0,1.0,1.0,Favourable,0.7781826,0.897767398252352,0.8839796827979021,88.3979682797902,O=c1c(=Cc2ccccc2)sc2nc(-c3ccccc3)cn12,0.1,28,4,1,6,1.0,High Suitability,0.6000000000000001,1.0,0.92,Favourable,0.8500004501342774,85.00004501342774,86
C[C@@]1(c2cc(NC(=O)c3ccc(F)cn3)ccc2F)Cn2c(C#N)cnc2C(N)=N1,CHEMBL5088449,7.90,nM,12.6,nM,12.6,7.899629454882437,Highly Active,True,407.3840000000002,2.31458,121.98,2,6,3,4,0,Pass,8.127274,1.0,0.7,1.0,0.9099999999999999,Favourable,0.8349352,0.897767398252352,0.885355964059346,88.5355964059346,O=C(Nc1cccc(C2Cn3ccnc3C=N2)c1)c1ccccn1,0.15,30,3,3,8,0.65,Moderate Suitability,0.8,1.0,0.8300000000000001,Favourable,0.8497143595218658,84.97143595218658,87
CC1=NC2(N=C1N)c1cc(-c3cc(F)cc(C#N)c3)ccc1CCC21CC1,CHEMBL3672718,7.64,nM,23.0,nM,23.0,7.638272163982407,Highly Active,True,358.4200000000002,4.075280000000003,74.53,1,4,1,5,0,Pass,7.62183,1.0,1.0,1.0,1.0,Favourable,0.7517042,0.897767398252352,0.8707404779143266,87.07404779143266,C1=NC2(N=C1)c1cc(-c3ccccc3)ccc1CCC21CC1,0.3181818181818182,27,2,2,4,1.0,High Suitability,0.8,1.0,0.9600000000000001,Favourable,0.8494373366832734,84.94373366832734,88
CC#Cc1cncc(-c2cc3c(cc2C)C[C@]2(CC[C@@H](OC)CC2)C32N=C(C)C(N)=N2)c1,CHEMBL3913223,7.77,nM,17.0,nM,17.0,7.769551078621726,Highly Active,True,426.5640000000002,4.544420000000003,72.86,1,5,2,5,0,Pass,7.774113,1.0,1.0,1.0,1.0,Favourable,0.7767805,0.897767398252352,0.8832786129660539,88.32786129660539,C1=NC2(N=C1)c1cc(-c3cccnc3)ccc1CC21CCCCC1,0.4444444444444444,32,2,2,5,1.0,High Suitability,0.6000000000000001,1.0,0.92,Favourable,0.8492292852401734,84.92292852401734,89
CO[C@H]1CC[C@]2(CC1)Cc1ccc(-c3cc(Cl)cnc3C)cc1C21N=C(C)C(N)=N1,CHEMBL3909571,7.72,nM,19.0,nM,19.0,7.721246399047171,Highly Active,True,422.9600000000002,4.826420000000005,72.86,1,5,2,5,0,Pass,7.7738495,1.0,1.0,1.0,1.0,Favourable,0.7767371,0.897767398252352,0.8832569168753557,88.32569168753557,C1=NC2(N=C1)c1cc(-c3cccnc3)ccc1CC21CCCCC1,0.4583333333333333,30,2,2,5,1.0,High Suitability,0.6000000000000001,1.0,0.92,Favourable,0.8492054135799408,84.92054135799408,90
Fc1ccc2nc(-c3cnc4[nH]ccc4c3)oc2n1,CHEMBL2203384,7.59,nM,25.7,nM,25.7,7.590066876668706,Highly Active,True,254.22400000000002,2.9052000000000007,67.6,1,4,1,4,0,Pass,7.461996,1.0,1.0,1.0,1.0,Favourable,0.7253845,0.897767398252352,0.8575806068129472,85.75806068129472,c1cnc2oc(-c3cnc4[nH]ccc4c3)nc2c1,0.0,19,4,1,5,1.0,High Suitability,1.0,1.0,1.0,Favourable,0.848961454629898,84.89614546298981,91
Fc1ccc2nc(-c3ccc4[nH]ccc4c3)oc2n1,CHEMBL2203382,7.86,nM,13.8,nM,13.8,7.860120913598763,Highly Active,True,253.23600000000002,3.510200000000001,54.71,1,3,1,4,0,Pass,7.614239,1.0,1.0,1.0,1.0,Favourable,0.7504542,0.897767398252352,0.8701154636092119,87.01154636092119,c1cnc2oc(-c3ccc4[nH]ccc4c3)nc2c1,0.0,19,4,1,4,1.0,High Suitability,0.8,1.0,0.9600000000000001,Favourable,0.8487498269081116,84.87498269081117,92
CC#Cc1cncc(-c2ccc3c(c2)[C@@]2(N=C(C)C(N)=N2)[C@]2(CC[C@H](O)CC2)C3)c1,CHEMBL3653726,9.00,nM,1.0,nM,1.0,9.0,Highly Active,True,398.5100000000002,3.581900000000002,83.86,2,5,1,5,0,Pass,7.6072965,1.0,1.0,1.0,1.0,Favourable,0.749311,0.897767398252352,0.8695438550658159,86.95438550658159,C1=NC2(N=C1)c1cc(-c3cccnc3)ccc1CC21CCCCC1,0.4,30,2,3,5,1.0,High Suitability,0.8,1.0,0.9600000000000001,Favourable,0.8481210277080536,84.81210277080537,93
CO[C@H]1CC[C@]2(CC1)Cc1cc(F)c(-c3cncc(Cl)c3)cc1C21N=C(C)C(N)=N1,CHEMBL3969309,8.52,nM,3.0,nM,3.0,8.522878745280337,Highly Active,True,426.9230000000002,4.657100000000004,72.86,1,5,2,5,0,Pass,7.7581205,1.0,1.0,1.0,1.0,Favourable,0.77414703,0.897767398252352,0.8819618867583208,88.19618867583208,C1=NC2(N=C1)c1cc(-c3cccnc3)ccc1CC21CCCCC1,0.43478260869565216,30,2,2,5,1.0,High Suitability,0.6000000000000001,1.0,0.92,Favourable,0.8477808923721314,84.77808923721314,94
CCO[C@H]1CC[C@]2(CC1)Cc1ccc(-c3cc(F)cc(C#N)c3)cc1C21N=C(C)C(N)=N1,CHEMBL3963582,7.68,nM,21.0,nM,21.0,7.6777807052660805,Highly Active,True,430.5270000000002,4.870480000000005,83.75999999999999,1,5,3,5,0,Pass,7.7531486,1.0,1.0,1.0,1.0,Favourable,0.7733283,0.897767398252352,0.8815525220580034,88.15525220580034,C1=NC2(N=C1)c1cc(-c3ccccc3)ccc1CC21CCCCC1,0.4230769230769231,32,2,2,5,1.0,High Suitability,0.6000000000000001,1.0,0.92,Favourable,0.8473305792808533,84.73305792808533,95
CO[C@H]1CC[C@]2(CC1)Cc1ccc(-c3ccc(F)cc3F)cc1[C@@]21N=C(C)C(N)=N1,CHEMBL3917003,7.47,nM,34.0,nM,34.0,7.468521082957745,Highly Active,True,409.4800000000002,4.747800000000005,59.97,1,4,2,5,0,Pass,7.741947,1.0,1.0,1.0,1.0,Favourable,0.7714838,0.897767398252352,0.8806302593893938,88.06302593893938,C1=NC2(N=C1)c1cc(-c3ccccc3)ccc1CC21CCCCC1,0.4166666666666667,30,2,2,4,1.0,High Suitability,0.6000000000000001,1.0,0.92,Favourable,0.8463160784244538,84.63160784244538,96
CNc1ccc(-c2cc3cc(O)ccc3o2)nc1F,CHEMBL2048313,7.46,nM,35.0,nM,35.0,7.455931955649724,Highly Active,True,258.252,3.3812000000000006,58.29,2,4,2,3,0,Pass,7.5648036,1.0,1.0,1.0,1.0,Favourable,0.74231374,0.897767398252352,0.8660452412314348,86.60452412314348,c1ccc(-c2cc3ccccc3o2)nc1,0.07142857142857142,19,3,2,4,1.0,High Suitability,0.8,1.0,0.9600000000000001,Favourable,0.8442725644111634,84.42725644111634,97
Cc1cc(C#N)cnc1C(=O)Nc1ccc(F)c([C@@]2(C)N=C(N)OCC2(F)F)n1,CHEMBL4114267,8.15,nM,7.0,nM,7.0,8.154901959985743,Highly Active,True,404.35200000000015,2.2435,126.28,2,7,3,3,0,Pass,8.063146,1.0,0.7,1.0,0.9099999999999999,Favourable,0.8243753,0.897767398252352,0.8800760058112076,88.00760058112076,O=C(Nc1cccc(C2CCOC=N2)n1)c1ccccn1,0.2777777777777778,29,2,3,8,0.65,Moderate Suitability,0.8,1.0,0.8300000000000001,Favourable,0.843906423330307,84.3906423330307,98
C[C@@]1(c2cc(NC(=O)c3ccc(C#N)cn3)ccc2F)CO[C@@](C)(C(F)(F)F)C(N)=N1,CHEMBL3653405,8.05,nM,9.0,uM,0.009000000000000001,8.045757490560675,Highly Active,True,435.3810000000002,3.2682800000000016,113.39,2,6,3,3,0,Pass,8.213232,1.0,0.7,1.0,0.9099999999999999,Favourable,0.84908986,0.897767398252352,0.8924333003706864,89.24333003706863,O=C(Nc1cccc(C2COCC=N2)c1)c1ccccn1,0.3,31,2,3,7,0.65,Moderate Suitability,0.6000000000000001,1.0,0.79,Moderate,0.8434994413852691,84.34994413852691,99
CO[C@H]1CC[C@]2(CC1)Cc1ccc(-c3cnc4[nH]cc(C)c4c3)cc1C21N=C(C)C(N)=N1,CHEMBL3981574,7.58,nM,26.0,nM,26.0,7.585026652029182,Highly Active,True,427.55200000000025,4.654320000000003,88.64999999999999,2,5,2,6,0,Pass,7.702908,1.0,1.0,1.0,1.0,Favourable,0.7650553,0.897767398252352,0.877416019315236,87.7416019315236,C1=NC2(N=C1)c1cc(-c3cnc4[nH]ccc4c3)ccc1CC21CCCCC1,0.4230769230769231,32,3,3,6,1.0,High Suitability,0.6000000000000001,1.0,0.92,Favourable,0.8427804203033448,84.27804203033448,100
COc1cc(/C=c2\sc3nc(-c4ccc(Cl)cc4)cn3c2=O)cc(O)c1O,CHEMBL3286985,7.75,nM,18.0,nM,18.0,7.7447274948966935,Highly Active,True,400.84300000000013,3.0439000000000025,84.06,2,6,3,4,0,Pass,7.7027283,1.0,1.0,1.0,1.0,Favourable,0.7650256,0.897767398252352,0.877401177758687,87.7401177758687,O=c1c(=Cc2ccccc2)sc2nc(-c3ccccc3)cn12,0.05263157894736842,27,4,2,6,1.0,High Suitability,0.6000000000000001,1.0,0.92,Favourable,0.8427640886306763,84.27640886306763,101
CNc1ccc(-c2nc3ccc(F)nc3o2)cc1,CHEMBL2203378,7.64,nM,23.1,nM,23.1,7.636388020107855,Highly Active,True,243.241,3.0706000000000007,50.95,1,4,2,3,0,Pass,7.5435123,1.0,1.0,1.0,1.0,Favourable,0.7388077,0.897767398252352,0.8642922090239458,86.42922090239458,c1ccc(-c2nc3cccnc3o2)cc1,0.07692307692307693,18,3,1,4,1.0,High Suitability,0.8,1.0,0.9600000000000001,Favourable,0.84234423494339,84.234423494339,102
O=S(=O)(c1ccc(Cl)cc1)[C@@]12CCCC3(COC3)[C@@H]1COc1c(F)ccc(F)c12,CHEMBL3629739,8.00,nM,10.1,nM,10.1,7.995678626217357,Highly Active,True,440.89500000000015,4.496500000000004,52.60000000000001,0,4,2,5,0,Pass,7.692897,1.0,1.0,1.0,1.0,Favourable,0.76340675,0.897767398252352,0.8765917466826372,87.65917466826372,O=S(=O)(c1ccccc1)C12CCCC3(COC3)C1COc1ccccc12,0.42857142857142855,29,2,0,4,1.0,High Suitability,0.6000000000000001,1.0,0.92,Favourable,0.8418737144470215,84.18737144470215,103
Nc1c2c(nc3ccccc13)CCCC2,CHEMBL95,7.91,nM,12.21,nM,12.21,7.913284336055117,Highly Active,True,198.26899999999992,2.695800000000001,38.91,1,2,0,3,0,Pass,7.373109,1.0,1.0,1.0,1.0,Favourable,0.7107475,0.897767398252352,0.8502621101088457,85.02621101088457,c1ccc2nc3c(cc2c1)CCCC3,0.3076923076923077,15,2,2,2,1.0,High Suitability,1.0,1.0,1.0,Favourable,0.8409111320972442,84.09111320972443,104
Cc1cc(C#N)cnc1C(=O)Nc1ccc(F)c([C@]2(C)CO[C@@](C)(C(F)(F)F)C(N)=N2)n1,CHEMBL3261069,8.52,nM,3.0,uM,0.003,8.522878745280337,Highly Active,True,450.3960000000002,2.9717000000000002,126.28,2,7,3,3,0,Pass,8.410437,1.0,0.44999999999999996,1.0,0.835,Favourable,0.8815633,0.897767398252352,0.8861700228400162,88.61700228400163,O=C(Nc1cccc(C2COCC=N2)n1)c1ccccn1,0.35,32,2,3,8,0.4,Low Suitability,0.8,1.0,0.7300000000000001,Moderate,0.8403598241806031,84.0359824180603,105
CNc1ccc2nc(-c3ccc(C(N)=O)nc3)sc2c1,CHEMBL1077208,7.46,nM,35.0,nM,35.0,7.455931955649724,Highly Active,True,284.34400000000005,2.4989,80.89999999999999,2,5,3,3,0,Pass,7.3555627,1.0,1.0,1.0,1.0,Favourable,0.7078582,0.897767398252352,0.8488174723334245,84.88174723334245,c1cncc(-c2nc3ccccc3s2)c1,0.07142857142857142,20,3,3,5,1.0,High Suitability,1.0,1.0,1.0,Favourable,0.8393220126628875,83.93220126628876,106
CNc1ccc(-c2cc3cc(O)ccc3o2)c(F)n1,CHEMBL2048308,7.62,nM,24.0,nM,24.0,7.619788758288394,Highly Active,True,258.25199999999995,3.3812000000000006,58.29,2,4,2,3,0,Pass,7.506881,1.0,1.0,1.0,1.0,Favourable,0.7327757,0.897767398252352,0.861276213998311,86.1276213998311,c1cncc(-c2cc3ccccc3o2)c1,0.07142857142857142,19,3,2,4,1.0,High Suitability,0.8,1.0,0.9600000000000001,Favourable,0.8390266404151917,83.90266404151917,107
CNc1ccc(-c2nc3ccc(O)cc3s2)cc1,CHEMBL93124,7.72,nM,19.0,nM,19.0,7.721246399047171,Highly Active,True,256.33000000000004,3.7106000000000012,45.150000000000006,2,4,2,3,0,Pass,7.492805,1.0,1.0,1.0,1.0,Favourable,0.7304578,0.897767398252352,0.8601172612852983,86.01172612852983,c1ccc(-c2nc3ccccc3s2)cc1,0.07142857142857142,18,3,2,3,1.0,High Suitability,0.8,1.0,0.9600000000000001,Favourable,0.8377517864704133,83.77517864704133,108
CNc1ccc(-c2nc3ccc(O)cc3s2)cc1F,CHEMBL579205,7.62,nM,24.0,nM,24.0,7.619788758288394,Highly Active,True,274.32000000000005,3.8497000000000012,45.150000000000006,2,4,2,3,0,Pass,7.4905086,1.0,1.0,1.0,1.0,Favourable,0.73007965,0.897767398252352,0.8599281953520708,85.99281953520708,c1ccc(-c2nc3ccccc3s2)cc1,0.07142857142857142,19,3,2,3,1.0,High Suitability,0.8,1.0,0.9600000000000001,Favourable,0.8375438258647919,83.7543825864792,109
[3H]N(c1ccc(-c2nc3ccc(O)cc3s2)cc1)C([3H])([3H])[3H],CHEMBL1788111,7.57,nM,27.0,nM,27.0,7.568636235841012,Highly Active,True,264.3621971120001,3.7106000000000012,45.150000000000006,2,4,2,3,0,Pass,7.486696,1.0,1.0,1.0,1.0,Favourable,0.7294518,0.897767398252352,0.8596142576880388,85.96142576880388,c1ccc(-c2nc3ccccc3s2)cc1,0.07142857142857142,18,3,2,3,1.0,High Suitability,0.8,1.0,0.9600000000000001,Favourable,0.8371984765529633,83.71984765529633,110
C[C@@]1(c2cc(NC(=O)c3ncc(C#N)cn3)ccc2F)CO[C@@](C)(C(F)(F)F)C(N)=N1,CHEMBL3653403,7.62,nM,24.0,uM,0.024,7.619788758288394,Highly Active,True,436.3690000000002,2.6632800000000003,126.28,2,7,3,3,0,Pass,7.9785924,1.0,0.7,1.0,0.9099999999999999,Favourable,0.810452,0.897767398252352,0.8731143621153763,87.31143621153763,O=C(Nc1cccc(C2COCC=N2)c1)c1ncccn1,0.3157894736842105,31,2,3,8,0.65,Moderate Suitability,0.8,1.0,0.8300000000000001,Favourable,0.8362485973834991,83.62485973834991,111
CNc1ccc(-c2cc3cc(C(N)=O)ccc3o2)c(F)n1,CHEMBL2048309,7.72,nM,19.0,nM,19.0,7.721246399047171,Highly Active,True,285.27799999999996,2.7744999999999997,81.14999999999999,2,4,3,3,0,Pass,7.3160467,1.0,1.0,1.0,1.0,Favourable,0.70135117,0.897767398252352,0.8455639527983598,84.55639527983598,c1cncc(-c2cc3ccccc3o2)c1,0.06666666666666667,21,3,3,5,1.0,High Suitability,1.0,1.0,1.0,Favourable,0.8357431411743164,83.57431411743164,112
NC(=O)c1ccc(-c2cc3cc(O)ccc3o2)c(F)n1,CHEMBL2048312,7.36,nM,44.0,nM,44.0,7.356547323513812,Highly Active,True,272.23499999999996,2.4384000000000006,89.35000000000001,2,4,2,3,0,Pass,7.3094606,1.0,1.0,1.0,1.0,Favourable,0.7002666,0.897767398252352,0.8450216697401933,84.50216697401933,c1cncc(-c2cc3ccccc3o2)c1,0.0,20,3,3,5,1.0,High Suitability,1.0,1.0,1.0,Favourable,0.8351466476917266,83.51466476917267,113
CC1=NC2(N=C1N)c1cc(-c3cccc(Cl)c3)ccc1CC21CCOCC1,CHEMBL3653690,7.00,nM,100.0,nM,100.0,7.0,Highly Active,True,379.8910000000003,4.344400000000003,59.97,1,4,1,5,0,Pass,7.4617224,1.0,1.0,1.0,1.0,Favourable,0.7253394,0.897767398252352,0.8575580762572221,85.75580762572221,C1=NC2(N=C1)c1cc(-c3ccccc3)ccc1CC21CCOCC1,0.36363636363636365,27,2,2,4,1.0,High Suitability,0.8,1.0,0.9600000000000001,Favourable,0.834936688899994,83.4936688899994,114
COCc1cccc(-c2ccc3c(c2)C2(N=C(C)C(N)=N2)[C@]2(CC[C@H](OC)CC2)C3)c1,CHEMBL3653732,7.66,nM,22.0,nM,22.0,7.657577319177793,Highly Active,True,417.5530000000003,4.616000000000003,69.2,1,5,4,5,0,Pass,7.609319,1.0,1.0,1.0,1.0,Favourable,0.74964404,0.897767398252352,0.8697103904433183,86.97103904433183,C1=NC2(N=C1)c1cc(-c3ccccc3)ccc1CC21CCCCC1,0.46153846153846156,31,2,2,5,1.0,High Suitability,0.6000000000000001,1.0,0.92,Favourable,0.8343042225837708,83.43042225837708,115
COc1ccc2oc(-c3ccc(C(N)=O)nc3F)cc2c1,CHEMBL2048311,7.50,nM,32.0,nM,32.0,7.494850021680094,Highly Active,True,286.262,2.7414000000000005,78.35000000000001,1,4,3,3,0,Pass,7.29331,1.0,1.0,1.0,1.0,Favourable,0.69760716,0.897767398252352,0.8436919497198991,84.36919497198991,c1cncc(-c2cc3ccccc3o2)c1,0.06666666666666667,21,3,2,5,1.0,High Suitability,1.0,1.0,1.0,Favourable,0.8336839497089386,83.36839497089386,116
CC[C@@H]1CCC[C@H](C2(OC(=O)N3CCC(O)(CC)CC3)CC2)N1S(=O)(=O)c1ccc(Cl)cc1,CHEMBL392144,8.49,nM,3.2,nM,3.2,8.494850021680094,Highly Active,True,499.0730000000002,4.567900000000004,87.15,1,5,6,4,0,Pass,7.9882894,1.0,0.75,1.0,0.925,Favourable,0.8120488,0.897767398252352,0.8784127663321428,87.84127663321428,O=C(OC1(C2CCCCN2S(=O)(=O)c2ccccc2)CC1)N1CCCCC1,0.7083333333333334,33,1,1,7,0.75,High Suitability,0.6000000000000001,1.0,0.8200000000000001,Favourable,0.833626842021942,83.3626842021942,117
Cn1ncc2cc(-c3nc4ccc(F)nc4o3)cnc21,CHEMBL2203387,7.52,nM,30.2,nM,30.2,7.51999305704285,Highly Active,True,269.23900000000003,2.3106,69.63,0,5,1,4,0,Pass,7.291435,1.0,1.0,1.0,1.0,Favourable,0.6972983,0.897767398252352,0.8435375140852861,84.35375140852861,c1cnc2oc(-c3cnc4[nH]ncc4c3)nc2c1,0.07692307692307693,20,4,0,6,1.0,High Suitability,1.0,1.0,1.0,Favourable,0.8335140764713287,83.35140764713287,118
C[C@@]1(c2cc(NC(=O)c3ccc(C#N)cn3)ccc2F)Cn2c(C#N)cnc2C(N)=N1,CHEMBL2152899,8.48,nM,3.3,nM,3.3,8.481486060122112,Highly Active,True,414.4040000000002,2.0471600000000003,145.76999999999998,2,7,3,4,0,Pass,8.3967085,0.65,0.7,1.0,0.77,Moderate,0.87930274,0.897767398252352,0.8655397399611405,86.55397399611405,O=C(Nc1cccc(C2Cn3ccnc3C=N2)c1)c1ccccn1,0.14285714285714285,31,3,3,9,0.65,Moderate Suitability,0.8,0.8,0.7125,Moderate,0.8329915308952331,83.29915308952332,119
COCc1cc(F)cc(-c2ccc3c(c2)C2(N=C(C)C(N)=N2)[C@]2(CC[C@H](OC)CC2)C3)c1,CHEMBL3653733,7.64,nM,23.0,nM,23.0,7.638272163982407,Highly Active,True,435.54300000000035,4.755100000000003,69.2,1,5,4,5,0,Pass,7.593618,1.0,1.0,1.0,1.0,Favourable,0.7470585,0.897767398252352,0.8684176253027849,86.84176253027849,C1=NC2(N=C1)c1cc(-c3ccccc3)ccc1CC21CCCCC1,0.46153846153846156,32,2,2,5,1.0,High Suitability,0.6000000000000001,1.0,0.92,Favourable,0.8328821749687195,83.28821749687195,120
[3H]C([3H])([3H])N(c1ccc(-c2nc3ccc(O)cc3s2)cn1)C([3H])([3H])[3H],CHEMBL1744460,7.72,nM,19.0,nM,19.0,7.721246399047171,Highly Active,True,283.3932956680001,3.129900000000001,49.25,1,5,2,3,0,Pass,7.4363494,1.0,1.0,1.0,1.0,Favourable,0.72116125,0.897767398252352,0.8554689930624895,85.54689930624895,c1cncc(-c2nc3ccccc3s2)c1,0.14285714285714285,19,3,1,4,1.0,High Suitability,0.8,1.0,0.9600000000000001,Favourable,0.8326386914253235,83.26386914253236,121
CCO[C@H]1CC[C@]2(CC1)Cc1ccc(-c3cncc(Cl)c3)cc1C21N=C(C)C(N)=N1,CHEMBL3972810,7.60,nM,25.0,nM,25.0,7.6020599913279625,Highly Active,True,422.9600000000002,4.9081000000000055,72.86,1,5,3,5,0,Pass,7.5868006,1.0,1.0,1.0,1.0,Favourable,0.7459359,0.897767398252352,0.867856328362935,86.7856328362935,C1=NC2(N=C1)c1cc(-c3cccnc3)ccc1CC21CCCCC1,0.4583333333333333,30,2,2,5,1.0,High Suitability,0.6000000000000001,1.0,0.92,Favourable,0.8322647602558136,83.22647602558136,122
C[C@]1(c2nc(NC(=O)c3ccc(C#N)cn3)ccc2F)N=C(N)OCC1(F)F,CHEMBL2386719,7.85,nM,14.0,nM,14.0,7.853871964321762,Highly Active,True,390.32500000000016,1.93508,126.28,2,7,3,3,0,Pass,7.7758846,1.0,0.7,1.0,0.9099999999999999,Favourable,0.7770722,0.897767398252352,0.8564244655318192,85.64244655318191,O=C(Nc1cccc(C2CCOC=N2)n1)c1ccccn1,0.23529411764705882,28,2,3,8,0.65,Moderate Suitability,1.0,1.0,0.8700000000000001,Favourable,0.8318897111415863,83.18897111415863,123
COc1cc(C#N)cc(-c2ccc3c(c2)C2(N=C(C)C(N)=N2)[C@]2(CC3)CC[C@H](OC)CC2)c1,CHEMBL3672724,7.10,nM,80.0,nM,80.0,7.096910013008056,Highly Active,True,442.5630000000004,4.739980000000004,92.99,1,6,3,5,0,Pass,8.084451,1.0,0.7,1.0,0.9099999999999999,Favourable,0.8278836,0.897767398252352,0.8818301705069473,88.18301705069473,C1=NC2(N=C1)c1cc(-c3ccccc3)ccc1CCC21CCCCC1,0.4444444444444444,33,2,2,6,0.65,Moderate Suitability,0.6000000000000001,1.0,0.79,Moderate,0.8318360044956207,83.18360044956206,124
COc1cc(C#N)cc(-c2ccc3c(c2)C2(N=C(C)C(N)=N2)[C@]2(CC3)CC[C@@H](OC)CC2)c1,CHEMBL3672723,9.00,nM,1.0,nM,1.0,9.0,Highly Active,True,442.5630000000004,4.739980000000004,92.99,1,6,3,5,0,Pass,8.084451,1.0,0.7,1.0,0.9099999999999999,Favourable,0.8278836,0.897767398252352,0.8818301705069473,88.18301705069473,C1=NC2(N=C1)c1cc(-c3ccccc3)ccc1CCC21CCCCC1,0.4444444444444444,33,2,2,6,0.65,Moderate Suitability,0.6000000000000001,1.0,0.79,Moderate,0.8318360044956207,83.18360044956206,125
CN1CCc2cc(-c3nc4ccc(F)nc4o3)cnc21,CHEMBL2203386,7.33,nM,47.0,nM,47.0,7.327902142064282,Highly Active,True,270.267,2.416200000000001,55.050000000000004,0,5,1,4,0,Pass,7.270976,1.0,1.0,1.0,1.0,Favourable,0.69392943,0.897767398252352,0.8418530868239336,84.18530868239336,c1cnc2oc(-c3cnc4c(c3)CCN4)nc2c1,0.21428571428571427,20,3,0,5,1.0,High Suitability,1.0,1.0,1.0,Favourable,0.8316612064838409,83.1661206483841,126
C[C@@]1(c2cc(NC(=O)c3ccc(C#N)cn3)ccc2F)Cn2cc(C#N)nc2C(N)=N1,CHEMBL5085521,8.07,nM,8.5,nM,8.5,8.070581074285707,Highly Active,True,414.4040000000002,2.04716,145.76999999999998,2,7,3,4,0,Pass,8.377964,0.65,0.7,1.0,0.77,Moderate,0.8762162,0.897767398252352,0.8639964564986161,86.39964564986161,O=C(Nc1cccc(C2Cn3ccnc3C=N2)c1)c1ccccn1,0.14285714285714285,31,3,3,9,0.65,Moderate Suitability,0.8,0.8,0.7125,Moderate,0.8312939012050629,83.12939012050629,127
O=C(COC(=O)Cc1ccc(O)cc1)Nc1c2c(nc3ccccc13)CCCC2,CHEMBL3798857,7.34,nM,45.29,nM,45.29,7.3439976793170425,Highly Active,True,390.43900000000025,3.5436000000000023,88.52000000000001,2,5,5,4,0,Pass,7.4185963,1.0,1.0,1.0,1.0,Favourable,0.7182379,0.897767398252352,0.8540073083586626,85.40073083586626,O=C(COC(=O)Cc1ccccc1)Nc1c2c(nc3ccccc13)CCCC2,0.2608695652173913,29,3,2,6,1.0,High Suitability,0.8,1.0,0.9600000000000001,Favourable,0.831030826330185,83.1030826330185,128
COc1ccc(-c2nc3ccc(F)nc3o2)cc1,CHEMBL2203288,7.49,nM,32.5,nM,32.5,7.488116639021126,Highly Active,True,244.225,3.0375000000000014,48.150000000000006,0,4,2,3,0,Pass,7.41282,1.0,1.0,1.0,1.0,Favourable,0.7172867,0.897767398252352,0.8535317228979997,85.35317228979997,c1ccc(-c2nc3cccnc3o2)cc1,0.07692307692307693,18,3,0,4,1.0,High Suitability,0.8,1.0,0.9600000000000001,Favourable,0.8305077061653138,83.05077061653138,129
COc1nc(-c2cc(C)c(N[C@@H](C)c3cc(F)c(F)c(F)c3)nn2)ccc1-n1cnc(C)c1,CHEMBL5206552,8.28,nM,5.3,nM,5.3,8.275724130399212,Highly Active,True,454.45600000000013,4.940140000000004,77.75,1,6,6,4,0,Pass,7.952692,1.0,0.75,1.0,0.925,Favourable,0.8061869,0.897767398252352,0.8754818271346025,87.54818271346025,c1ccc(CNc2ccc(-c3ccc(-n4ccnc4)cn3)nn2)cc1,0.21739130434782608,33,4,1,7,0.75,High Suitability,0.6000000000000001,1.0,0.8200000000000001,Favourable,0.8304028267860412,83.04028267860411,130
COc1cc(C(=O)OCc2cn(-c3ccc(Oc4ccccc4)cc3)nn2)ccc1O,CHEMBL5597213,8.52,nM,3.0,uM,0.003,8.522878745280337,Highly Active,True,417.42100000000005,4.130800000000003,95.7,1,7,7,4,0,Pass,8.068605,1.0,0.7,1.0,0.9099999999999999,Favourable,0.82527435,0.897767398252352,0.8805255440421036,88.05255440421035,O=C(OCc1cn(-c2ccc(Oc3ccccc3)cc2)nn1)c1ccccc1,0.08695652173913043,31,4,1,8,0.65,Moderate Suitability,0.6000000000000001,1.0,0.79,Moderate,0.8304009034633636,83.04009034633636,131
O=S(=O)(NC1CCC(c2cc(F)ccc2F)(S(=O)(=O)c2ccc(Cl)cc2)CC1)C(F)(F)F,CHEMBL1091513,,nM,0.5,nM,0.5,9.301029995663981,Highly Active,True,517.9250000000002,4.669200000000003,80.31,1,4,5,3,1,Pass,8.766854,0.75,0.75,0.75,0.75,Moderate,0.94025433,0.897767398252352,0.8525155352301529,85.25155352301529,O=S(=O)(c1ccccc1)C1(c2ccccc2)CCCCC1,0.3684210526315789,32,2,1,5,0.75,High Suitability,0.4000000000000001,0.75,0.6800000000000002,Moderate,0.8301399116516113,83.01399116516113,132
CNc1ccc(-c2nc3ccc(F)nc3o2)cn1,CHEMBL2203380,6.99,nM,102.0,nM,102.0,6.991399828238082,Moderately Active,True,244.229,2.4656000000000002,63.84,1,5,2,3,0,Pass,7.250492,1.0,1.0,1.0,1.0,Favourable,0.6905563,0.897767398252352,0.8401665137953691,84.01665137953691,c1cncc(-c2nc3cccnc3o2)c1,0.08333333333333333,18,3,1,5,1.0,High Suitability,1.0,1.0,1.0,Favourable,0.8298059523105621,82.98059523105621,133
COc1nc(-c2cc(C)c(N[C@@H](C)c3cc(F)cc(F)c3)nn2)ccc1-n1cnc(C)c1,CHEMBL5192892,8.39,nM,4.1,nM,4.1,8.387216143280265,Highly Active,True,436.4660000000001,4.801040000000004,77.75,1,6,6,4,0,Pass,7.5493135,1.0,1.0,1.0,1.0,Favourable,0.739763,0.897767398252352,0.8647698806471757,86.47698806471757,c1ccc(CNc2ccc(-c3ccc(-n4ccnc4)cn3)nn2)cc1,0.21739130434782608,32,4,1,7,1.0,High Suitability,0.6000000000000001,1.0,0.92,Favourable,0.8288696796894074,82.88696796894074,134
COc1ccc2nc(-c3ccc(N(C)C)nc3)sc2c1,CHEMBL1082545,7.09,nM,81.0,nM,81.0,7.0915149811213505,Highly Active,True,285.372,3.432900000000002,38.25,0,5,3,3,0,Pass,7.3904324,1.0,1.0,1.0,1.0,Favourable,0.71360016,0.897767398252352,0.8516884492583208,85.16884492583208,c1cncc(-c2nc3ccccc3s2)c1,0.2,20,3,0,4,1.0,High Suitability,0.8,1.0,0.9600000000000001,Favourable,0.8284801051616669,82.8480105161667,135
COc1cc(/C=c2\sc3nc(-c4ccc(Cl)cc4)cn3c2=O)cc(Cl)c1O,CHEMBL3286983,7.50,nM,32.0,nM,32.0,7.494850021680094,Highly Active,True,419.2890000000001,3.991700000000002,63.83,1,5,3,4,0,Pass,7.5284295,1.0,1.0,1.0,1.0,Favourable,0.7363241,0.897767398252352,0.8630504058546953,86.30504058546953,O=c1c(=Cc2ccccc2)sc2nc(-c3ccccc3)cn12,0.05263157894736842,27,4,1,5,1.0,High Suitability,0.6000000000000001,1.0,0.92,Favourable,0.8269782454967499,82.69782454967499,136
Fc1ccc2nc(-c3ccc4cc[nH]c4c3)oc2n1,CHEMBL2203389,7.34,nM,45.3,nM,45.3,7.343901797987169,Highly Active,True,253.23600000000002,3.510200000000001,54.71,1,3,1,4,0,Pass,7.373722,1.0,1.0,1.0,1.0,Favourable,0.71084845,0.897767398252352,0.8503125952429704,85.03125952429704,c1cnc2oc(-c3ccc4cc[nH]c4c3)nc2c1,0.0,19,4,1,4,1.0,High Suitability,0.8,1.0,0.9600000000000001,Favourable,0.8269666538238526,82.69666538238526,137
Oc1ccc2nc(-c3ccc(NCCF)nc3)sc2c1,CHEMBL2048302,7.48,nM,33.0,nM,33.0,7.481486060122112,Highly Active,True,289.33500000000004,3.4453000000000014,58.040000000000006,2,5,4,3,0,Pass,7.3718553,1.0,1.0,1.0,1.0,Favourable,0.7105411,0.897767398252352,0.8501589344687395,85.01589344687395,c1cncc(-c2nc3ccccc3s2)c1,0.14285714285714285,20,3,2,4,1.0,High Suitability,0.8,1.0,0.9600000000000001,Favourable,0.8267976150512696,82.67976150512696,138
COc1ccc(CC(=O)OCC(=O)Nc2c3c(nc4ccccc24)CCCC3)cc1OC,CHEMBL3797706,7.65,nM,22.54,nM,22.54,7.647046088289912,Highly Active,True,434.4920000000003,3.8552000000000035,86.75,1,6,7,4,0,Pass,7.5203876,1.0,1.0,1.0,1.0,Favourable,0.7349998,0.897767398252352,0.8623882578558855,86.23882578558855,O=C(COC(=O)Cc1ccccc1)Nc1c2c(nc3ccccc13)CCCC2,0.32,32,3,1,7,1.0,High Suitability,0.6000000000000001,1.0,0.92,Favourable,0.8262498767375946,82.62498767375946,139
CC(=O)CC[C@@H]1OCC[C@@]2(S(=O)(=O)c3ccc(Cl)cc3)c3c(F)ccc(F)c3OC[C@@H]12,CHEMBL3659993,8.15,nM,7.0,nM,7.0,8.154901959985743,Highly Active,True,470.92100000000016,4.454100000000004,69.67,0,5,5,4,0,Pass,7.906746,1.0,0.75,1.0,0.925,Favourable,0.79862106,0.897767398252352,0.8716988991446428,87.16988991446428,O=S(=O)(c1ccccc1)C12CCOCC1COc1ccccc12,0.4090909090909091,31,2,0,5,0.75,High Suitability,0.6000000000000001,1.0,0.8200000000000001,Favourable,0.826241588115692,82.6241588115692,140
CO[C@H]1CC[C@]2(CC1)Cc1ccc(-c3cc(C#N)cc(C(F)F)c3)cc1[C@@]21N=C(C)C(N)=N1,CHEMBL3955716,8.82,nM,1.5,nM,1.5,8.823908740944319,Highly Active,True,448.51700000000017,5.278880000000006,83.75999999999999,1,5,3,5,1,Pass,8.661558,0.75,0.75,0.75,0.75,Moderate,0.92291534,0.897767398252352,0.8438460396475723,84.38460396475723,C1=NC2(N=C1)c1cc(-c3ccccc3)ccc1CC21CCCCC1,0.4230769230769231,33,2,2,5,0.8,High Suitability,0.35000000000000003,0.85,0.6950000000000001,Moderate,0.8258534665107726,82.58534665107726,141
Cn1ncc2cc(-c3nc4ccc(F)nc4o3)ccc21,CHEMBL2203390,7.31,nM,48.7,nM,48.7,7.3124710387853655,Highly Active,True,268.25100000000003,2.9156000000000013,56.74,0,4,1,4,0,Pass,7.1992927,1.0,1.0,1.0,1.0,Favourable,0.68212533,0.897767398252352,0.8359510348982744,83.59510348982744,c1cnc2oc(-c3ccc4[nH]ncc4c3)nc2c1,0.07142857142857142,20,4,0,5,1.0,High Suitability,1.0,1.0,1.0,Favourable,0.8251689493656158,82.51689493656158,142
C[C@@]1(c2cc(NC(=O)c3ncc(C#N)cc3N)ccc2F)CO[C@@](C)(C(F)(F)F)C(N)=N1,CHEMBL5090563,8.40,nM,4.0,uM,0.004,8.397940008672037,Highly Active,True,450.3960000000002,2.85048,139.41,3,7,3,3,0,Pass,8.234869,1.0,0.44999999999999996,1.0,0.835,Favourable,0.8526528,0.897767398252352,0.8717147639937333,87.17147639937333,O=C(Nc1cccc(C2COCC=N2)c1)c1ccccn1,0.3,32,2,5,8,0.4,Low Suitability,0.8,1.0,0.7300000000000001,Moderate,0.8244590334892273,82.44590334892273,143
CN(C)c1ncc(-c2nc3ccc(O)cc3s2)cn1,CHEMBL1088617,7.39,nM,41.0,nM,41.0,7.3872161432802645,Highly Active,True,272.333,2.5249000000000006,62.14,1,6,2,3,0,Pass,7.177691,1.0,1.0,1.0,1.0,Favourable,0.67856824,0.897767398252352,0.8341724919028215,83.41724919028215,c1ccc2sc(-c3cncnc3)nc2c1,0.15384615384615385,19,3,1,5,1.0,High Suitability,1.0,1.0,1.0,Favourable,0.8232125461101532,82.32125461101532,144
CNc1ccc(-c2nc3ccc(C(N)=O)cc3s2)cn1,CHEMBL1087548,7.07,nM,85.0,nM,85.0,7.070581074285707,Highly Active,True,284.344,2.4989,80.89999999999999,2,5,3,3,0,Pass,7.177498,1.0,1.0,1.0,1.0,Favourable,0.6785364,0.897767398252352,0.8341565774626665,83.41565774626665,c1cncc(-c2nc3ccccc3s2)c1,0.07142857142857142,20,3,3,5,1.0,High Suitability,1.0,1.0,1.0,Favourable,0.8231950223445892,82.31950223445892,145
[3H]N(c1ccc(-c2nc3ccc(OC)cc3s2)cn1)C([3H])([3H])[3H],CHEMBL1744459,7.24,nM,58.0,nM,58.0,7.236572006437063,Highly Active,True,279.3771971120001,3.4086000000000016,47.040000000000006,1,5,3,3,0,Pass,7.327956,1.0,1.0,1.0,1.0,Favourable,0.7033123,0.897767398252352,0.8465445088095598,84.65445088095598,c1cncc(-c2nc3ccccc3s2)c1,0.14285714285714285,19,3,1,4,1.0,High Suitability,0.8,1.0,0.9600000000000001,Favourable,0.8228217468261719,82.2821746826172,146
C[C@@]1(c2cc(NC(=O)c3ccc(Br)cn3)ccc2F)CO[C@@](C)(C(F)(F)F)C(N)=N1,CHEMBL3653401,7.66,nM,22.0,uM,0.022000000000000002,7.657577319177793,Highly Active,True,489.26700000000017,4.159100000000002,89.6,2,5,3,3,0,Pass,7.8604703,1.0,0.75,1.0,0.925,Favourable,0.79100084,0.897767398252352,0.8678887914366655,86.78887914366655,O=C(Nc1cccc(C2COCC=N2)c1)c1ccccn1,0.3157894736842105,30,2,3,6,0.75,High Suitability,0.6000000000000001,1.0,0.8200000000000001,Favourable,0.8220504875183104,82.20504875183104,147
CNc1ncc(-c2cc3cc(O)ccc3o2)cc1F,CHEMBL2048310,7.52,nM,30.0,nM,30.0,7.522878745280337,Highly Active,True,258.252,3.3812000000000006,58.290000000000006,2,4,2,3,0,Pass,7.316357,1.0,1.0,1.0,1.0,Favourable,0.7014023,0.897767398252352,0.8455895231909685,84.55895231909685,c1cncc(-c2cc3ccccc3o2)c1,0.07142857142857142,19,3,2,4,1.0,High Suitability,0.8,1.0,0.9600000000000001,Favourable,0.8217712745666504,82.17712745666505,148
COc1ccc2cc(-c3ccc(C(N)=O)cn3)oc2c1,CHEMBL1084946,7.48,nM,33.0,nM,33.0,7.481486060122112,Highly Active,True,268.272,2.6023000000000005,78.35000000000001,1,4,3,3,0,Pass,7.1559215,1.0,1.0,1.0,1.0,Favourable,0.6749835,0.897767398252352,0.8323801206297807,83.23801206297807,c1ccc(-c2cc3ccccc3o2)nc1,0.06666666666666667,20,3,2,5,1.0,High Suitability,1.0,1.0,1.0,Favourable,0.8212409436702728,82.12409436702728,149
COc1cnc(C(=O)Nc2ccc(F)c([C@]3(C)Cn4c(C#N)cnc4C(N)=N3)c2)cn1,CHEMBL5073381,8.20,nM,6.3,nM,6.3,8.200659450546418,Highly Active,True,420.40800000000013,1.5790799999999998,144.09999999999997,2,8,4,4,0,Pass,8.266571,0.65,0.7,1.0,0.77,Moderate,0.8578732,0.897767398252352,0.8548249705977372,85.48249705977372,O=C(Nc1cccc(C2Cn3ccnc3C=N2)c1)c1cnccn1,0.2,31,3,3,10,0.65,Moderate Suitability,0.8,0.8,0.7125,Moderate,0.821205278635025,82.1205278635025,150
C[C@@]1(c2cc(NC(=O)c3ncc(C#N)cc3Cl)ccc2F)CO[C@@](C)(C(F)(F)F)C(N)=N1,CHEMBL5073160,8.40,nM,4.0,uM,0.004,8.397940008672037,Highly Active,True,469.8260000000002,3.921680000000001,113.39,2,6,3,3,0,Pass,8.34561,1.0,0.44999999999999996,1.0,0.835,Favourable,0.87088835,0.897767398252352,0.8808325461096695,88.08325461096696,O=C(Nc1cccc(C2COCC=N2)c1)c1ccccn1,0.3,32,2,3,7,0.4,Low Suitability,0.6000000000000001,1.0,0.6900000000000001,Moderate,0.8204886176586151,82.04886176586152,151
CNc1ccc(-c2nc3ccc(O)cc3s2)cn1,CHEMBL570378,7.66,nM,22.0,nM,22.0,7.657577319177793,Highly Active,True,257.31800000000004,3.105600000000001,58.040000000000006,2,5,2,3,0,Pass,7.2961817,1.0,1.0,1.0,1.0,Favourable,0.69807994,0.897767398252352,0.8439283417410783,84.39283417410783,c1cncc(-c2nc3ccccc3s2)c1,0.07692307692307693,18,3,2,4,1.0,High Suitability,0.8,1.0,0.9600000000000001,Favourable,0.8199439749717713,81.99439749717713,152
O=C(COC(=O)Cc1ccc(Cl)cc1)Nc1c2c(nc3ccccc13)CCCC2,CHEMBL3797623,7.11,nM,77.45,nM,77.45,7.110978577904775,Highly Active,True,408.8850000000003,4.491400000000003,68.29,1,4,5,4,0,Pass,7.450193,1.0,1.0,1.0,1.0,Favourable,0.7234409,0.897767398252352,0.8566088126845293,85.66088126845293,O=C(COC(=O)Cc1ccccc1)Nc1c2c(nc3ccccc13)CCCC2,0.2608695652173913,29,3,1,5,1.0,High Suitability,0.6000000000000001,1.0,0.92,Favourable,0.8198925049304963,81.98925049304962,153
CC1=N[C@]2(N=C1N)c1cc(OCCCF)ccc1C[C@]21CC[C@@H](OC(F)F)CC1,CHEMBL3672695,8.80,nM,1.6,nM,1.6,8.795880017344075,Highly Active,True,409.45200000000017,4.1338000000000035,69.2,1,5,6,4,0,Pass,7.443544,1.0,1.0,1.0,1.0,Favourable,0.72234595,0.897767398252352,0.8560613440222673,85.60613440222673,C1=NC2(N=C1)c1ccccc1CC21CCCCC1,0.6190476190476191,29,1,2,5,1.0,High Suitability,0.6000000000000001,1.0,0.92,Favourable,0.8192902894020081,81.92902894020081,154
Fc1ccc2nc(-c3ccc4ncsc4c3)oc2n1,CHEMBL2203388,7.45,nM,35.8,nM,35.8,7.446116973356125,Highly Active,True,271.276,3.638600000000001,51.81,0,5,1,4,0,Pass,7.2877693,1.0,1.0,1.0,1.0,Favourable,0.69669473,0.897767398252352,0.8432357357687883,84.32357357687883,c1cnc2oc(-c3ccc4ncsc4c3)nc2c1,0.0,19,4,0,4,1.0,High Suitability,0.8,1.0,0.9600000000000001,Favourable,0.8191821084022523,81.91821084022523,155
CNc1ccc(-c2nc3ccc(O)cc3s2)nc1F,CHEMBL2048304,7.36,nM,44.0,nM,44.0,7.356547323513812,Highly Active,True,275.30800000000005,3.244700000000001,58.040000000000006,2,5,2,3,0,Pass,7.276506,1.0,1.0,1.0,1.0,Favourable,0.69483995,0.897767398252352,0.842308347100728,84.2308347100728,c1ccc(-c2nc3ccccc3s2)nc1,0.07692307692307693,19,3,2,4,1.0,High Suitability,0.8,1.0,0.9600000000000001,Favourable,0.8181619749069214,81.81619749069215,156
C[C@@]1(c2nc(NC(=O)c3ncc(C#N)cc3Cl)ccc2F)CO[C@@](C)(C(F)(F)F)C(N)=N1,CHEMBL3670365,8.52,nM,3.0,uM,0.003,8.522878745280337,Highly Active,True,470.8140000000002,3.3166800000000016,126.28,2,7,3,3,0,Pass,8.319706,1.0,0.44999999999999996,1.0,0.835,Favourable,0.8666228,0.897767398252352,0.8786997727103165,87.86997727103166,O=C(Nc1cccc(C2COCC=N2)n1)c1ccccn1,0.3157894736842105,32,2,3,8,0.4,Low Suitability,0.6000000000000001,1.0,0.6900000000000001,Moderate,0.8181425490379334,81.81425490379334,157
COc1ccc2nc(-c3ccc(NCCF)nc3)oc2c1,CHEMBL2048300,7.46,nM,35.0,nM,35.0,7.455931955649724,Highly Active,True,287.29400000000004,3.2798000000000007,60.18,1,5,5,3,0,Pass,7.264574,1.0,1.0,1.0,1.0,Favourable,0.69287515,0.897767398252352,0.84132594334554,84.132594334554,c1cncc(-c2nc3ccccc3o2)c1,0.2,21,3,1,5,1.0,High Suitability,0.8,1.0,0.9600000000000001,Favourable,0.8170813426971436,81.70813426971436,158
Cn1ccc2cc(-c3nc4ccc(F)nc4o3)ccc21,CHEMBL2203383,8.10,nM,8.0,nM,8.0,8.096910013008056,Highly Active,True,267.26300000000003,3.5206000000000017,43.85,0,3,1,4,0,Pass,7.2610955,1.0,1.0,1.0,1.0,Favourable,0.69230235,0.897767398252352,0.8410395430273943,84.10395430273942,c1cnc2oc(-c3ccc4[nH]ccc4c3)nc2c1,0.06666666666666667,20,4,0,4,1.0,High Suitability,0.8,1.0,0.9600000000000001,Favourable,0.8167663023471833,81.67663023471833,159
CCCC1(O)CCN(C(=O)OC2([C@H]3CCC[C@@H](CC)N3S(=O)(=O)c3ccc(Cl)cc3)CC2)C1,CHEMBL238271,7.55,nM,28.0,nM,28.0,7.552841968657781,Highly Active,True,499.0730000000002,4.567900000000004,87.15,1,5,7,4,0,Pass,7.797648,1.0,0.75,1.0,0.925,Favourable,0.780656,0.897767398252352,0.8627163599677019,86.27163599677019,O=C(OC1(C2CCCCN2S(=O)(=O)c2ccccc2)CC1)N1CCCC1,0.7083333333333334,33,1,1,7,0.75,High Suitability,0.6000000000000001,1.0,0.8200000000000001,Favourable,0.816360806941986,81.6360806941986,160
C[C@@]1(c2cc(NC(=O)c3ncc(Cl)cc3Cl)ccc2F)CO[C@@](C)(C(F)(F)F)C(N)=N1,CHEMBL5085959,7.66,nM,22.0,uM,0.022000000000000002,7.657577319177793,Highly Active,True,479.2610000000002,4.703400000000002,89.6,2,5,3,3,0,Pass,7.795506,1.0,0.75,1.0,0.925,Favourable,0.78030324,0.897767398252352,0.8625399898238115,86.25399898238115,O=C(Nc1cccc(C2COCC=N2)c1)c1ccccn1,0.3157894736842105,31,2,3,6,0.75,High Suitability,0.6000000000000001,1.0,0.8200000000000001,Favourable,0.8161667938232421,81.61667938232421,161
COc1ccc(CC(=O)OCC(=O)Nc2c3c(nc4ccccc24)CCCC3)cc1,CHEMBL3797646,7.15,nM,71.28,nM,71.28,7.147032308971181,Highly Active,True,404.46600000000024,3.846600000000003,77.52,1,5,6,4,0,Pass,7.3956685,1.0,1.0,1.0,1.0,Favourable,0.7144624,0.897767398252352,0.8521195696539812,85.21195696539812,O=C(COC(=O)Cc1ccccc1)Nc1c2c(nc3ccccc13)CCCC2,0.2916666666666667,30,3,1,6,1.0,High Suitability,0.6000000000000001,1.0,0.92,Favourable,0.8149543197154999,81.49543197154999,162
O=C(COC(=O)c1ccc(O)c(O)c1)Nc1c2c(nc3ccccc13)CCCC2,CHEMBL3800453,7.76,nM,17.36,nM,17.36,7.760450279159527,Highly Active,True,392.41100000000023,3.3203000000000014,108.75000000000001,3,6,4,4,0,Pass,7.7312646,1.0,0.7,1.0,0.9099999999999999,Favourable,0.7697247,0.897767398252352,0.852750733251088,85.27507332510879,O=C(COC(=O)c1ccccc1)Nc1c2c(nc3ccccc13)CCCC2,0.22727272727272727,29,3,3,7,0.65,Moderate Suitability,0.8,1.0,0.8300000000000001,Favourable,0.8138486056327819,81.3848605632782,163
C[C@]1(c2nc(NC(=O)c3ncc(C#N)cc3Cl)ccc2F)N=C(N)OCC1(F)F,CHEMBL2386720,8.10,nM,8.0,nM,8.0,8.096910013008056,Highly Active,True,424.77000000000015,2.5884800000000006,126.28,2,7,3,3,0,Pass,7.729657,1.0,0.7,1.0,0.9099999999999999,Favourable,0.76945996,0.897767398252352,0.8526183513350418,85.26183513350418,O=C(Nc1cccc(C2CCOC=N2)n1)c1ccccn1,0.23529411764705882,29,2,3,8,0.65,Moderate Suitability,0.8,1.0,0.8300000000000001,Favourable,0.8137029914855957,81.37029914855957,164
CO[C@H]1CC[C@]2(CC1)Cc1ccc(-c3cncc(COCC(F)(F)F)c3)cc1C21N=C(C)C(N)=N1,CHEMBL3933883,7.18,nM,66.0,nM,66.0,7.180456064458131,Highly Active,True,486.53800000000024,4.943500000000005,82.09,1,6,5,5,0,Pass,7.762679,1.0,0.75,1.0,0.925,Favourable,0.7748977,0.897767398252352,0.8598372172064714,85.98372172064714,C1=NC2(N=C1)c1cc(-c3cccnc3)ccc1CC21CCCCC1,0.5,35,2,2,6,0.75,High Suitability,0.6000000000000001,1.0,0.8200000000000001,Favourable,0.813193743944168,81.3193743944168,165
CNc1ccc(-c2nc3ccc(OC)cc3o2)cn1,CHEMBL1082889,6.73,nM,185.0,nM,185.0,6.732828271596986,Moderately Active,True,255.27700000000002,2.940100000000001,60.18000000000001,1,5,3,3,0,Pass,7.0669723,1.0,1.0,1.0,1.0,Favourable,0.66033626,0.897767398252352,0.8250564979262285,82.50564979262285,c1cncc(-c2nc3ccccc3o2)c1,0.14285714285714285,19,3,1,5,1.0,High Suitability,1.0,1.0,1.0,Favourable,0.8131849586963653,81.31849586963654,166
O=S(=O)(c1ccc(Cl)cc1)[C@@]12CCC[C@]3(CCOC3)[C@@H]1COc1c(F)ccc(F)c12,CHEMBL3629738,7.86,nM,13.9,nM,13.9,7.856985199745905,Highly Active,True,454.9220000000002,4.886600000000004,52.60000000000001,0,4,2,5,0,Pass,7.750205,1.0,0.75,1.0,0.925,Favourable,0.7728436,0.897767398252352,0.8588101695723467,85.88101695723466,O=S(=O)(c1ccccc1)C12CCCC3(CCOC3)C1COc1ccccc12,0.45454545454545453,30,2,0,4,0.75,High Suitability,0.6000000000000001,1.0,0.8200000000000001,Favourable,0.8120639975070952,81.20639975070952,167
[3H]N(c1ccc(-c2nc3ccc(O)cc3s2)cn1)C([3H])([3H])[3H],CHEMBL1788121,7.24,nM,58.0,nM,58.0,7.236572006437063,Highly Active,True,265.3501971120001,3.105600000000001,58.040000000000006,2,5,2,3,0,Pass,7.2044597,1.0,1.0,1.0,1.0,Favourable,0.68297625,0.897767398252352,0.8363764928526811,83.63764928526811,c1cncc(-c2nc3ccccc3s2)c1,0.07692307692307693,18,3,2,4,1.0,High Suitability,0.8,1.0,0.9600000000000001,Favourable,0.8116369352340699,81.16369352340699,168
O=C(COC(=O)Cc1c[nH]c2ccccc12)Nc1c2c(nc3ccccc13)CCCC2,CHEMBL3799641,7.41,nM,38.96,nM,38.96,7.409381051793422,Highly Active,True,413.47700000000026,4.319300000000003,84.08,2,4,5,5,0,Pass,7.3564234,1.0,1.0,1.0,1.0,Favourable,0.70799994,0.897767398252352,0.8488883422560625,84.88883422560625,O=C(COC(=O)Cc1c[nH]c2ccccc12)Nc1c2c(nc3ccccc13)CCCC2,0.24,31,4,2,6,1.0,High Suitability,0.6000000000000001,1.0,0.92,Favourable,0.8113999755382538,81.13999755382538,169
CC1=NC2(N=C1N)c1cc(-c3ccc(F)c(Cl)c3)ccc1CC21CCOCC1,CHEMBL3653691,6.84,nM,145.0,nM,145.0,6.838631997765026,Moderately Active,True,397.88100000000026,4.483500000000003,59.97,1,4,1,5,0,Pass,7.191163,1.0,1.0,1.0,1.0,Favourable,0.6807866,0.897767398252352,0.8352816747374467,83.52816747374467,C1=NC2(N=C1)c1cc(-c3ccccc3)ccc1CC21CCOCC1,0.36363636363636365,28,2,2,4,1.0,High Suitability,0.8,1.0,0.9600000000000001,Favourable,0.8104326531887055,81.04326531887055,170
CC#Cc1cncc(-c2ccc3c(c2)C2(N=C(C)C(N)=N2)[C@]2(CC[C@H](OC)CC2)C3)c1C,CHEMBL3904970,7.05,nM,89.0,nM,89.0,7.050609993355087,Highly Active,True,426.5640000000003,4.544420000000003,72.86,1,5,2,5,0,Pass,7.341383,1.0,1.0,1.0,1.0,Favourable,0.70552325,0.897767398252352,0.847649996156209,84.7649996156209,C1=NC2(N=C1)c1cc(-c3cccnc3)ccc1CC21CCCCC1,0.4444444444444444,32,2,2,5,1.0,High Suitability,0.6000000000000001,1.0,0.92,Favourable,0.8100378007888794,81.00378007888794,171
CNc1ncc(-c2nc3ccc(O)cc3s2)cc1F,CHEMBL2048307,7.01,nM,98.0,nM,98.0,7.008773924307505,Highly Active,True,275.308,3.244700000000001,58.040000000000006,2,5,2,3,0,Pass,7.185336,1.0,1.0,1.0,1.0,Favourable,0.6798271,0.897767398252352,0.8348019169516496,83.48019169516496,c1cncc(-c2nc3ccccc3s2)c1,0.07692307692307693,19,3,2,4,1.0,High Suitability,0.8,1.0,0.9600000000000001,Favourable,0.8099049136638642,80.99049136638642,172
CNc1ccc(-c2nc3ccc(O)cc3s2)c(F)n1,CHEMBL2048306,6.91,nM,124.0,nM,124.0,6.906578314837764,Moderately Active,True,275.30800000000005,3.244700000000001,58.040000000000006,2,5,2,3,0,Pass,7.169347,1.0,1.0,1.0,1.0,Favourable,0.67719424,0.897767398252352,0.8334854887671403,83.34854887671403,c1cncc(-c2nc3ccccc3s2)c1,0.07692307692307693,19,3,2,4,1.0,High Suitability,0.8,1.0,0.9600000000000001,Favourable,0.8084568486213685,80.84568486213685,173
COc1cc(/C=c2\sc3nc(-c4ccncc4)cn3c2=O)cc(OC)c1O,CHEMBL3286981,7.03,nM,93.0,nM,93.0,7.031517051446065,Highly Active,True,381.4130000000002,2.0885000000000002,85.95,1,7,4,4,0,Pass,7.014056,1.0,1.0,1.0,1.0,Favourable,0.65162265,0.897767398252352,0.8206996964163713,82.06996964163713,O=c1c(=Cc2ccccc2)sc2nc(-c3ccncc3)cn12,0.10526315789473684,27,4,1,7,1.0,High Suitability,1.0,1.0,1.0,Favourable,0.8083924770355224,80.83924770355225,174
CO[C@H]1CC[C@]2(CC1)Cc1ccc(-c3cc(Cl)c(F)c(C#N)c3)cc1[C@@]21N=C(C)C(N)=N1,CHEMBL3974225,9.14,nM,0.72,nM,0.72,9.142667503568731,Highly Active,True,450.9450000000002,5.133780000000006,83.75999999999999,1,5,2,5,1,Pass,8.849484,0.75,0.5,0.75,0.675,Moderate,0.953861,0.897767398252352,0.8368188689894608,83.68188689894608,C1=NC2(N=C1)c1cc(-c3ccccc3)ccc1CC21CCCCC1,0.4,32,2,2,5,0.55,Moderate Suitability,0.35000000000000003,0.85,0.595,Unfavourable,0.8078735728263855,80.78735728263855,175
CC#Cc1cncc(-c2ccc3c(c2)C2(N=C(N)C(CC)=N2)[C@]2(CC[C@H](OC)CC2)C3)c1,CHEMBL3653723,8.70,nM,2.0,nM,2.0,8.698970004336019,Highly Active,True,426.5640000000003,4.6261000000000045,72.86,1,5,3,5,0,Pass,7.3157125,1.0,1.0,1.0,1.0,Favourable,0.7012961,0.897767398252352,0.8455364154524736,84.55364154524736,C1=NC2(N=C1)c1cc(-c3cccnc3)ccc1CC21CCCCC1,0.4444444444444444,32,2,2,5,1.0,High Suitability,0.6000000000000001,1.0,0.92,Favourable,0.8077128620147705,80.77128620147705,176
CC#Cc1cncc(-c2ccc3c(c2)[C@]2(N=C(N)C(CC)=N2)[C@]2(CC[C@H](OC)CC2)C3)c1,CHEMBL5895838,5.00,nM,9970.0,nM,9970.0,5.001304841688344,Low Activity,True,426.5640000000003,4.6261000000000045,72.86,1,5,3,5,0,Pass,7.3157125,1.0,1.0,1.0,1.0,Favourable,0.7012961,0.897767398252352,0.8455364154524736,84.55364154524736,C1=NC2(N=C1)c1cc(-c3cccnc3)ccc1CC21CCCCC1,0.4444444444444444,32,2,2,5,1.0,High Suitability,0.6000000000000001,1.0,0.92,Favourable,0.8077128620147705,80.77128620147705,177
CC#Cc1cncc(-c2ccc3c(c2)[C@@]2(N=C(N)C(CC)=N2)[C@]2(CC[C@H](OC)CC2)C3)c1,CHEMBL5918838,8.92,nM,1.2,nM,1.2,8.920818753952375,Highly Active,True,426.5640000000003,4.6261000000000045,72.86,1,5,3,5,0,Pass,7.3157125,1.0,1.0,1.0,1.0,Favourable,0.7012961,0.897767398252352,0.8455364154524736,84.55364154524736,C1=NC2(N=C1)c1cc(-c3cccnc3)ccc1CC21CCCCC1,0.4444444444444444,32,2,2,5,1.0,High Suitability,0.6000000000000001,1.0,0.92,Favourable,0.8077128620147705,80.77128620147705,178
Oc1ccc2nc(-c3ccc(NCCF)nc3)oc2c1,CHEMBL2048299,6.80,nM,158.0,nM,158.0,6.801342913045577,Moderately Active,True,273.267,2.976800000000001,71.18,2,5,4,3,0,Pass,6.992531,1.0,1.0,1.0,1.0,Favourable,0.6480781,0.897767398252352,0.8189274119086198,81.89274119086198,c1cncc(-c2nc3ccccc3o2)c1,0.14285714285714285,20,3,2,5,1.0,High Suitability,1.0,1.0,1.0,Favourable,0.8064429581165313,80.64429581165314,179
CNc1ccc(-c2cc3ccc(O)cc3o2)cn1,CHEMBL1084943,7.35,nM,45.0,nM,45.0,7.346787486224656,Highly Active,True,240.262,3.2421000000000015,58.29,2,4,2,3,0,Pass,7.1430793,1.0,1.0,1.0,1.0,Favourable,0.6728687,0.897767398252352,0.8313227342314653,83.13227342314653,c1cncc(-c2cc3ccccc3o2)c1,0.07142857142857142,18,3,2,4,1.0,High Suitability,0.8,1.0,0.9600000000000001,Favourable,0.8060778186321259,80.6077818632126,180
CCC1=N[C@]2(N=C1N)c1cc(-c3cncc(Cl)c3)ccc1C[C@]21CC[C@@H](OC)CC1,CHEMBL6063319,4.79,nM,16300.0,nM,16300.0,4.787812395596042,Low Activity,True,422.9600000000003,4.908100000000004,72.86,1,5,3,5,0,Pass,7.291869,1.0,1.0,1.0,1.0,Favourable,0.6973698,0.897767398252352,0.8435732768721513,84.35732768721513,C1=NC2(N=C1)c1cc(-c3cccnc3)ccc1CC21CCCCC1,0.4583333333333333,30,2,2,5,1.0,High Suitability,0.6000000000000001,1.0,0.92,Favourable,0.8055534155368805,80.55534155368805,181
CCC1=N[C@@]2(N=C1N)c1cc(-c3cncc(Cl)c3)ccc1C[C@]21CC[C@@H](OC)CC1,CHEMBL5906775,8.54,nM,2.9,nM,2.9,8.537602002101044,Highly Active,True,422.9600000000003,4.908100000000004,72.86,1,5,3,5,0,Pass,7.291869,1.0,1.0,1.0,1.0,Favourable,0.6973698,0.897767398252352,0.8435732768721513,84.35732768721513,C1=NC2(N=C1)c1cc(-c3cccnc3)ccc1CC21CCCCC1,0.4583333333333333,30,2,2,5,1.0,High Suitability,0.6000000000000001,1.0,0.92,Favourable,0.8055534155368805,80.55534155368805,182
CCC1=NC2(N=C1N)c1cc(-c3cncc(Cl)c3)ccc1C[C@]21CC[C@@H](OC)CC1,CHEMBL3653722,8.24,nM,5.7,nM,5.7,8.244125144327509,Highly Active,True,422.9600000000003,4.908100000000004,72.86,1,5,3,5,0,Pass,7.291869,1.0,1.0,1.0,1.0,Favourable,0.6973698,0.897767398252352,0.8435732768721513,84.35732768721513,C1=NC2(N=C1)c1cc(-c3cccnc3)ccc1CC21CCCCC1,0.4583333333333333,30,2,2,5,1.0,High Suitability,0.6000000000000001,1.0,0.92,Favourable,0.8055534155368805,80.55534155368805,183
[3H]C([3H])([3H])N(c1ccc(-c2nc3ccc(O)cc3o2)cn1)C([3H])([3H])[3H],CHEMBL1744463,7.07,nM,85.0,nM,85.0,7.070581074285707,Highly Active,True,267.3252956680001,2.6614000000000004,62.39,1,5,2,3,0,Pass,6.972818,1.0,1.0,1.0,1.0,Favourable,0.6448319,0.897767398252352,0.8173043178267412,81.73043178267412,c1cncc(-c2nc3ccccc3o2)c1,0.14285714285714285,19,3,1,5,1.0,High Suitability,1.0,1.0,1.0,Favourable,0.8046575605869293,80.46575605869293,184
COc1ccc(/C=C/C(=O)OCC(=O)Nc2c3c(nc4ccccc24)CCCC3)cc1OC,CHEMBL3800317,7.31,nM,49.14,nM,49.14,7.308564847855938,Highly Active,True,446.50300000000027,4.325900000000003,86.75,1,6,7,4,0,Pass,7.270114,1.0,1.0,1.0,1.0,Favourable,0.69378746,0.897767398252352,0.8417820976920061,84.1782097692006,O=C(COC(=O)C=Cc1ccccc1)Nc1c2c(nc3ccccc13)CCCC2,0.2692307692307692,33,3,1,7,1.0,High Suitability,0.6000000000000001,1.0,0.92,Favourable,0.8035830945968628,80.35830945968628,185
CO[C@H]1CC[C@]2(CC1)Cc1ccc(C#N)cc1C21N=C(C)C(N)=N1,CHEMBL3985516,6.73,nM,188.0,nM,188.0,6.7258421507363195,Moderately Active,True,322.4120000000001,2.6742800000000004,83.75999999999999,1,5,1,4,0,Pass,6.9591618,1.0,1.0,1.0,1.0,Favourable,0.64258325,0.897767398252352,0.816179995412343,81.6179995412343,C1=NC2(N=C1)c1ccccc1CC21CCCCC1,0.5263157894736842,24,1,2,5,1.0,High Suitability,1.0,1.0,1.0,Favourable,0.8034207940101623,80.34207940101624,186
CC1=N[C@@]2(N=C1N)c1cc(-c3cc(Cl)cc(C#N)c3)ccc1C[C@]21CC[C@@H](O)CC1,CHEMBL3672699,6.67,nM,216.0,nM,216.0,6.665546248849069,Moderately Active,True,418.9280000000003,4.340580000000003,94.76,2,5,1,5,0,Pass,7.767149,1.0,0.7,1.0,0.9099999999999999,Favourable,0.7756337,0.897767398252352,0.8557052162833145,85.57052162833145,C1=NC2(N=C1)c1cc(-c3ccccc3)ccc1CC21CCCCC1,0.375,30,2,3,5,0.65,Moderate Suitability,0.6000000000000001,1.0,0.79,Moderate,0.8030985488891601,80.309854888916,187
CC1=N[C@]2(N=C1N)c1cc(-c3cc(Cl)cc(C#N)c3)ccc1C[C@]21CC[C@@H](O)CC1,CHEMBL3672698,8.80,nM,1.6,nM,1.6,8.795880017344075,Highly Active,True,418.9280000000003,4.340580000000003,94.76,2,5,1,5,0,Pass,7.767149,1.0,0.7,1.0,0.9099999999999999,Favourable,0.7756337,0.897767398252352,0.8557052162833145,85.57052162833145,C1=NC2(N=C1)c1cc(-c3ccccc3)ccc1CC21CCCCC1,0.375,30,2,3,5,0.65,Moderate Suitability,0.6000000000000001,1.0,0.79,Moderate,0.8030985488891601,80.309854888916,188
CC1(C)OC(N)=N[C@](C)(c2nc(NC(=O)c3ncc(C#N)cc3Cl)ccc2F)C1(F)F,CHEMBL2386721,8.15,nM,7.0,nM,7.0,8.154901959985743,Highly Active,True,452.8240000000001,3.3670800000000005,126.28,2,7,3,3,0,Pass,8.15254,1.0,0.44999999999999996,1.0,0.835,Favourable,0.83909583,0.897767398252352,0.8649362853712967,86.49362853712968,O=C(Nc1cccc(C2CCOC=N2)n1)c1ccccn1,0.3157894736842105,31,2,3,8,0.4,Low Suitability,0.6000000000000001,1.0,0.6900000000000001,Moderate,0.803002730846405,80.30027308464051,189
CNc1ccc(-c2cc3ccc(OC)cc3o2)cn1,CHEMBL1084944,7.18,nM,66.0,nM,66.0,7.180456064458131,Highly Active,True,254.289,3.5451000000000015,47.29,1,4,3,3,0,Pass,7.092815,1.0,1.0,1.0,1.0,Favourable,0.6645918,0.897767398252352,0.8271842645354204,82.71842645354204,c1cncc(-c2cc3ccccc3o2)c1,0.13333333333333333,19,3,1,4,1.0,High Suitability,0.8,1.0,0.9600000000000001,Favourable,0.8015254840850831,80.15254840850831,190
CNc1ccc(-c2nc3cc(O)ccc3s2)cn1,CHEMBL1082546,7.13,nM,74.0,nM,74.0,7.130768280269024,Highly Active,True,257.31800000000004,3.105600000000001,58.040000000000006,2,5,2,3,0,Pass,7.0867114,1.0,1.0,1.0,1.0,Favourable,0.66358674,0.897767398252352,0.8266817377753191,82.6681737775319,c1cncc(-c2nc3ccccc3s2)c1,0.07692307692307693,18,3,2,4,1.0,High Suitability,0.8,1.0,0.9600000000000001,Favourable,0.8009727106094361,80.09727106094361,191
CCS(=O)(=O)NC[C@@H]1CCC[C@@]2(S(=O)(=O)c3ccc(Cl)cc3)c3c(F)ccc(F)c3OC[C@@H]12,CHEMBL1086286,9.00,nM,1.0,nM,1.0,9.0,Highly Active,True,520.0190000000002,4.035400000000003,89.54,1,5,6,4,1,Pass,8.442166,0.75,0.75,0.75,0.75,Moderate,0.88678825,0.897767398252352,0.8257824944205215,82.57824944205215,O=S(=O)(c1ccccc1)C12CCCCC1COc1ccccc12,0.45454545454545453,33,2,1,6,0.75,High Suitability,0.4000000000000001,0.75,0.6800000000000002,Moderate,0.8007335429191589,80.07335429191589,192
CO[C@]1(C)CC[C@@]2(CC1)Cc1ccc(Br)cc1C21N=C(C)C(N)=N1,CHEMBL6062755,7.29,nM,51.0,nM,51.0,7.292429823902063,Highly Active,True,390.32500000000016,3.9552000000000023,59.97,1,4,1,4,0,Pass,7.075342,1.0,1.0,1.0,1.0,Favourable,0.66171455,0.897767398252352,0.8257456468291215,82.57456468291215,C1=NC2(N=C1)c1ccccc1CC21CCCCC1,0.5789473684210527,24,1,2,4,1.0,High Suitability,0.8,1.0,0.9600000000000001,Favourable,0.7999430105686188,79.99430105686189,193
[3H]C([3H])([3H])N(c1ncc(-c2nc3ccc(O)cc3o2)cn1)C([3H])([3H])[3H],CHEMBL1744464,7.12,nM,75.0,nM,75.0,7.1249387366083,Highly Active,True,268.3132956680001,2.0563999999999996,75.28,1,6,2,3,0,Pass,6.919538,1.0,1.0,1.0,1.0,Favourable,0.63605845,0.897767398252352,0.8129175947852068,81.29175947852067,c1ccc2oc(-c3cncnc3)nc2c1,0.15384615384615385,19,3,1,6,1.0,High Suitability,1.0,1.0,1.0,Favourable,0.799832147359848,79.9832147359848,194
COc1cc(/C=c2\sc3nc(-c4ccncc4C)cn3c2=O)cc(OC)c1O,CHEMBL3286987,7.50,nM,32.0,nM,32.0,7.494850021680094,Highly Active,True,395.44000000000017,2.39692,85.95,1,7,4,4,0,Pass,6.909018,1.0,1.0,1.0,1.0,Favourable,0.6343261,0.897767398252352,0.8120514200873308,81.20514200873308,O=c1c(=Cc2ccccc2)sc2nc(-c3ccncc3)cn12,0.15,28,4,1,7,1.0,High Suitability,1.0,1.0,1.0,Favourable,0.7988793671131134,79.88793671131134,195
COc1cc(C(=O)OCC(=O)Nc2c3c(nc4ccccc24)CCCC3)ccc1O,CHEMBL3797381,7.43,nM,37.36,nM,37.36,7.427593132441944,Highly Active,True,406.4380000000002,3.6233000000000026,97.75,2,6,5,4,0,Pass,7.7111783,1.0,0.7,1.0,0.9099999999999999,Favourable,0.76641715,0.897767398252352,0.85109694277715,85.109694277715,O=C(COC(=O)c1ccccc1)Nc1c2c(nc3ccccc13)CCCC2,0.2608695652173913,30,3,2,7,0.65,Moderate Suitability,0.6000000000000001,1.0,0.79,Moderate,0.7980294420719146,79.80294420719146,196
COc1cc(/C=c2\sc3nc(-c4ccc(Cl)cc4)cn3c2=O)cc(Br)c1O,CHEMBL3286984,7.75,nM,18.0,nM,18.0,7.7447274948966935,Highly Active,True,463.7400000000001,4.100800000000003,63.83,1,5,3,4,0,Pass,7.5902543,1.0,0.75,1.0,0.925,Favourable,0.74650466,0.897767398252352,0.8456407021231584,84.56407021231584,O=c1c(=Cc2ccccc2)sc2nc(-c3ccccc3)cn12,0.05263157894736842,27,4,1,5,0.75,High Suitability,0.6000000000000001,1.0,0.8200000000000001,Favourable,0.7975775654315947,79.75775654315947,197
O=C(COC(=O)/C=C/c1ccc(Cl)cc1)Nc1c2c(nc3ccccc13)CCCC2,CHEMBL3799175,7.29,nM,51.77,nM,51.77,7.285921835018144,Highly Active,True,420.8960000000003,4.962100000000004,68.29,1,4,5,4,0,Pass,7.192877,1.0,1.0,1.0,1.0,Favourable,0.6810689,0.897767398252352,0.8354228185362749,83.54228185362749,O=C(COC(=O)C=Cc1ccccc1)Nc1c2c(nc3ccccc13)CCCC2,0.20833333333333334,30,3,1,5,1.0,High Suitability,0.6000000000000001,1.0,0.92,Favourable,0.796587893486023,79.6587893486023,198
CC[C@@H]1CCC[C@H](C2(OC(=O)N3CC[C@@H](O)C3)CC2)N1S(=O)(=O)c1ccc(Cl)cc1,CHEMBL240286,7.25,nM,56.0,nM,56.0,7.251811972993799,Highly Active,True,456.9920000000001,3.3976000000000024,87.15,1,5,5,4,0,Pass,7.554533,1.0,0.75,1.0,0.925,Favourable,0.7406225,0.897767398252352,0.8426996301360064,84.26996301360063,O=C(OC1(C2CCCCN2S(=O)(=O)c2ccccc2)CC1)N1CCCC1,0.6666666666666666,30,1,1,7,0.75,High Suitability,0.6000000000000001,1.0,0.8200000000000001,Favourable,0.7943424041271209,79.43424041271209,199
[3H]C([3H])([3H])N(c1ccc(-c2nc3ccc(OC)cc3o2)cn1)C([3H])([3H])[3H],CHEMBL1744462,6.69,nM,204.0,nM,204.0,6.690369832574101,Moderately Active,True,281.35229566800007,2.9644000000000013,51.39,0,5,3,3,0,Pass,6.8525834,1.0,1.0,1.0,1.0,Favourable,0.625033,0.897767398252352,0.8074048803992204,80.74048803992204,c1cncc(-c2nc3ccccc3o2)c1,0.2,20,3,0,5,1.0,High Suitability,1.0,1.0,1.0,Favourable,0.7937681794166564,79.37681794166565,200
CC1=N[C@]2(CC3(CCCOC3)Oc3ccc(-c4cccc(Cl)c4)cc32)N=C1N,CHEMBL5785174,7.04,nM,91.0,nM,91.0,7.040958607678906,Highly Active,True,395.89000000000004,4.323200000000004,69.2,1,5,1,5,0,Pass,6.9978733,1.0,1.0,1.0,1.0,Favourable,0.64895785,0.897767398252352,0.8193672941870622,81.93672941870622,C1=NC2(CC3(CCCOC3)Oc3ccc(-c4ccccc4)cc32)N=C1,0.36363636363636365,28,2,2,5,1.0,High Suitability,0.8,1.0,0.9600000000000001,Favourable,0.792926828622818,79.29268286228181,201
CC1=N[C@@]2(CC3(CCCOC3)Oc3ccc(-c4cccc(Cl)c4)cc32)N=C1N,CHEMBL5961923,6.91,nM,124.0,nM,124.0,6.906578314837764,Moderately Active,True,395.89000000000004,4.323200000000004,69.2,1,5,1,5,0,Pass,6.9978733,1.0,1.0,1.0,1.0,Favourable,0.64895785,0.897767398252352,0.8193672941870622,81.93672941870622,C1=NC2(CC3(CCCOC3)Oc3ccc(-c4ccccc4)cc32)N=C1,0.36363636363636365,28,2,2,5,1.0,High Suitability,0.8,1.0,0.9600000000000001,Favourable,0.792926828622818,79.29268286228181,202
CCC[C@@H]1CCC[C@H](C2(OC(=O)N3CC[C@@H](O)C3)CC2)N1S(=O)(=O)c1ccc(Cl)cc1,CHEMBL240285,7.33,nM,47.0,nM,47.0,7.327902142064282,Highly Active,True,471.0190000000001,3.7877000000000036,87.15,1,5,6,4,0,Pass,7.5316615,1.0,0.75,1.0,0.925,Favourable,0.7368562,0.897767398252352,0.8408164809889727,84.08164809889726,O=C(OC1(C2CCCCN2S(=O)(=O)c2ccccc2)CC1)N1CCCC1,0.6818181818181818,31,1,1,7,0.75,High Suitability,0.6000000000000001,1.0,0.8200000000000001,Favourable,0.7922709341049193,79.22709341049193,203
COc1cc(/C=C/C(=O)OCc2cn(-c3cc4ccccc4oc3=O)nn2)ccc1O,CHEMBL5597948,8.10,nM,8.0,uM,0.008,8.096910013008056,Highly Active,True,419.39300000000014,2.8445000000000014,116.68,1,8,6,4,0,Pass,7.488747,1.0,0.7,1.0,0.9099999999999999,Favourable,0.7297896,0.897767398252352,0.8327831772513321,83.2783177251332,O=C(C=Cc1ccccc1)OCc1cn(-c2cc3ccccc3oc2=O)nn1,0.09090909090909091,31,4,1,9,0.65,Moderate Suitability,0.8,1.0,0.8300000000000001,Favourable,0.7918842940330505,79.18842940330505,204
CO[C@H]1CC[C@]2(CC1)Cc1ccc(Br)cc1C21N=C(C)C(N)=N1,CHEMBL3946143,6.79,nM,163.0,nM,163.0,6.787812395596042,Moderately Active,True,376.2980000000002,3.565100000000002,59.97,1,4,1,4,0,Pass,6.984116,1.0,1.0,1.0,1.0,Favourable,0.6466924,0.897767398252352,0.8182345675177507,81.82345675177507,C1=NC2(N=C1)c1ccccc1CC21CCCCC1,0.5555555555555556,23,1,2,4,1.0,High Suitability,0.8,1.0,0.9600000000000001,Favourable,0.7916808233261109,79.16808233261109,205
COC1CCC2(CC1)Cc1ccc(Br)cc1[C@@]21N=C(C)C(N)=N1,CHEMBL3653668,7.28,nM,53.0,nM,53.0,7.275724130399211,Highly Active,True,376.2980000000002,3.565100000000002,59.97,1,4,1,4,0,Pass,6.984116,1.0,1.0,1.0,1.0,Favourable,0.6466924,0.897767398252352,0.8182345675177507,81.82345675177507,C1=NC2(N=C1)c1ccccc1CC21CCCCC1,0.5555555555555556,23,1,2,4,1.0,High Suitability,0.8,1.0,0.9600000000000001,Favourable,0.7916808233261109,79.16808233261109,206
COc1cc(C#N)cc(-c2ccc3c(c2)[C@]2(N=C(C)C(N)=N2)[C@]2(CC[C@H](OC)CC2)C3)c1,CHEMBL4111546,9.08,nM,0.84,nM,0.84,9.075720713938118,Highly Active,True,428.53600000000034,4.349880000000003,92.99,1,6,3,5,0,Pass,7.604822,1.0,0.7,1.0,0.9099999999999999,Favourable,0.7489035,0.897767398252352,0.8423401263899735,84.23401263899734,C1=NC2(N=C1)c1cc(-c3ccccc3)ccc1CC21CCCCC1,0.4230769230769231,32,2,2,6,0.65,Moderate Suitability,0.6000000000000001,1.0,0.79,Moderate,0.7883969440460205,78.83969440460204,207
COc1cc(C#N)cc(-c2ccc3c(c2)[C@@]2(N=C(C)C(N)=N2)[C@]2(CC[C@H](OC)CC2)C3)c1,CHEMBL3902302,5.23,nM,5870.0,nM,5870.0,5.231361898752386,Low Activity,True,428.53600000000034,4.349880000000003,92.99,1,6,3,5,0,Pass,7.604822,1.0,0.7,1.0,0.9099999999999999,Favourable,0.7489035,0.897767398252352,0.8423401263899735,84.23401263899734,C1=NC2(N=C1)c1cc(-c3ccccc3)ccc1CC21CCCCC1,0.4230769230769231,32,2,2,6,0.65,Moderate Suitability,0.6000000000000001,1.0,0.79,Moderate,0.7883969440460205,78.83969440460204,208
COc1cc(C#N)cc(-c2ccc3c(c2)C2(N=C(C)C(N)=N2)[C@]2(CC[C@H](OC)CC2)C3)c1,CHEMBL3907727,8.66,nM,2.2,nM,2.2,8.657577319177793,Highly Active,True,428.53600000000034,4.349880000000003,92.99,1,6,3,5,0,Pass,7.604822,1.0,0.7,1.0,0.9099999999999999,Favourable,0.7489035,0.897767398252352,0.8423401263899735,84.23401263899734,C1=NC2(N=C1)c1cc(-c3ccccc3)ccc1CC21CCCCC1,0.4230769230769231,32,2,2,6,0.65,Moderate Suitability,0.6000000000000001,1.0,0.79,Moderate,0.7883969440460205,78.83969440460204,209
O=S(=O)(c1ccc(Cl)cc1)[C@@]12CCO[C@@H](CCC(O)CO)[C@@H]1COc1c(F)ccc(F)c12,CHEMBL3659994,7.82,nM,15.0,nM,15.0,7.823908740944319,Highly Active,True,488.93600000000026,3.218300000000002,93.06000000000002,2,6,6,4,0,Pass,7.9779105,1.0,0.44999999999999996,1.0,0.835,Favourable,0.8103397,0.897767398252352,0.8505582145399979,85.0558214539998,O=S(=O)(c1ccccc1)C12CCOCC1COc1ccccc12,0.45454545454545453,32,2,2,6,0.4,Low Suitability,0.6000000000000001,1.0,0.6900000000000001,Moderate,0.7871868469715119,78.71868469715119,210
[3H]N(c1ccc(-c2nc3ccc(O)cc3o2)cn1)C([3H])([3H])[3H],CHEMBL1744461,6.74,nM,182.0,nM,182.0,6.739928612014925,Moderately Active,True,249.282197112,2.6371,71.18,2,5,2,3,0,Pass,6.779666,1.0,1.0,1.0,1.0,Favourable,0.6130258,0.897767398252352,0.801401262158864,80.1401262158864,c1cncc(-c2nc3ccccc3o2)c1,0.07692307692307693,18,3,2,5,1.0,High Suitability,1.0,1.0,1.0,Favourable,0.7871641933917999,78.71641933917999,211
COc1cc(OC)cc(C(=O)OCC(=O)Nc2c3c(nc4ccccc24)CCCC3)c1,CHEMBL3798989,7.25,nM,55.86,nM,55.86,7.252899068635013,Highly Active,True,420.4650000000002,3.926300000000003,86.75,1,6,6,4,0,Pass,7.0716558,1.0,1.0,1.0,1.0,Favourable,0.66110754,0.897767398252352,0.8254421399779253,82.54421399779253,O=C(COC(=O)c1ccccc1)Nc1c2c(nc3ccccc13)CCCC2,0.2916666666666667,31,3,1,7,1.0,High Suitability,0.6000000000000001,1.0,0.92,Favourable,0.7856091649532319,78.56091649532318,212
CC1=NC2(N=C1N)c1cc(-c3cc(Cl)cc(C#N)c3)ccc1C[C@]21CC[C@@H](OC(F)F)CC1,CHEMBL3639562,8.89,nM,1.3,nM,1.3,8.886056647693163,Highly Active,True,468.9350000000003,5.587480000000004,83.76,1,5,3,5,1,Pass,8.599721,0.75,0.5,0.75,0.675,Moderate,0.9127326,0.897767398252352,0.8162546704955033,81.62546704955032,C1=NC2(N=C1)c1cc(-c3ccccc3)ccc1CC21CCCCC1,0.4,33,2,2,5,0.55,Moderate Suitability,0.35000000000000003,0.85,0.595,Unfavourable,0.7852529544830322,78.52529544830323,213
Cc1cc(OC(F)F)cnc1C(=O)Nc1ccc(F)c([C@]2(C)CO[C@@](C)(C(F)(F)F)C(N)=N2)c1,CHEMBL5086270,8.22,nM,6.0,uM,0.006,8.221848749616356,Highly Active,True,490.4040000000003,4.306420000000003,98.83,2,6,5,3,0,Pass,7.950315,1.0,0.44999999999999996,1.0,0.835,Favourable,0.80579555,0.897767398252352,0.8482861450858048,84.82861450858049,O=C(Nc1cccc(C2COCC=N2)c1)c1ccccn1,0.38095238095238093,34,2,3,7,0.4,Low Suitability,0.6000000000000001,1.0,0.6900000000000001,Moderate,0.784687564611435,78.4687564611435,214
O=C(OC1([C@H]2CCC[C@@H](C3CC3)N2S(=O)(=O)c2ccc(Cl)cc2)CC1)N1CC[C@@H](O)C1,CHEMBL398395,7.34,nM,46.0,nM,46.0,7.337242168318426,Highly Active,True,469.00300000000027,3.3976000000000024,87.15,1,5,5,5,0,Pass,7.4448104,1.0,0.75,1.0,0.925,Favourable,0.72255456,0.897767398252352,0.8336656521506243,83.36656521506242,O=C(OC1(C2CCCC(C3CC3)N2S(=O)(=O)c2ccccc2)CC1)N1CCCC1,0.6818181818181818,31,1,1,7,0.75,High Suitability,0.6000000000000001,1.0,0.8200000000000001,Favourable,0.7844050283432006,78.44050283432006,215
COC1CCC2(CC1)Cc1cc(F)c(Br)cc1C21N=C(C)C(N)=N1,CHEMBL3672708,6.75,nM,176.0,nM,176.0,6.75448733218585,Moderately Active,True,394.2880000000002,3.704200000000002,59.97,1,4,1,4,0,Pass,6.8884525,1.0,1.0,1.0,1.0,Favourable,0.6309396,0.897767398252352,0.8103581713385515,81.03581713385515,C1=NC2(N=C1)c1ccccc1CC21CCCCC1,0.5555555555555556,24,1,2,4,1.0,High Suitability,0.8,1.0,0.9600000000000001,Favourable,0.7830167815685273,78.30167815685273,216
C[C@@]1(c2cc(NC(=O)c3ncc(Br)cn3)ccc2F)CO[C@@](C)(C(F)(F)F)C(N)=N1,CHEMBL3653404,8.30,nM,5.0,uM,0.005,8.301029995663981,Highly Active,True,490.25500000000017,3.554100000000002,102.49,2,6,3,3,0,Pass,7.922716,1.0,0.44999999999999996,1.0,0.835,Favourable,0.8012508,0.897767398252352,0.8460137776083878,84.60137776083879,O=C(Nc1cccc(C2COCC=N2)c1)c1ncccn1,0.3333333333333333,30,2,3,7,0.4,Low Suitability,0.6000000000000001,1.0,0.6900000000000001,Moderate,0.7821879544258118,78.21879544258118,217
CO[C@H]1CC[C@@]2(CCc3ccc(Br)cc3C23N=C(C)C(N)=N3)CC1,CHEMBL3672721,7.11,nM,78.0,nM,78.0,7.107905397309519,Highly Active,True,390.3250000000003,3.9552000000000023,59.97,1,4,1,4,0,Pass,6.8761334,1.0,1.0,1.0,1.0,Favourable,0.628911,0.897767398252352,0.8093438790984087,80.93438790984086,C1=NC2(N=C1)c1ccccc1CCC21CCCCC1,0.5789473684210527,24,1,2,4,1.0,High Suitability,0.8,1.0,0.9600000000000001,Favourable,0.7819010720252991,78.19010720252992,218
CC[C@@H]1CCC[C@H](C2(OC(=O)N3CCC(N4CCCCC4)CC3)CC2)N1S(=O)(=O)c1ccc(F)c(F)c1,CHEMBL236190,8.16,nM,6.9,nM,6.9,8.161150909262744,Highly Active,True,539.6890000000004,4.906100000000005,70.16,0,5,6,5,1,Pass,8.207016,0.75,0.75,0.75,0.75,Moderate,0.8480662,0.897767398252352,0.8064214752860001,80.6421475286,O=C(OC1(C2CCCCN2S(=O)(=O)c2ccccc2)CC1)N1CCC(N2CCCCC2)CC1,0.7407407407407407,37,1,0,7,0.75,High Suitability,0.4000000000000001,0.75,0.6800000000000002,Moderate,0.7794364159107208,77.94364159107208,219
CC1=NC2(N=C1N)c1cc(-c3cc(F)cc(F)c3)ccc1CCC21CC1,CHEMBL3672719,6.93,nM,118.0,nM,118.0,6.928117992693874,Moderately Active,True,351.4000000000002,4.3427000000000024,50.739999999999995,1,3,1,5,0,Pass,6.8480635,1.0,1.0,1.0,1.0,Favourable,0.6242888,0.897767398252352,0.8070327686018877,80.70327686018877,C1=NC2(N=C1)c1cc(-c3ccccc3)ccc1CCC21CC1,0.3333333333333333,26,2,2,3,1.0,High Suitability,0.8,1.0,0.9600000000000001,Favourable,0.7793588445186616,77.93588445186616,220
C[C@@]1(c2nc(NC(=O)c3ncc(C#N)cc3N)ccc2F)CO[C@@](C)(C(F)(F)F)C(N)=N1,CHEMBL3670368,8.30,nM,5.0,uM,0.005,8.301029995663981,Highly Active,True,451.3840000000002,2.24548,152.3,3,8,3,3,0,Pass,8.179879,0.65,0.44999999999999996,1.0,0.6950000000000001,Moderate,0.84359765,0.897767398252352,0.8251871951765947,82.51871951765946,O=C(Nc1cccc(C2COCC=N2)n1)c1ccccn1,0.3157894736842105,32,2,5,9,0.4,Low Suitability,0.8,0.8,0.6125,Moderate,0.7783537077903747,77.83537077903748,221
CC#CCOc1cnc(C(=O)Nc2ccc3c(c2)C2(CCO3)N=C(C)C(N)=N2)cn1,CHEMBL3653663,7.66,nM,22.0,nM,22.0,7.657577319177793,Highly Active,True,404.43000000000023,1.898,124.08,2,8,4,4,0,Pass,7.338505,1.0,0.7,1.0,0.9099999999999999,Favourable,0.7050493,0.897767398252352,0.8204130080885819,82.04130080885818,O=C(Nc1ccc2c(c1)C1(CCO2)N=CC=N1)c1cnccn1,0.2857142857142857,30,2,3,9,0.65,Moderate Suitability,0.8,1.0,0.8300000000000001,Favourable,0.7782771198749542,77.82771198749542,222
Oc1ccc2nc(-c3ccc(NCCCF)nc3)sc2c1,CHEMBL2048303,7.18,nM,66.0,nM,66.0,7.180456064458131,Highly Active,True,303.362,3.8354000000000017,58.040000000000006,2,5,5,3,0,Pass,6.8163085,1.0,1.0,1.0,1.0,Favourable,0.6190597,0.897767398252352,0.8044182108588152,80.44182108588151,c1cncc(-c2nc3ccccc3s2)c1,0.2,21,3,2,4,1.0,High Suitability,0.8,1.0,0.9600000000000001,Favourable,0.7764828310012818,77.64828310012818,223
CN(C)c1ccc(-c2nc3cc(O)ccc3o2)cn1,CHEMBL1083207,6.86,nM,137.0,nM,137.0,6.863279432843593,Moderately Active,True,255.277,2.6614000000000004,62.39,1,5,2,3,0,Pass,6.650847,1.0,1.0,1.0,1.0,Favourable,0.5918133,0.897767398252352,0.7907950328535966,79.07950328535966,c1cncc(-c2nc3ccccc3o2)c1,0.14285714285714285,19,3,1,5,1.0,High Suitability,1.0,1.0,1.0,Favourable,0.7754973292350769,77.54973292350769,224
CCS(=O)(=O)CC[C@@H]1CCC[C@@]2(S(=O)(=O)c3ccc(Cl)cc3)c3c(F)ccc(F)c3OC[C@@H]12,CHEMBL3659992,8.00,nM,10.0,nM,10.0,8.0,Highly Active,True,519.0310000000002,4.920900000000005,77.51,0,5,6,4,1,Pass,8.158931,0.75,0.75,0.75,0.75,Moderate,0.8401481,0.897767398252352,0.8024624155707291,80.2462415570729,O=S(=O)(c1ccccc1)C12CCCCC1COc1ccccc12,0.4782608695652174,33,2,0,5,0.75,High Suitability,0.4000000000000001,0.75,0.6800000000000002,Moderate,0.7750814621448516,77.50814621448517,225
CNc1ncc(-c2nc3ccc(O)cc3s2)cn1,CHEMBL1077196,6.57,nM,267.0,nM,267.0,6.573488738635424,Moderately Active,True,258.306,2.5006000000000004,70.93,2,6,2,3,0,Pass,6.6335635,1.0,1.0,1.0,1.0,Favourable,0.5889672,0.897767398252352,0.7893719719595842,78.93719719595842,c1ccc2sc(-c3cncnc3)nc2c1,0.08333333333333333,18,3,2,5,1.0,High Suitability,1.0,1.0,1.0,Favourable,0.7739319622516632,77.39319622516632,226
CC1=N[C@@]2(N=C1N)c1cc(Br)ccc1C[C@]21CC[C@@H](O)CC1,CHEMBL3672688,7.02,nM,96.0,nM,96.0,7.017728766960431,Highly Active,True,362.27100000000024,2.9110000000000014,70.97,2,4,0,4,0,Pass,6.62909,1.0,1.0,1.0,1.0,Favourable,0.5882305,0.897767398252352,0.7890036152548723,78.90036152548723,C1=NC2(N=C1)c1ccccc1CC21CCCCC1,0.5294117647058824,22,1,3,4,1.0,High Suitability,1.0,1.0,1.0,Favourable,0.7735267698764801,77.35267698764801,227
CC1=NC2(N=C1N)c1cc(Br)ccc1C[C@]21CC[C@@H](O)CC1,CHEMBL3672687,8.62,nM,2.4,nM,2.4,8.619788758288394,Highly Active,True,362.27100000000024,2.9110000000000014,70.97,2,4,0,4,0,Pass,6.62909,1.0,1.0,1.0,1.0,Favourable,0.5882305,0.897767398252352,0.7890036152548723,78.90036152548723,C1=NC2(N=C1)c1ccccc1CC21CCCCC1,0.5294117647058824,22,1,3,4,1.0,High Suitability,1.0,1.0,1.0,Favourable,0.7735267698764801,77.35267698764801,228
COc1cc(/C=C/C(=O)CC(=O)/C=C/c2cncc(C(F)(F)F)c2)ccc1O,CHEMBL3667035,7.00,nM,100.0,nM,100.0,7.0,Highly Active,True,391.345,4.069500000000003,76.49000000000001,1,5,7,2,0,Pass,6.782443,1.0,1.0,1.0,1.0,Favourable,0.6134831,0.897767398252352,0.8016299055762224,80.16299055762224,O=C(C=Cc1ccccc1)CC(=O)C=Cc1cccnc1,0.15,28,2,1,5,1.0,High Suitability,0.8,1.0,0.9600000000000001,Favourable,0.7734156951904297,77.34156951904298,229
C[C@]1(c2nc(NC(=O)c3ncc(F)cc3N)ccc2F)N=C(N)OCC1(F)F,CHEMBL4109969,7.06,nM,88.0,nM,88.0,7.055517327849831,Highly Active,True,398.3200000000001,1.7847000000000002,128.51,3,7,3,3,0,Pass,7.117086,1.0,0.7,1.0,0.9099999999999999,Favourable,0.6685884,0.897767398252352,0.80218256985616,80.218256985616,O=C(Nc1cccc(C2CCOC=N2)n1)c1ccccn1,0.25,28,2,5,8,0.65,Moderate Suitability,1.0,1.0,0.8700000000000001,Favourable,0.7722236139774322,77.22236139774323,230
C[C@@]1(c2nc(NC(=O)c3ncc(Cl)cc3Cl)ccc2F)CO[C@@](C)(C(F)(F)F)C(N)=N1,CHEMBL3670372,8.00,nM,10.0,uM,0.01,8.0,Highly Active,True,480.2490000000002,4.0984000000000025,102.49,2,6,3,3,0,Pass,7.81045,1.0,0.44999999999999996,1.0,0.835,Favourable,0.7827641,0.897767398252352,0.8367704085059098,83.67704085059098,O=C(Nc1cccc(C2COCC=N2)n1)c1ccccn1,0.3333333333333333,31,2,3,7,0.4,Low Suitability,0.6000000000000001,1.0,0.6900000000000001,Moderate,0.7720202662944794,77.20202662944794,231
CCC1=NC2(N=C1N)c1cc(-c3cncc(C#N)c3)ccc1C[C@]21CC[C@@H](OC)CC1,CHEMBL3653724,7.68,nM,21.0,nM,21.0,7.6777807052660805,Highly Active,True,413.5250000000003,4.126380000000004,96.64999999999999,1,6,3,5,0,Pass,7.4154515,1.0,0.7,1.0,0.9099999999999999,Favourable,0.71772003,0.897767398252352,0.8267483857817581,82.67483857817581,C1=NC2(N=C1)c1cc(-c3cccnc3)ccc1CC21CCCCC1,0.44,31,2,2,6,0.65,Moderate Suitability,0.6000000000000001,1.0,0.79,Moderate,0.7712460353374481,77.1246035337448,232
COc1ccc2cc(-c3ccc(C(N)=O)nc3)oc2c1,CHEMBL1084945,7.22,nM,60.0,nM,60.0,7.221848749616356,Highly Active,True,268.272,2.6023000000000005,78.35000000000001,1,4,3,3,0,Pass,6.59727,1.0,1.0,1.0,1.0,Favourable,0.58299077,0.897767398252352,0.7863837526984148,78.63837526984148,c1cncc(-c2cc3ccccc3o2)c1,0.06666666666666667,20,3,2,5,1.0,High Suitability,1.0,1.0,1.0,Favourable,0.7706449151039123,77.06449151039124,233
CO[C@H]1CC[C@]2(CC1)Cc1ccc(-c3cc(C#N)cc(C(F)(F)F)c3)cc1[C@@]21N=C(C)C(N)=N1,CHEMBL3971150,8.51,nM,3.1,nM,3.1,8.508638306165727,Highly Active,True,466.5070000000002,5.360080000000006,83.75999999999999,1,5,2,5,1,Pass,8.437779,0.75,0.5,0.75,0.675,Moderate,0.88606584,0.897767398252352,0.8029212902731827,80.29212902731827,C1=NC2(N=C1)c1cc(-c3ccccc3)ccc1CC21CCCCC1,0.4230769230769231,34,2,2,5,0.55,Moderate Suitability,0.35000000000000003,0.85,0.595,Unfavourable,0.7705862183570862,77.05862183570862,234
CCC1=N[C@]2(N=C1N)c1cc(-c3cccc(C#N)c3)ccc1C[C@]21CC[C@@H](OC)CC1,CHEMBL6021340,5.17,nM,6720.0,nM,6720.0,5.172630726946174,Low Activity,True,412.5370000000003,4.731380000000004,83.76,1,5,3,5,0,Pass,6.8970027,1.0,1.0,1.0,1.0,Favourable,0.63234746,0.897767398252352,0.8110621021933488,81.10621021933488,C1=NC2(N=C1)c1cc(-c3ccccc3)ccc1CC21CCCCC1,0.4230769230769231,31,2,2,5,1.0,High Suitability,0.6000000000000001,1.0,0.92,Favourable,0.7697911055088044,76.97911055088043,235
CCC1=N[C@@]2(N=C1N)c1cc(-c3cccc(C#N)c3)ccc1C[C@]21CC[C@@H](OC)CC1,CHEMBL5953262,8.13,nM,7.4,nM,7.4,8.130768280269024,Highly Active,True,412.5370000000003,4.731380000000004,83.76,1,5,3,5,0,Pass,6.8970027,1.0,1.0,1.0,1.0,Favourable,0.63234746,0.897767398252352,0.8110621021933488,81.10621021933488,C1=NC2(N=C1)c1cc(-c3ccccc3)ccc1CC21CCCCC1,0.4230769230769231,31,2,2,5,1.0,High Suitability,0.6000000000000001,1.0,0.92,Favourable,0.7697911055088044,76.97911055088043,236
CCC1=NC2(N=C1N)c1cc(-c3cccc(C#N)c3)ccc1C[C@]21CC[C@@H](OC)CC1,CHEMBL3653725,7.75,nM,18.0,nM,18.0,7.7447274948966935,Highly Active,True,412.5370000000003,4.731380000000004,83.76,1,5,3,5,0,Pass,6.8970027,1.0,1.0,1.0,1.0,Favourable,0.63234746,0.897767398252352,0.8110621021933488,81.10621021933488,C1=NC2(N=C1)c1cc(-c3ccccc3)ccc1CC21CCCCC1,0.4230769230769231,31,2,2,5,1.0,High Suitability,0.6000000000000001,1.0,0.92,Favourable,0.7697911055088044,76.97911055088043,237
Cn1cnc2cc(-c3nc4ccc(F)nc4o3)ccc21,CHEMBL2203392,,nM,1000.0,nM,1000.0,6.0,Moderately Active,True,268.251,2.9156000000000004,56.74,0,4,1,4,0,Pass,6.587649,1.0,1.0,1.0,1.0,Favourable,0.5814065,0.897767398252352,0.7855916069693498,78.55916069693498,c1cnc2oc(-c3ccc4[nH]cnc4c3)nc2c1,0.07142857142857142,20,4,0,5,1.0,High Suitability,1.0,1.0,1.0,Favourable,0.7697735548019409,76.97735548019409,238
O=S(=O)(N[C@@H]1CC[C@@]2(S(=O)(=O)c3ccc(Cl)cc3)c3c(F)ccc(F)c3OC[C@H]2C1)C1CC1,CHEMBL1090210,8.10,nM,8.0,nM,8.0,8.096910013008056,Highly Active,True,518.0030000000002,3.9303000000000035,89.54,1,5,5,5,1,Pass,8.090124,0.75,0.75,0.75,0.75,Moderate,0.8288177,0.897767398252352,0.7967972325034073,79.67972325034073,O=S(=O)(NC1CCC2(S(=O)(=O)c3ccccc3)c3ccccc3OCC2C1)C1CC1,0.45454545454545453,33,2,1,6,0.75,High Suitability,0.4000000000000001,0.75,0.6800000000000002,Moderate,0.7688497667312622,76.88497667312622,239
C[C@]1(c2nc(NC(=O)c3ncccc3Cl)ccc2F)N=C(N)OCC1(F)F,CHEMBL4106556,7.06,nM,88.0,nM,88.0,7.055517327849831,Highly Active,True,399.76000000000016,2.7168,102.49000000000001,2,6,3,3,0,Pass,7.0637393,1.0,0.7,1.0,0.9099999999999999,Favourable,0.65980387,0.897767398252352,0.7977903035826615,79.77903035826614,O=C(Nc1cccc(C2CCOC=N2)n1)c1ccccn1,0.25,27,2,3,7,0.65,Moderate Suitability,1.0,1.0,0.8700000000000001,Favourable,0.7673921210765838,76.73921210765839,240
CN(C)c1ccc2nc3ccc(=[N+](C)C)cc-3sc2c1,CHEMBL191083,6.26,nM,550.0,uM,0.55,6.259637310505756,Moderately Active,True,284.408,2.498900000000001,19.14,0,3,1,3,0,Pass,6.547871,1.0,1.0,1.0,1.0,Favourable,0.5748563,0.897767398252352,0.7823165105528764,78.23165105528764,[N+]=c1ccc2nc3ccccc3sc-2c1,0.25,20,1,0,3,1.0,High Suitability,1.0,1.0,1.0,Favourable,0.7661709606647491,76.61709606647491,241
COc1cnc(C(=O)Nc2ccc(F)c([C@]3(C)CO[C@@](C)(C(F)(F)F)C(N)=N3)c2)c(C)c1,CHEMBL5075177,7.77,nM,17.0,uM,0.017,7.769551078621726,Highly Active,True,454.42400000000015,3.7136200000000024,98.83,2,6,4,3,0,Pass,7.735192,1.0,0.44999999999999996,1.0,0.835,Favourable,0.77037144,0.897767398252352,0.8305740884489945,83.05740884489946,O=C(Nc1cccc(C2COCC=N2)c1)c1ccccn1,0.38095238095238093,32,2,3,7,0.4,Low Suitability,0.6000000000000001,1.0,0.6900000000000001,Moderate,0.7652042963504792,76.52042963504792,242
CC1=NC2(N=C1N)c1cc(Br)ccc1CC21CCC(OC(F)F)CC1,CHEMBL3653666,6.95,nM,112.0,nM,112.0,6.950781977329818,Moderately Active,True,412.27800000000025,4.157900000000003,59.97,1,4,2,4,0,Pass,6.841857,1.0,1.0,1.0,1.0,Favourable,0.6232667,0.897767398252352,0.8065217183775835,80.65217183775835,C1=NC2(N=C1)c1ccccc1CC21CCCCC1,0.5555555555555556,25,1,2,4,1.0,High Suitability,0.6000000000000001,1.0,0.92,Favourable,0.7647966833114624,76.47966833114624,243
CC1=N[C@]2(CC3(CCCOC3)Oc3ccc(-c4ccc(F)c(Cl)c4)cc32)N=C1N,CHEMBL5895396,6.83,nM,147.0,nM,147.0,6.8326826652518236,Moderately Active,True,413.88000000000005,4.462300000000004,69.2,1,5,1,5,0,Pass,6.830214,1.0,1.0,1.0,1.0,Favourable,0.62134945,0.897767398252352,0.8055630968756609,80.55630968756608,C1=NC2(CC3(CCCOC3)Oc3ccc(-c4ccccc4)cc32)N=C1,0.36363636363636365,29,2,2,5,1.0,High Suitability,0.6000000000000001,1.0,0.92,Favourable,0.763742217540741,76.3742217540741,244
CC1=N[C@@]2(CC3(CCCOC3)Oc3ccc(-c4ccc(F)c(Cl)c4)cc32)N=C1N,CHEMBL5967737,6.75,nM,180.0,nM,180.0,6.7447274948966935,Moderately Active,True,413.88000000000005,4.462300000000004,69.2,1,5,1,5,0,Pass,6.830214,1.0,1.0,1.0,1.0,Favourable,0.62134945,0.897767398252352,0.8055630968756609,80.55630968756608,C1=NC2(CC3(CCCOC3)Oc3ccc(-c4ccccc4)cc32)N=C1,0.36363636363636365,29,2,2,5,1.0,High Suitability,0.6000000000000001,1.0,0.92,Favourable,0.763742217540741,76.3742217540741,245
CC1=NC2(CCOc3ccc(-c4cc(Cl)cc(Cl)c4)cc32)N=C1N,CHEMBL3653657,6.80,nM,157.0,nM,157.0,6.804100347590767,Moderately Active,True,360.2440000000001,4.427400000000003,59.97,1,4,1,4,0,Pass,6.6728888,1.0,1.0,1.0,1.0,Favourable,0.5954429,0.897767398252352,0.792609815473073,79.2609815473073,C1=NC2(CCOc3ccc(-c4ccccc4)cc32)N=C1,0.2222222222222222,24,2,2,4,1.0,High Suitability,0.8,1.0,0.9600000000000001,Favourable,0.7634936079978943,76.34936079978944,246
C[C@]1(c2nc(NC(=O)c3ncc(C(F)F)cc3N)ccc2F)N=C(N)OCC1(F)F,CHEMBL4112589,7.18,nM,66.0,nM,66.0,7.180456064458131,Highly Active,True,430.3370000000001,2.5832000000000006,128.51,3,7,4,3,0,Pass,7.1647944,1.0,0.7,1.0,0.9099999999999999,Favourable,0.67644453,0.897767398252352,0.8061106351561478,80.61106351561477,O=C(Nc1cccc(C2CCOC=N2)n1)c1ccccn1,0.29411764705882354,30,2,5,8,0.65,Moderate Suitability,0.8,1.0,0.8300000000000001,Favourable,0.7625445036888122,76.25445036888122,247
C[C@]1(c2nc(NC(=O)c3ncc(Cl)cc3N)ccc2F)N=C(N)OCC1(F)F,CHEMBL4115329,7.35,nM,45.0,nM,45.0,7.346787486224656,Highly Active,True,414.77500000000015,2.2990000000000004,128.51,3,7,3,3,0,Pass,7.1611905,1.0,0.7,1.0,0.9099999999999999,Favourable,0.6758511,0.897767398252352,0.8058139232344559,80.58139232344558,O=C(Nc1cccc(C2CCOC=N2)n1)c1ccccn1,0.25,28,2,5,8,0.65,Moderate Suitability,0.8,1.0,0.8300000000000001,Favourable,0.7622181086540222,76.22181086540222,248
COc1cnc(C(=O)Nc2ccc(F)c([C@@]3(C)N=C(N)OCC3(F)F)n2)c(C)c1,CHEMBL4111654,7.09,nM,82.0,nM,82.0,7.086186147616283,Highly Active,True,409.36800000000017,2.380420000000001,111.72,2,7,4,3,0,Pass,7.133947,1.0,0.7,1.0,0.9099999999999999,Favourable,0.6713649,0.897767398252352,0.8035708216376236,80.35708216376236,O=C(Nc1cccc(C2CCOC=N2)n1)c1ccccn1,0.3333333333333333,29,2,3,8,0.65,Moderate Suitability,0.8,1.0,0.8300000000000001,Favourable,0.7597507147789001,75.97507147789001,249
Cc1cc(C2(c3cccc(F)c3)N=C(N)N(C)C2=O)ccc1OC(F)F,CHEMBL5852165,6.82,nM,150.0,nM,150.0,6.823908740944319,Moderately Active,True,363.339,2.7658200000000015,67.92,1,4,4,3,0,Pass,6.476556,1.0,1.0,1.0,1.0,Favourable,0.56311285,0.897767398252352,0.7764447973914079,77.64447973914079,O=C1NC=NC1(c1ccccc1)c1ccccc1,0.2222222222222222,26,2,2,5,1.0,High Suitability,1.0,1.0,1.0,Favourable,0.7597120821475982,75.97120821475983,250
CC1=NC2(N=C1N)c1cc(-c3cncc(Cl)c3)ccc1CC21CCC1,CHEMBL3653713,6.55,nM,284.0,nM,284.0,6.546681659952963,Moderately Active,True,350.85300000000024,4.112900000000002,63.629999999999995,1,4,1,5,0,Pass,6.6306987,1.0,1.0,1.0,1.0,Favourable,0.5884955,0.897767398252352,0.789136116380208,78.9136116380208,C1=NC2(N=C1)c1cc(-c3cccnc3)ccc1CC21CCC1,0.35,25,2,2,4,1.0,High Suitability,0.8,1.0,0.9600000000000001,Favourable,0.7596725330352784,75.96725330352784,251
O=C(OC1([C@H]2CCC[C@@H](c3cc(F)cc(F)c3)N2S(=O)(=O)c2ccc(Cl)cc2)CC1)N1CCC(N2CCCCC2)CC1,CHEMBL240055,9.52,nM,0.3,nM,0.3,9.522878745280337,Highly Active,True,622.1779999999998,6.522200000000008,70.16,0,5,6,6,2,Fail,9.129677,0.5,0.5,0.5,0.5,Unfavourable,1.0,0.897767398252352,0.7698883699126176,76.98883699126175,O=C(OC1(C2CCCC(c3ccccc3)N2S(=O)(=O)c2ccccc2)CC1)N1CCC(N2CCCCC2)CC1,0.5806451612903226,42,2,0,7,0.55,Moderate Suitability,0.15000000000000002,0.6,0.45499999999999996,Unfavourable,0.759250011920929,75.9250011920929,252
CN(C)c1ccc(/C=C/c2cc3cc(O)ccc3o2)cc1,CHEMBL491203,6.80,nM,160.0,uM,0.16,6.795880017344075,Moderately Active,True,279.33899999999994,4.374800000000003,36.61,1,3,3,3,0,Pass,6.6235,1.0,1.0,1.0,1.0,Favourable,0.5873101,0.897767398252352,0.7885434077925615,78.85434077925615,C(=Cc1cc2ccccc2o1)c1ccccc1,0.1111111111111111,21,3,1,3,1.0,High Suitability,0.8,1.0,0.9600000000000001,Favourable,0.7590205476284028,75.90205476284028,253
O=C(OC1([C@H]2CCC[C@@H](c3cc(F)cc(F)c3)N2S(=O)(=O)c2ccc(Cl)cc2)CC1)N1CC[C@@H](O)C1,CHEMBL240284,7.77,nM,17.0,nM,17.0,7.769551078621726,Highly Active,True,541.0160000000002,4.638500000000006,87.15,1,5,5,5,1,Pass,7.976488,0.75,0.75,0.75,0.75,Moderate,0.81010544,0.897767398252352,0.7874410914130142,78.74410914130142,O=C(OC1(C2CCCC(c3ccccc3)N2S(=O)(=O)c2ccccc2)CC1)N1CCCC1,0.48,36,2,1,7,0.75,High Suitability,0.4000000000000001,0.75,0.6800000000000002,Moderate,0.7585580115318298,75.85580115318298,254
C[C@@]1(c2nc(NC(=O)c3ncc(C(F)(F)F)cc3N)ccc2F)CO[C@@](C)(C(F)(F)F)C(N)=N1,CHEMBL5070669,7.52,nM,30.0,uM,0.03,7.522878745280337,Highly Active,True,494.37100000000015,3.3926000000000007,128.51,3,7,3,3,0,Pass,7.653534,1.0,0.44999999999999996,1.0,0.835,Favourable,0.75692487,0.897767398252352,0.82385080372762,82.385080372762,O=C(Nc1cccc(C2COCC=N2)n1)c1ccccn1,0.3684210526315789,34,2,5,8,0.4,Low Suitability,0.6000000000000001,1.0,0.6900000000000001,Moderate,0.7578087010383606,75.78087010383607,255
COc1ccc(/C=C/C(=O)OCC(=O)Nc2c3c(nc4ccccc24)CCCC3)cc1O,CHEMBL3798813,7.34,nM,46.12,nM,46.12,7.336110701377338,Highly Active,True,432.4760000000002,4.0229000000000035,97.75,2,6,6,4,0,Pass,7.2664,1.0,0.7,1.0,0.9099999999999999,Favourable,0.6931758,0.897767398252352,0.8144762662596634,81.44762662596634,O=C(COC(=O)C=Cc1ccccc1)Nc1c2c(nc3ccccc13)CCCC2,0.24,32,3,2,7,0.65,Moderate Suitability,0.6000000000000001,1.0,0.79,Moderate,0.7577466859817504,75.77466859817504,256
Oc1ccc2nc(-c3ccc(NCCCF)nc3)oc2c1,CHEMBL2048301,6.40,nM,395.0,nM,395.0,6.403402904373539,Moderately Active,True,287.29400000000004,3.366900000000001,71.18,2,5,5,3,0,Pass,6.608369,1.0,1.0,1.0,1.0,Favourable,0.5848185,0.897767398252352,0.787297611112111,78.7297611112111,c1cncc(-c2nc3ccccc3o2)c1,0.2,21,3,2,5,1.0,High Suitability,0.8,1.0,0.9600000000000001,Favourable,0.7576501772403718,75.76501772403718,257
CO[C@H]1CC[C@]2(CC1)Cc1ccc(NC(=O)c3ncc(Cl)cc3C)cc1C21N=C(C)C(N)=N1,CHEMBL3922674,7.75,nM,18.0,nM,18.0,7.7447274948966935,Highly Active,True,465.9850000000003,4.4117200000000025,101.96,2,6,3,5,0,Pass,7.6507573,1.0,0.44999999999999996,1.0,0.835,Favourable,0.7564676,0.897767398252352,0.8236221603102616,82.36221603102616,O=C(Nc1ccc2c(c1)C1(N=CC=N1)C1(CCCCC1)C2)c1ccccn1,0.44,33,2,3,7,0.4,Low Suitability,0.6000000000000001,1.0,0.6900000000000001,Moderate,0.7575571694374085,75.75571694374085,258
CO[C@H]1CC[C@]2(CC1)Cc1ccc(NC(=O)c3ccc(F)cn3)cc1C21N=C(C)C(N)=N1,CHEMBL3964909,6.92,nM,121.0,nM,121.0,6.91721462968355,Moderately Active,True,435.5030000000002,3.5890000000000013,101.96,2,6,3,5,0,Pass,7.262673,1.0,0.7,1.0,0.9099999999999999,Favourable,0.6925621,0.897767398252352,0.8141694215483597,81.41694215483597,O=C(Nc1ccc2c(c1)C1(N=CC=N1)C1(CCCCC1)C2)c1ccccn1,0.4166666666666667,32,2,3,7,0.65,Moderate Suitability,0.6000000000000001,1.0,0.79,Moderate,0.7574091746807098,75.74091746807098,259
Cc1nc(C#N)cnc1C(=O)Nc1ccc(F)c([C@]2(C)CO[C@@](C)(C(F)(F)F)C(N)=N2)c1,CHEMBL5077684,6.98,nM,105.0,uM,0.105,6.978810700930062,Moderately Active,True,450.3960000000002,2.9717000000000002,126.28,2,7,3,3,0,Pass,7.4877396,1.0,0.44999999999999996,1.0,0.835,Favourable,0.7296237,0.897767398252352,0.8102002075858048,81.02002075858049,O=C(Nc1cccc(C2COCC=N2)c1)c1cnccn1,0.35,32,2,3,8,0.4,Low Suitability,0.8,1.0,0.7300000000000001,Moderate,0.7567930393218995,75.67930393218994,260
COCc1cc(-c2ccc3c(c2)C2(N=C(C)C(N)=N2)[C@]2(CC[C@H](OC)CC2)C3)cc(C#N)c1F,CHEMBL3657443,7.47,nM,34.0,nM,34.0,7.468521082957745,Highly Active,True,460.55300000000034,4.626780000000004,92.99000000000001,1,6,4,5,0,Pass,7.641192,1.0,0.44999999999999996,1.0,0.835,Favourable,0.75489247,0.897767398252352,0.8228346041388443,82.28346041388444,C1=NC2(N=C1)c1cc(-c3ccccc3)ccc1CC21CCCCC1,0.4444444444444444,34,2,2,6,0.4,Low Suitability,0.6000000000000001,1.0,0.6900000000000001,Moderate,0.756690875530243,75.6690875530243,261
COc1cc(/C=C/c2cc(/C=C/c3ccc(O)c(OC)c3)on2)ccc1O,CHEMBL181529,6.86,nM,138.0,nM,138.0,6.860120913598763,Moderately Active,True,365.38500000000005,4.443800000000003,84.95,2,6,6,3,0,Pass,6.57904,1.0,1.0,1.0,1.0,Favourable,0.57998884,0.897767398252352,0.7848827885336809,78.48827885336809,C(=Cc1cc(C=Cc2ccccc2)on1)c1ccccc1,0.09523809523809523,27,3,2,6,1.0,High Suitability,0.8,1.0,0.9600000000000001,Favourable,0.7549938664436341,75.49938664436341,262
O=S(=O)(CC[C@@H]1OCC[C@@]2(S(=O)(=O)c3ccc(Cl)cc3)c3c(F)ccc(F)c3OCC12)CCn1cccn1,CHEMBL3943313,8.85,nM,1.4,nM,1.4,8.853871964321762,Highly Active,True,587.066,3.786500000000003,104.56000000000002,0,7,8,5,1,Pass,8.433314,0.75,0.44999999999999996,0.75,0.66,Moderate,0.88533056,0.897767398252352,0.7980536488242082,79.80536488242082,O=S(=O)(CCC1OCCC2(S(=O)(=O)c3ccccc3)c3ccccc3OCC12)CCn1cccn1,0.4,38,3,0,8,0.4,Low Suitability,0.4000000000000001,0.75,0.55,Unfavourable,0.7544318306446076,75.44318306446075,263
CNc1ccc(/C=C/c2cc3cc(OC)ccc3o2)cc1,CHEMBL523824,7.10,nM,80.0,uM,0.08,7.096910013008056,Highly Active,True,279.339,4.653500000000004,34.4,1,3,4,3,0,Pass,6.5715065,1.0,1.0,1.0,1.0,Favourable,0.57874835,0.897767398252352,0.7842625426001482,78.42625426001482,C(=Cc1cc2ccccc2o1)c1ccccc1,0.1111111111111111,21,3,1,3,1.0,High Suitability,0.8,1.0,0.9600000000000001,Favourable,0.7543116018772126,75.43116018772126,264
O=C(N[C@H]1CCS[C@H]2CCC[C@@H](C(=O)O)N2C1=O)[C@@H](S)Cc1ccccc1,CHEMBL289556,6.70,nM,199.53,,6.7,6.699991797446187,Moderately Active,True,408.5450000000001,1.9409999999999996,86.71000000000001,3,5,5,3,0,Pass,6.5684175,1.0,1.0,1.0,1.0,Favourable,0.5782397,0.897767398252352,0.7840082095808916,78.40082095808916,O=C(CCc1ccccc1)NC1CCSC2CCCCN2C1=O,0.5263157894736842,27,1,2,6,1.0,High Suitability,0.8,1.0,0.9600000000000001,Favourable,0.7540318176746369,75.40318176746369,265
CO[C@H]1CC[C@]2(CC1)Cc1ccc(NC(=O)c3ncc(Cl)cc3Cl)cc1C21N=C(C)C(N)=N1,CHEMBL3898686,7.55,nM,28.0,nM,28.0,7.552841968657781,Highly Active,True,486.4030000000003,4.756700000000004,101.96,2,6,3,5,0,Pass,7.6105485,1.0,0.44999999999999996,1.0,0.835,Favourable,0.74984646,0.897767398252352,0.8203115991301468,82.03115991301469,O=C(Nc1ccc2c(c1)C1(N=CC=N1)C1(CCCCC1)C2)c1ccccn1,0.4166666666666667,33,2,3,7,0.4,Low Suitability,0.6000000000000001,1.0,0.6900000000000001,Moderate,0.7539155640602112,75.39155640602112,266
O=S(=O)(NC[C@@H]1CCC[C@@]2(S(=O)(=O)c3ccc(Cl)cc3)c3c(F)ccc(F)c3OC[C@@H]12)C(F)(F)F,CHEMBL1086287,7.85,nM,14.0,nM,14.0,7.853871964321762,Highly Active,True,559.9620000000002,4.535300000000003,89.54,1,5,5,4,1,Pass,7.918295,0.75,0.75,0.75,0.75,Moderate,0.8005228,0.897767398252352,0.7826497720427444,78.26497720427444,O=S(=O)(c1ccccc1)C12CCCCC1COc1ccccc12,0.42857142857142855,35,2,1,6,0.75,High Suitability,0.4000000000000001,0.75,0.6800000000000002,Moderate,0.753287560224533,75.3287560224533,267
COc1ccc2oc(/C=C/c3ccc(N(C)C)c(OC)c3)cc2c1,CHEMBL489792,6.80,nM,160.0,uM,0.16,6.795880017344075,Moderately Active,True,323.39200000000005,4.686400000000004,34.84,0,4,5,3,0,Pass,6.552325,1.0,1.0,1.0,1.0,Favourable,0.57558966,0.897767398252352,0.7826831983275346,78.26831983275346,C(=Cc1cc2ccccc2o1)c1ccccc1,0.2,24,3,0,4,1.0,High Suitability,0.8,1.0,0.9600000000000001,Favourable,0.7525743052959443,75.25743052959443,268
C[C@]1(c2nc(NC(=O)c3ncc(Cl)cc3Cl)ccc2F)N=C(N)OCC1(F)F,CHEMBL2386724,7.92,nM,12.0,nM,12.0,7.920818753952375,Highly Active,True,434.20500000000015,3.3702000000000014,102.49000000000001,2,6,3,3,0,Pass,7.209193,1.0,0.7,1.0,0.9099999999999999,Favourable,0.68375564,0.897767398252352,0.8097661880202225,80.97661880202224,O=C(Nc1cccc(C2CCOC=N2)n1)c1ccccn1,0.25,28,2,3,7,0.65,Moderate Suitability,0.6000000000000001,1.0,0.79,Moderate,0.7525656118392944,75.25656118392943,269
O=C(OC1([C@H]2CCC[C@@H](c3cc(F)cc(F)c3)N2S(=O)(=O)c2ccc(Cl)cc2)CC1)N1CCN(CCO)CC1,CHEMBL239629,8.62,nM,2.4,nM,2.4,8.619788758288394,Highly Active,True,584.085,4.1818000000000035,90.39,1,6,7,5,1,Pass,8.409253,0.75,0.44999999999999996,0.75,0.66,Moderate,0.8813685,0.897767398252352,0.7960726288504533,79.60726288504533,O=C(OC1(C2CCCC(c3ccccc3)N2S(=O)(=O)c2ccccc2)CC1)N1CCNCC1,0.5185185185185185,39,2,1,8,0.4,Low Suitability,0.4000000000000001,0.75,0.55,Unfavourable,0.7522526848316193,75.22526848316193,270
C[C@@]1(c2cccc(NC(=O)c3ccc(Br)cn3)c2)CO[C@@](C)(C(F)(F)F)C(N)=N1,CHEMBL3653399,7.50,nM,32.0,uM,0.032,7.494850021680094,Highly Active,True,471.27700000000016,4.020000000000002,89.6,2,5,3,3,0,Pass,7.0858016,1.0,0.75,1.0,0.925,Favourable,0.6634369,0.897767398252352,0.8041068147368364,80.41068147368364,O=C(Nc1cccc(C2COCC=N2)c1)c1ccccn1,0.3157894736842105,29,2,3,6,0.75,High Suitability,0.6000000000000001,1.0,0.8200000000000001,Favourable,0.751890307188034,75.1890307188034,271
C[C@]1(C(F)(F)F)OC[C@@](C)(c2cccc(NC(=O)c3ccc(Br)cn3)c2)N=C1N,CHEMBL4128145,5.94,nM,1160.0,uM,1.16,5.935542010773082,Low Activity,True,471.27700000000016,4.020000000000002,89.6,2,5,3,3,0,Pass,7.0858016,1.0,0.75,1.0,0.925,Favourable,0.6634369,0.897767398252352,0.8041068147368364,80.41068147368364,O=C(Nc1cccc(C2COCC=N2)c1)c1ccccn1,0.3157894736842105,29,2,3,6,0.75,High Suitability,0.6000000000000001,1.0,0.8200000000000001,Favourable,0.751890307188034,75.1890307188034,272
CC#CCOc1ccc(C(=O)Nc2ccc3c(c2)C2(CCO3)N=C(C)C(N)=N2)nc1,CHEMBL3653662,6.95,nM,112.0,nM,112.0,6.950781977329818,Moderately Active,True,403.4420000000002,2.503,111.19,2,7,4,4,0,Pass,7.0336385,1.0,0.7,1.0,0.9099999999999999,Favourable,0.65484726,0.897767398252352,0.7953120020575455,79.53120020575454,O=C(Nc1ccc2c(c1)C1(CCO2)N=CC=N1)c1ccccn1,0.2727272727272727,30,2,3,8,0.65,Moderate Suitability,0.8,1.0,0.8300000000000001,Favourable,0.7506660132408142,75.06660132408142,273
O=S(=O)(N[C@@H]1CC[C@@]2(S(=O)(=O)c3ccc(Cl)cc3)c3c(F)ccc(F)c3OC[C@H]2C1)C(F)(F)F,CHEMBL1090209,7.57,nM,27.0,nM,27.0,7.568636235841012,Highly Active,True,545.9350000000003,4.287700000000004,89.54,1,5,4,4,1,Pass,7.8889866,0.75,0.75,0.75,0.75,Moderate,0.7956966,0.897767398252352,0.7802366779990128,78.02366779990128,O=S(=O)(c1ccccc1)C12CCCCC1COc1ccccc12,0.4,34,2,1,6,0.75,High Suitability,0.4000000000000001,0.75,0.6800000000000002,Moderate,0.7506331567764282,75.06331567764282,274
COc1ccc2oc(/C=C/c3ccc(N(C)C)cc3)cc2c1,CHEMBL492217,6.09,nM,810.0,uM,0.81,6.0915149811213505,Moderately Active,True,293.36600000000004,4.677800000000004,25.61,0,3,4,3,0,Pass,6.530841,1.0,1.0,1.0,1.0,Favourable,0.572052,0.897767398252352,0.7809143708891801,78.09143708891801,C(=Cc1cc2ccccc2o1)c1ccccc1,0.15789473684210525,22,3,0,3,1.0,High Suitability,0.8,1.0,0.9600000000000001,Favourable,0.7506286010742188,75.06286010742188,275
COc1cc(-c2cn([C@H]3CCc4ccccc4N(CC(F)(F)F)C3=O)nn2)ccc1-n1ccc(C)n1,CHEMBL4752561,,nM,10000.0,uM,10.0,5.0,Low Activity,True,496.4930000000001,4.530620000000003,78.07000000000001,0,5,5,5,0,Pass,7.0694203,1.0,0.75,1.0,0.925,Favourable,0.6607394,0.897767398252352,0.8027580808348589,80.27580808348588,O=C1Nc2ccccc2CCC1n1cc(-c2ccc(-n3cccn3)cc2)nn1,0.28,36,4,0,8,0.75,High Suitability,0.6000000000000001,1.0,0.8200000000000001,Favourable,0.7504066879749297,75.04066879749297,276
Cc1cc(C2(c3cc(F)cc(F)c3)N=C(N)N(C)C2=O)ccc1OC(F)F,CHEMBL5889291,6.28,nM,520.0,nM,520.0,6.2839966563652006,Moderately Active,True,381.32900000000006,2.9049200000000006,67.92,1,4,4,3,0,Pass,6.3574142,1.0,1.0,1.0,1.0,Favourable,0.543494,0.897767398252352,0.766635362977498,76.6635362977498,O=C1NC=NC1(c1ccccc1)c1ccccc1,0.2222222222222222,27,2,2,5,1.0,High Suitability,1.0,1.0,1.0,Favourable,0.7489217042922973,74.89217042922974,277
CC1=NC2(CCCc3ccc(-c4cncc(Cl)c4)cc32)N=C1N,CHEMBL3653710,6.49,nM,325.0,nM,325.0,6.488116639021126,Moderately Active,True,324.81500000000005,3.722800000000003,63.629999999999995,1,4,1,4,0,Pass,6.5091653,1.0,1.0,1.0,1.0,Favourable,0.56848264,0.897767398252352,0.7791296886153154,77.91296886153154,C1=NC2(CCCc3ccc(-c4cccnc4)cc32)N=C1,0.2777777777777778,23,2,2,4,1.0,High Suitability,0.8,1.0,0.9600000000000001,Favourable,0.7486654624938965,74.86654624938966,278
C[C@]1(c2nc(NC(=O)c3ncc(C#CCO)cc3Cl)ccc2F)N=C(N)OCC1(F)F,CHEMBL4113786,7.72,nM,19.0,nM,19.0,7.721246399047171,Highly Active,True,453.80800000000016,2.0606,122.72,3,7,3,3,0,Pass,7.3885074,1.0,0.44999999999999996,1.0,0.835,Favourable,0.7132832,0.897767398252352,0.8020299605078629,80.2029960507863,O=C(Nc1cccc(C2CCOC=N2)n1)c1ccccn1,0.2631578947368421,31,2,4,8,0.4,Low Suitability,0.8,1.0,0.7300000000000001,Moderate,0.7478057615756989,74.78057615756988,279
Cn1ccc2cc(-c3nc4ccc(F)nc4o3)ncc21,CHEMBL2203391,,nM,1000.0,nM,1000.0,6.0,Moderately Active,True,268.25100000000003,2.9156000000000013,56.74,0,4,1,4,0,Pass,6.3349905,1.0,1.0,1.0,1.0,Favourable,0.5398015,0.897767398252352,0.7647891091055803,76.47891091055803,c1cnc2oc(-c3cc4cc[nH]c4cn3)nc2c1,0.07142857142857142,20,4,0,5,1.0,High Suitability,1.0,1.0,1.0,Favourable,0.7468908250331878,74.68908250331879,280
CO[C@H]1CC[C@]2(CC1)Cc1ccc(NC(=O)c3ccc(Cl)cn3)cc1C21N=C(C)C(N)=N1,CHEMBL3925456,7.70,nM,20.0,nM,20.0,7.698970004336019,Highly Active,True,451.9580000000002,4.103300000000003,101.96,2,6,3,5,0,Pass,7.52408,1.0,0.44999999999999996,1.0,0.835,Favourable,0.73560774,0.897767398252352,0.8131922415442399,81.31922415442399,O=C(Nc1ccc2c(c1)C1(N=CC=N1)C1(CCCCC1)C2)c1ccccn1,0.4166666666666667,32,2,3,7,0.4,Low Suitability,0.6000000000000001,1.0,0.6900000000000001,Moderate,0.7460842587947846,74.60842587947846,281
C[C@]1(c2nc(NC(=O)c3nn(C(F)F)cc3Cl)ccc2F)N=C(N)OCC1(F)F,CHEMBL2386726,7.89,nM,13.0,nM,13.0,7.886056647693163,Highly Active,True,438.74400000000014,2.9134,107.42,2,6,4,3,0,Pass,6.981817,1.0,0.7,1.0,0.9099999999999999,Favourable,0.6463138,0.897767398252352,0.7910452631659439,79.10452631659439,O=C(Nc1cccc(C2CCOC=N2)n1)c1cc[nH]n1,0.3333333333333333,29,2,3,8,0.65,Moderate Suitability,0.8,1.0,0.8300000000000001,Favourable,0.745972594499588,74.5972594499588,282
COc1cc(/C=C/C(=O)CC(=O)/C=C/c2ccc(O)c(C(F)(F)F)c2)ccc1O,CHEMBL3639383,6.89,nM,130.0,nM,130.0,6.886056647693163,Moderately Active,True,406.35600000000005,4.380100000000004,83.83000000000001,2,5,7,2,0,Pass,6.62996,1.0,1.0,1.0,1.0,Favourable,0.5883739,0.897767398252352,0.7890753196425371,78.9075319642537,O=C(C=Cc1ccccc1)CC(=O)C=Cc1ccccc1,0.14285714285714285,29,2,2,5,1.0,High Suitability,0.6000000000000001,1.0,0.92,Favourable,0.7456056566238404,74.56056566238404,283
Cc1nc(CS(=O)(=O)CC[C@@H]2OCC[C@@]3(S(=O)(=O)c4ccc(Cl)cc4)c4c(F)ccc(F)c4OCC23)no1,CHEMBL3957316,8.24,nM,5.8,nM,5.8,8.236572006437063,Highly Active,True,589.038,3.7814200000000033,125.66000000000001,0,9,7,5,1,Pass,8.306962,0.75,0.44999999999999996,0.75,0.66,Moderate,0.86452425,0.897767398252352,0.7876504925436906,78.76504925436906,O=S(=O)(CCC1OCCC2(S(=O)(=O)c3ccccc3)c3ccccc3OCC12)Cc1ncon1,0.4166666666666667,38,3,0,9,0.4,Low Suitability,0.4000000000000001,0.75,0.55,Unfavourable,0.7429883348941804,74.29883348941803,284
Cc1ccc2oc(/C=C/c3ccc(N(C)C)cc3)cc2c1,CHEMBL509088,6.89,nM,130.0,uM,0.13,6.886056647693163,Moderately Active,True,277.367,4.977620000000004,16.380000000000003,0,2,3,3,0,Pass,6.442701,1.0,1.0,1.0,1.0,Favourable,0.55753803,0.897767398252352,0.7736573861784868,77.36573861784868,C(=Cc1cc2ccccc2o1)c1ccccc1,0.15789473684210525,21,3,0,2,1.0,High Suitability,0.8,1.0,0.9600000000000001,Favourable,0.7426459298133851,74.26459298133851,285
CCC1(O)CCN(C(=O)O[C@H]2CCC3CCCC2N3S(=O)(=O)c2ccc(Cl)cc2)CC1,CHEMBL236196,6.98,nM,104.0,nM,104.0,6.982966660701219,Moderately Active,True,471.0190000000001,3.7877000000000036,87.15,1,5,4,4,0,Pass,6.9831157,1.0,0.75,1.0,0.925,Favourable,0.64652765,0.897767398252352,0.7956521938986711,79.56521938986711,O=C(OC1CCC2CCCC1N2S(=O)(=O)c1ccccc1)N1CCCCC1,0.6818181818181818,31,1,1,7,0.75,High Suitability,0.6000000000000001,1.0,0.8200000000000001,Favourable,0.7425902242660521,74.25902242660521,286
C[C@]1(c2nc(NC(=O)c3ncc(OCF)cc3Cl)ccc2F)N=C(N)OCC1(F)F,CHEMBL4111699,7.24,nM,57.0,nM,57.0,7.2441251443275085,Highly Active,True,447.7760000000001,3.0226000000000006,111.72,2,7,5,3,0,Pass,7.0945053,1.0,0.7,1.0,0.9099999999999999,Favourable,0.66487014,0.897767398252352,0.8003234413809708,80.03234413809707,O=C(Nc1cccc(C2CCOC=N2)n1)c1ccccn1,0.29411764705882354,30,2,3,8,0.65,Moderate Suitability,0.6000000000000001,1.0,0.79,Moderate,0.7421785786151885,74.21785786151885,287
O=C1OCC[C@]12CCC[C@@]1(S(=O)(=O)c3ccc(Cl)cc3)c3c(F)ccc(F)c3OC[C@@H]21,CHEMBL3629740,6.64,nM,228.0,nM,228.0,6.642065152999546,Moderately Active,True,468.9050000000002,4.413200000000004,69.67,0,5,2,5,0,Pass,6.9777675,1.0,0.75,1.0,0.925,Favourable,0.6456469,0.897767398252352,0.7952118347830706,79.52118347830705,O=C1OCCC12CCCC1(S(=O)(=O)c3ccccc3)c3ccccc3OCC21,0.4090909090909091,31,2,0,5,0.75,High Suitability,0.6000000000000001,1.0,0.8200000000000001,Favourable,0.7421058173179625,74.21058173179625,288
O=S(=O)(CC[C@@H]1OCC[C@@]2(S(=O)(=O)c3ccc(Cl)cc3)c3c(F)ccc(F)c3OCC12)Cc1ncon1,CHEMBL3956918,8.77,nM,1.7,nM,1.7,8.769551078621726,Highly Active,True,575.0110000000001,3.4730000000000016,125.66000000000001,0,9,7,5,1,Pass,8.294576,0.75,0.44999999999999996,0.75,0.66,Moderate,0.8624847,0.897767398252352,0.7866307166762284,78.66307166762284,O=S(=O)(CCC1OCCC2(S(=O)(=O)c3ccccc3)c3ccccc3OCC12)Cc1ncon1,0.391304347826087,37,3,0,9,0.4,Low Suitability,0.4000000000000001,0.75,0.55,Unfavourable,0.7418666052818299,74.18666052818298,289
O=C(OC1([C@H]2CCC[C@@H](C3CC3)N2S(=O)(=O)c2ccc(Cl)cc2)CC1)N1CCC(N2CCCCC2)CC1,CHEMBL400420,8.55,nM,2.8,nM,2.8,8.55284196865778,Highly Active,True,550.1650000000002,5.281300000000005,70.16,0,5,6,6,2,Fail,8.917725,0.5,0.5,0.5,0.5,Unfavourable,0.965098,0.897767398252352,0.7524373816199235,75.24373816199234,O=C(OC1(C2CCCC(C3CC3)N2S(=O)(=O)c2ccccc2)CC1)N1CCC(N2CCCCC2)CC1,0.75,37,1,0,7,0.55,Moderate Suitability,0.15000000000000002,0.6,0.45499999999999996,Unfavourable,0.740053918838501,74.00539188385011,290
CO[C@H]1CC[C@]2(CC1)Cc1ccc(-c3ccc4[nH]cc(C)c4c3)cc1C21N=C(C)C(N)=N1,CHEMBL3917335,7.43,nM,37.0,nM,37.0,7.431798275933005,Highly Active,True,426.56400000000025,5.259320000000004,75.75999999999999,2,4,2,6,1,Pass,7.712418,0.75,0.75,0.75,0.75,Moderate,0.76662123,0.897767398252352,0.7656989859290054,76.56989859290054,C1=NC2(N=C1)c1cc(-c3ccc4[nH]ccc4c3)ccc1CC21CCCCC1,0.4074074074074074,32,3,3,5,0.8,High Suitability,0.35000000000000003,0.85,0.6950000000000001,Moderate,0.7398916776180267,73.98916776180266,291
O=S(=O)(CC[C@@H]1OCC[C@@]2(S(=O)(=O)c3ccc(Cl)cc3)c3c(F)ccc(F)c3OCC12)Cc1ccccn1,CHEMBL3934479,8.72,nM,1.9,nM,1.9,8.721246399047171,Highly Active,True,584.0620000000001,4.485000000000004,99.63000000000001,0,7,7,5,1,Pass,8.27096,0.75,0.44999999999999996,0.75,0.66,Moderate,0.85859585,0.897767398252352,0.7846862939543656,78.46862939543657,O=S(=O)(CCC1OCCC2(S(=O)(=O)c3ccccc3)c3ccccc3OCC12)Cc1ccccn1,0.34615384615384615,38,3,0,7,0.4,Low Suitability,0.4000000000000001,0.75,0.55,Unfavourable,0.7397277224063874,73.97277224063873,292
CC1=NC2(CCOc3ccc(-c4cncc(Cl)c4)cc32)N=C1N,CHEMBL3653658,6.13,nM,743.0,nM,743.0,6.129011186239424,Moderately Active,True,326.7870000000001,3.1690000000000014,72.86,1,5,1,4,0,Pass,6.404621,1.0,1.0,1.0,1.0,Favourable,0.5512675,0.897767398252352,0.7705221222586565,77.05221222586565,C1=NC2(CCOc3ccc(-c4cccnc4)cc32)N=C1,0.23529411764705882,23,2,2,5,1.0,High Suitability,0.8,1.0,0.9600000000000001,Favourable,0.7391971454620362,73.91971454620362,293
CCO[C@H]1CC[C@]2(CC1)Cc1ccc(Br)cc1C21N=C(C)C(N)=N1,CHEMBL3948423,6.08,nM,842.0,nM,842.0,6.0746879085003505,Moderately Active,True,390.32500000000016,3.9552000000000023,59.97,1,4,2,4,0,Pass,6.400543,1.0,1.0,1.0,1.0,Favourable,0.550596,0.897767398252352,0.7701863692946367,77.01863692946367,C1=NC2(N=C1)c1ccccc1CC21CCCCC1,0.5789473684210527,24,1,2,4,1.0,High Suitability,0.8,1.0,0.9600000000000001,Favourable,0.7388278052806855,73.88278052806855,294
O=S(=O)(CC[C@@H]1OCC[C@@]2(S(=O)(=O)c3ccc(Cl)cc3)c3c(F)ccc(F)c3OCC12)c1ccncn1,CHEMBL3900140,8.54,nM,2.9,nM,2.9,8.537602002101044,Highly Active,True,571.0230000000001,3.7389000000000028,112.52000000000001,0,8,6,5,1,Pass,8.259507,0.75,0.44999999999999996,0.75,0.66,Moderate,0.85670996,0.897767398252352,0.7837433484740189,78.3743348474019,O=S(=O)(CCC1OCCC2(S(=O)(=O)c3ccccc3)c3ccccc3OCC12)c1ccncn1,0.3333333333333333,37,3,0,8,0.4,Low Suitability,0.4000000000000001,0.75,0.55,Unfavourable,0.738690482378006,73.8690482378006,295
CC1=N[C@@]2(C[C@H]([C@@H]3CCCOC3)Oc3ccc(-c4cccc(Cl)c4)cc32)N=C1N,CHEMBL5993140,5.15,nM,7040.0,nM,7040.0,5.152427340857888,Low Activity,True,409.9170000000001,4.569200000000005,69.2,1,5,2,5,0,Pass,6.553532,1.0,1.0,1.0,1.0,Favourable,0.5757885,0.897767398252352,0.78278261887502,78.278261887502,C1=NC2(CC(C3CCCOC3)Oc3ccc(-c4ccccc4)cc32)N=C1,0.391304347826087,29,2,2,5,1.0,High Suitability,0.6000000000000001,1.0,0.92,Favourable,0.7386836798191071,73.86836798191071,296
CC1=N[C@@]2(C[C@@H]([C@@H]3CCCOC3)Oc3ccc(-c4cccc(Cl)c4)cc32)N=C1N,CHEMBL5773881,9.15,nM,0.7,nM,0.7,9.154901959985743,Highly Active,True,409.9170000000001,4.569200000000005,69.2,1,5,2,5,0,Pass,6.553532,1.0,1.0,1.0,1.0,Favourable,0.5757885,0.897767398252352,0.78278261887502,78.278261887502,C1=NC2(CC(C3CCCOC3)Oc3ccc(-c4ccccc4)cc32)N=C1,0.391304347826087,29,2,2,5,1.0,High Suitability,0.6000000000000001,1.0,0.92,Favourable,0.7386836798191071,73.86836798191071,297
CC1=N[C@]2(C[C@@H]([C@@H]3CCCOC3)Oc3ccc(-c4cccc(Cl)c4)cc32)N=C1N,CHEMBL3653703,4.45,nM,35700.0,nM,35700.0,4.447331783887806,Low Activity,True,409.9170000000001,4.569200000000005,69.2,1,5,2,5,0,Pass,6.553532,1.0,1.0,1.0,1.0,Favourable,0.5757885,0.897767398252352,0.78278261887502,78.278261887502,C1=NC2(CC(C3CCCOC3)Oc3ccc(-c4ccccc4)cc32)N=C1,0.391304347826087,29,2,2,5,1.0,High Suitability,0.6000000000000001,1.0,0.92,Favourable,0.7386836798191071,73.86836798191071,298
CC1=N[C@@]2(C[C@@H]([C@H]3CCCOC3)Oc3ccc(-c4cccc(Cl)c4)cc32)N=C1N,CHEMBL3924861,5.69,nM,2030.0,nM,2030.0,5.692503962086787,Low Activity,True,409.9170000000001,4.569200000000005,69.2,1,5,2,5,0,Pass,6.553532,1.0,1.0,1.0,1.0,Favourable,0.5757885,0.897767398252352,0.78278261887502,78.278261887502,C1=NC2(CC(C3CCCOC3)Oc3ccc(-c4ccccc4)cc32)N=C1,0.391304347826087,29,2,2,5,1.0,High Suitability,0.6000000000000001,1.0,0.92,Favourable,0.7386836798191071,73.86836798191071,299
CC1=N[C@@]2(C[C@H]([C@H]3CCCOC3)Oc3ccc(-c4cccc(Cl)c4)cc32)N=C1N,CHEMBL3915868,6.09,nM,803.0,nM,803.0,6.09528445472132,Moderately Active,True,409.9170000000001,4.569200000000005,69.2,1,5,2,5,0,Pass,6.553532,1.0,1.0,1.0,1.0,Favourable,0.5757885,0.897767398252352,0.78278261887502,78.278261887502,C1=NC2(CC(C3CCCOC3)Oc3ccc(-c4ccccc4)cc32)N=C1,0.391304347826087,29,2,2,5,1.0,High Suitability,0.6000000000000001,1.0,0.92,Favourable,0.7386836798191071,73.86836798191071,300
CC1=N[C@]2(C[C@H]([C@@H]3CCCOC3)Oc3ccc(-c4cccc(Cl)c4)cc32)N=C1N,CHEMBL3653705,8.00,nM,10.0,nM,10.0,8.0,Highly Active,True,409.9170000000001,4.569200000000005,69.2,1,5,2,5,0,Pass,6.553532,1.0,1.0,1.0,1.0,Favourable,0.5757885,0.897767398252352,0.78278261887502,78.278261887502,C1=NC2(CC(C3CCCOC3)Oc3ccc(-c4ccccc4)cc32)N=C1,0.391304347826087,29,2,2,5,1.0,High Suitability,0.6000000000000001,1.0,0.92,Favourable,0.7386836798191071,73.86836798191071,301
CC1=N[C@]2(C[C@@H]([C@H]3CCCOC3)Oc3ccc(-c4cccc(Cl)c4)cc32)N=C1N,CHEMBL3653706,5.59,nM,2570.0,nM,2570.0,5.590066876668706,Low Activity,True,409.9170000000001,4.569200000000005,69.2,1,5,2,5,0,Pass,6.553532,1.0,1.0,1.0,1.0,Favourable,0.5757885,0.897767398252352,0.78278261887502,78.278261887502,C1=NC2(CC(C3CCCOC3)Oc3ccc(-c4ccccc4)cc32)N=C1,0.391304347826087,29,2,2,5,1.0,High Suitability,0.6000000000000001,1.0,0.92,Favourable,0.7386836798191071,73.86836798191071,302
CC1=N[C@]2(C[C@H]([C@H]3CCCOC3)Oc3ccc(-c4cccc(Cl)c4)cc32)N=C1N,CHEMBL3653704,7.85,nM,14.0,nM,14.0,7.853871964321762,Highly Active,True,409.9170000000001,4.569200000000005,69.2,1,5,2,5,0,Pass,6.553532,1.0,1.0,1.0,1.0,Favourable,0.5757885,0.897767398252352,0.78278261887502,78.278261887502,C1=NC2(CC(C3CCCOC3)Oc3ccc(-c4ccccc4)cc32)N=C1,0.391304347826087,29,2,2,5,1.0,High Suitability,0.6000000000000001,1.0,0.92,Favourable,0.7386836798191071,73.86836798191071,303
O=S(=O)(CC[C@@H]1OCC[C@@]2(S(=O)(=O)c3ccc(Cl)cc3)c3c(F)ccc(F)c3OCC12)c1cccnn1,CHEMBL3948649,8.35,nM,4.5,nM,4.5,8.346787486224656,Highly Active,True,571.0230000000001,3.7389000000000028,112.52000000000001,0,8,6,5,1,Pass,8.256723,0.75,0.44999999999999996,0.75,0.66,Moderate,0.8562516,0.897767398252352,0.7835141686148576,78.35141686148576,O=S(=O)(CCC1OCCC2(S(=O)(=O)c3ccccc3)c3ccccc3OCC12)c1cccnn1,0.3333333333333333,37,3,0,8,0.4,Low Suitability,0.4000000000000001,0.75,0.55,Unfavourable,0.7384383845329285,73.84383845329285,304
CO[C@H]1CC[C@]2(CC1)Cc1ccc(NC(=O)c3ncc(Br)cn3)cc1C21N=C(C)C(N)=N1,CHEMBL3913558,7.33,nM,47.0,nM,47.0,7.327902142064282,Highly Active,True,497.3970000000002,3.607400000000001,114.85,2,7,3,5,0,Pass,7.4355745,1.0,0.44999999999999996,1.0,0.835,Favourable,0.7210337,0.897767398252352,0.8059052160925797,80.59052160925798,O=C(Nc1ccc2c(c1)C1(N=CC=N1)C1(CCCCC1)C2)c1ncccn1,0.43478260869565216,32,2,3,8,0.4,Low Suitability,0.6000000000000001,1.0,0.6900000000000001,Moderate,0.7380685367584229,73.80685367584229,305
CCC1=NC2(N=C1N)c1cc(Br)ccc1C[C@]21CC[C@@H](OC)CC1,CHEMBL3653721,6.40,nM,401.0,nM,401.0,6.396855627379818,Moderately Active,True,390.32500000000033,3.955200000000003,59.97,1,4,2,4,0,Pass,6.392104,1.0,1.0,1.0,1.0,Favourable,0.5492064,0.897767398252352,0.76949155795049,76.949155795049,C1=NC2(N=C1)c1ccccc1CC21CCCCC1,0.5789473684210527,24,1,2,4,1.0,High Suitability,0.8,1.0,0.9600000000000001,Favourable,0.738063524723053,73.8063524723053,306
CC[C@@H]1CCC[C@H](C2(OC(=O)N3CCC(N4CCCCC4)CC3)CC2)N1S(=O)(=O)c1ccc(F)cc1,CHEMBL236187,7.80,nM,16.0,nM,16.0,7.795880017344075,Highly Active,True,521.6990000000004,4.767000000000005,70.16,0,5,6,5,1,Pass,7.7394795,0.75,0.75,0.75,0.75,Moderate,0.7710774,0.897767398252352,0.7679270671553543,76.79270671553543,O=C(OC1(C2CCCCN2S(=O)(=O)c2ccccc2)CC1)N1CCC(N2CCCCC2)CC1,0.7407407407407407,36,1,0,7,0.75,High Suitability,0.4000000000000001,0.75,0.6800000000000002,Moderate,0.7370925908088684,73.70925908088684,307
CC1=NC2(N=C1N)c1cc(-c3cc(F)cc(F)c3)ccc1C[C@]21CC[C@@H](OC(F)F)CC1,CHEMBL3657431,7.68,nM,21.0,nM,21.0,7.6777807052660805,Highly Active,True,445.46000000000026,5.340600000000004,59.97,1,4,3,5,1,Pass,7.6796837,0.75,0.75,0.75,0.75,Moderate,0.76123095,0.897767398252352,0.7630038427061966,76.30038427061966,C1=NC2(N=C1)c1cc(-c3ccccc3)ccc1CC21CCCCC1,0.4166666666666667,32,2,2,4,0.8,High Suitability,0.35000000000000003,0.85,0.6950000000000001,Moderate,0.7369270319938659,73.69270319938659,308
C[C@]1(c2nc(NC(=O)c3ncc(C(F)(F)F)cc3Cl)ccc2F)N=C(N)OCC1(F)F,CHEMBL2386723,7.57,nM,27.0,nM,27.0,7.568636235841012,Highly Active,True,467.7570000000001,3.7356000000000016,102.49000000000001,2,6,3,3,0,Pass,7.4178433,1.0,0.44999999999999996,1.0,0.835,Favourable,0.7181139,0.897767398252352,0.8044453195280961,80.44453195280961,O=C(Nc1cccc(C2CCOC=N2)n1)c1ccccn1,0.29411764705882354,31,2,3,7,0.4,Low Suitability,0.6000000000000001,1.0,0.6900000000000001,Moderate,0.7364626386165619,73.6462638616562,309
O=S(=O)(CC[C@@H]1OCC[C@@]2(S(=O)(=O)c3ccc(Cl)cc3)c3c(F)ccc(F)c3OCC12)c1ncccn1,CHEMBL3928118,8.19,nM,6.4,nM,6.4,8.193820026016112,Highly Active,True,571.0230000000001,3.7389000000000028,112.52000000000001,0,8,6,5,1,Pass,8.216698,0.75,0.44999999999999996,0.75,0.66,Moderate,0.8496605,0.897767398252352,0.7802186278052262,78.02186278052262,O=S(=O)(CCC1OCCC2(S(=O)(=O)c3ccccc3)c3ccccc3OCC12)c1ncccn1,0.3333333333333333,37,3,0,8,0.4,Low Suitability,0.4000000000000001,0.75,0.55,Unfavourable,0.734813289642334,73.4813289642334,310
[C-]#[N+]c1cc(Cl)cc(-c2cc3c(cc2C)C[C@]2(CC[C@@H](OC)CC2)C32N=C(C)C(N)=N2)c1,CHEMBL3937729,7.92,nM,12.0,nM,12.0,7.920818753952375,Highly Active,True,446.98200000000026,5.9822100000000065,64.33,1,4,2,5,1,Pass,7.650044,0.75,0.75,0.75,0.75,Moderate,0.75635016,0.897767398252352,0.7605634497351578,76.05634497351578,C1=NC2(N=C1)c1cc(-c3ccccc3)ccc1CC21CCCCC1,0.4230769230769231,32,2,2,5,0.8,High Suitability,0.35000000000000003,0.85,0.6950000000000001,Moderate,0.7342425878047942,73.42425878047942,311
O=S(=O)(CC[C@@H]1OCC[C@@]2(S(=O)(=O)c3ccc(Cl)cc3)c3c(F)ccc(F)c3OCC12)c1cnccn1,CHEMBL3904071,8.26,nM,5.5,nM,5.5,8.259637310505756,Highly Active,True,571.0230000000001,3.7389000000000028,112.52000000000001,0,8,6,5,1,Pass,8.204627,0.75,0.44999999999999996,0.75,0.66,Moderate,0.8476728,0.897767398252352,0.7792247799582414,77.92247799582414,O=S(=O)(CCC1OCCC2(S(=O)(=O)c3ccccc3)c3ccccc3OCC12)c1cnccn1,0.3333333333333333,37,3,0,8,0.4,Low Suitability,0.4000000000000001,0.75,0.55,Unfavourable,0.7337200510501862,73.37200510501862,312
O=S1(=O)CCC2(CCC[C@@]3(S(=O)(=O)c4ccc(Cl)cc4)c4c(F)ccc(F)c4OC[C@@H]23)CC1,CHEMBL3629741,7.24,nM,57.7,nM,57.7,7.238824186844269,Highly Active,True,517.0150000000001,4.674900000000004,77.51,0,5,2,5,1,Pass,7.6961555,0.75,0.75,0.75,0.75,Moderate,0.7639433,0.897767398252352,0.764360027188771,76.4360027188771,O=S1(=O)CCC2(CCCC3(S(=O)(=O)c4ccccc4)c4ccccc4OCC23)CC1,0.4782608695652174,33,2,0,5,0.75,High Suitability,0.4000000000000001,0.75,0.6800000000000002,Moderate,0.7331688468456268,73.31688468456268,313
O=S(=O)(CC[C@@H]1OCC[C@@]2(S(=O)(=O)c3ccc(Cl)cc3)c3c(F)ccc(F)c3OCC12)Cc1cccnc1,CHEMBL3961972,8.18,nM,6.6,nM,6.6,8.18045606445813,Highly Active,True,584.0620000000001,4.485000000000004,99.63000000000001,0,7,7,5,1,Pass,8.193307,0.75,0.44999999999999996,0.75,0.66,Moderate,0.84580886,0.897767398252352,0.7782928017325333,77.82928017325334,O=S(=O)(CCC1OCCC2(S(=O)(=O)c3ccccc3)c3ccccc3OCC12)Cc1cccnc1,0.34615384615384615,38,3,0,7,0.4,Low Suitability,0.4000000000000001,0.75,0.55,Unfavourable,0.7326948809623719,73.26948809623718,314
COc1cc(/C=C/C(=O)NCc2cn(-c3ccc(Oc4ccccc4)cc3)nn2)ccc1O,CHEMBL5597471,7.40,nM,40.0,uM,0.04,7.3979400086720375,Highly Active,True,442.4750000000001,4.103400000000003,98.5,2,6,8,4,0,Pass,6.945577,1.0,0.7,1.0,0.9099999999999999,Favourable,0.6403463,0.897767398252352,0.7880615142531326,78.80615142531326,O=C(C=Cc1ccccc1)NCc1cn(-c2ccc(Oc3ccccc3)cc2)nn1,0.08,33,4,2,8,0.65,Moderate Suitability,0.6000000000000001,1.0,0.79,Moderate,0.7286904647350311,72.8690464735031,315
CC#Cc1cccc(-c2ccc3c(c2)C2(N=C(C)C(N)=N2)[C@]2(CC[C@H](OC)CC2)C3)c1Cl,CHEMBL3957561,6.72,nM,189.0,nM,189.0,6.723538195826755,Moderately Active,True,445.99400000000026,5.494400000000006,59.97,1,4,2,5,1,Pass,7.582538,0.75,0.75,0.75,0.75,Moderate,0.745234,0.897767398252352,0.7550053762144974,75.50053762144974,C1=NC2(N=C1)c1cc(-c3ccccc3)ccc1CC21CCCCC1,0.4074074074074074,32,2,2,4,0.8,High Suitability,0.35000000000000003,0.85,0.6950000000000001,Moderate,0.7281287009716033,72.81287009716033,316
COc1ccc(/C=C/c2cccc(/C=C/c3ccc(OC)c(N)c3)n2)cc1N,CHEMBL392878,6.22,nM,600.0,uM,0.6,6.221848749616356,Moderately Active,True,373.45600000000013,4.604000000000003,83.39,2,5,6,3,0,Pass,6.27431,1.0,1.0,1.0,1.0,Favourable,0.52980924,0.897767398252352,0.7597929881758623,75.97929881758623,C(=Cc1cccc(C=Cc2ccccc2)n1)c1ccccc1,0.08695652173913043,28,3,4,5,1.0,High Suitability,0.8,1.0,0.9600000000000001,Favourable,0.7273950979709626,72.73950979709626,317
O=S(=O)(CC[C@@H]1OCC[C@@]2(S(=O)(=O)c3ccc(Cl)cc3)c3c(F)ccc(F)c3OCC12)c1ccnnc1,CHEMBL3935559,7.99,nM,10.2,nM,10.2,7.991399828238082,Highly Active,True,571.0230000000001,3.7389000000000028,112.52000000000001,0,8,6,5,1,Pass,8.134382,0.75,0.44999999999999996,0.75,0.66,Moderate,0.8361057,0.897767398252352,0.7734412220663957,77.34412220663957,O=S(=O)(CCC1OCCC2(S(=O)(=O)c3ccccc3)c3ccccc3OCC12)c1ccnnc1,0.3333333333333333,37,3,0,8,0.4,Low Suitability,0.4000000000000001,0.75,0.55,Unfavourable,0.7273581492900849,72.73581492900848,318
CC1=NC2(N=C1N)c1cc(-c3cc(F)cc(C#N)c3)ccc1C[C@]21CC[C@@H](OC(F)F)CC1,CHEMBL5896685,7.66,nM,22.0,nM,22.0,7.657577319177793,Highly Active,True,452.48000000000025,5.073180000000003,83.76,1,5,3,5,1,Pass,7.957715,0.75,0.5,0.75,0.675,Moderate,0.8070141,0.897767398252352,0.7633954237646988,76.33954237646988,C1=NC2(N=C1)c1cc(-c3ccccc3)ccc1CC21CCCCC1,0.4,33,2,2,5,0.55,Moderate Suitability,0.35000000000000003,0.85,0.595,Unfavourable,0.7271077592372894,72.71077592372895,319
COC1CCC2(CC1)Oc1ccc(Br)cc1C21N=C(C)C(N)=N1,CHEMBL3653696,6.17,nM,674.0,nM,674.0,6.17134010346468,Moderately Active,True,378.27000000000015,3.1538000000000013,69.2,1,5,1,4,0,Pass,6.251189,1.0,1.0,1.0,1.0,Favourable,0.52600193,0.897767398252352,0.7578893350310258,75.78893350310258,C1=NC2(N=C1)c1ccccc1OC21CCCCC1,0.5294117647058824,23,1,2,5,1.0,High Suitability,0.8,1.0,0.9600000000000001,Favourable,0.7253010675907136,72.53010675907136,320
C[C@@]1(c2nc(NC(=O)c3ncc(C(F)(F)F)cc3Cl)ccc2F)CO[C@@](C)(C(F)(F)F)C(N)=N1,CHEMBL3670375,8.52,nM,3.0,uM,0.003,8.522878745280337,Highly Active,True,513.8010000000002,4.463800000000003,102.49,2,6,3,3,1,Pass,8.106848,0.75,0.44999999999999996,0.75,0.66,Moderate,0.8315717,0.897767398252352,0.7711742190070084,77.11742190070085,O=C(Nc1cccc(C2COCC=N2)n1)c1ccccn1,0.3684210526315789,34,2,3,7,0.4,Low Suitability,0.4000000000000001,0.75,0.55,Unfavourable,0.7248644399642945,72.48644399642944,321
CN(C)c1ccc(/C=C/c2cc3cc(F)ccc3o2)cc1,CHEMBL489978,5.70,nM,1980.0,uM,1.98,5.703334809738469,Low Activity,True,281.3299999999999,4.808300000000004,16.380000000000003,0,2,3,3,0,Pass,6.2455425,1.0,1.0,1.0,1.0,Favourable,0.5250721,0.897767398252352,0.7574244188017778,75.74244188017778,C(=Cc1cc2ccccc2o1)c1ccccc1,0.1111111111111111,21,3,0,2,1.0,High Suitability,0.8,1.0,0.9600000000000001,Favourable,0.7247896597385407,72.47896597385407,322
COc1cc(/C=C/C(=O)OCC(=O)Nc2c3c(nc4ccccc24)CCCC3)cc(OC)c1OC,CHEMBL3799950,7.34,nM,45.88,nM,45.88,7.338376590770769,Highly Active,True,476.52900000000034,4.334500000000004,95.98,1,7,8,4,0,Pass,7.2869124,1.0,0.44999999999999996,1.0,0.835,Favourable,0.6965536,0.897767398252352,0.7936651638693741,79.36651638693742,O=C(COC(=O)C=Cc1ccccc1)Nc1c2c(nc3ccccc13)CCCC2,0.2962962962962963,35,3,1,8,0.4,Low Suitability,0.6000000000000001,1.0,0.6900000000000001,Moderate,0.7246044733524323,72.46044733524323,323
COc1cc(C(=O)OCC(=O)Nc2c3c(nc4ccccc24)CCCC3)cc(OC)c1OC,CHEMBL3797363,7.51,nM,30.74,nM,30.74,7.512296136836274,Highly Active,True,450.4910000000003,3.9349000000000034,95.98,1,7,7,4,0,Pass,7.2787952,1.0,0.44999999999999996,1.0,0.835,Favourable,0.695217,0.897767398252352,0.7929968765921525,79.29968765921525,O=C(COC(=O)c1ccccc1)Nc1c2c(nc3ccccc13)CCCC2,0.32,33,3,1,8,0.4,Low Suitability,0.6000000000000001,1.0,0.6900000000000001,Moderate,0.7238693692684174,72.38693692684174,324
CO[C@H]1CC[C@]2(CC1)Cc1ccc(NC(=O)c3ccc(C(F)(F)F)cn3)cc1C21N=C(C)C(N)=N1,CHEMBL3983379,7.47,nM,34.0,nM,34.0,7.468521082957745,Highly Active,True,485.5100000000002,4.468700000000004,101.96,2,6,3,5,0,Pass,7.2778883,1.0,0.44999999999999996,1.0,0.835,Favourable,0.69506764,0.897767398252352,0.7929221919722489,79.2922191972249,O=C(Nc1ccc2c(c1)C1(N=CC=N1)C1(CCCCC1)C2)c1ccccn1,0.44,35,2,3,7,0.4,Low Suitability,0.6000000000000001,1.0,0.6900000000000001,Moderate,0.7237872042655945,72.37872042655945,325
O=S(=O)(CC[C@@H]1OCC[C@@]2(S(=O)(=O)c3ccc(Cl)cc3)c3c(F)ccc(F)c3OCC12)c1cncnc1,CHEMBL3909054,7.89,nM,12.9,nM,12.9,7.889410289700751,Highly Active,True,571.0230000000001,3.7389000000000028,112.52000000000001,0,8,6,5,1,Pass,8.079775,0.75,0.44999999999999996,0.75,0.66,Moderate,0.8271136,0.897767398252352,0.7689451841063432,76.89451841063432,O=S(=O)(CCC1OCCC2(S(=O)(=O)c3ccccc3)c3ccccc3OCC12)c1cncnc1,0.3333333333333333,37,3,0,8,0.4,Low Suitability,0.4000000000000001,0.75,0.55,Unfavourable,0.7224125134944916,72.24125134944916,326
COCC#Cc1cnc(C(=O)Nc2ccc(F)c([C@@]3(C)N=C(N)OCC3(F)F)n2)c(N)c1,CHEMBL4110143,6.27,nM,540.0,nM,540.0,6.267606240177031,Moderately Active,True,448.4050000000002,1.6435,137.74,3,8,4,3,0,Pass,6.7205443,1.0,0.7,1.0,0.9099999999999999,Favourable,0.6032903,0.897767398252352,0.769533529633992,76.9533529633992,O=C(Nc1cccc(C2CCOC=N2)n1)c1ccccn1,0.3,32,2,5,9,0.65,Moderate Suitability,0.8,1.0,0.8300000000000001,Favourable,0.7223096697330474,72.23096697330475,327
COc1ccc(S(=O)(=O)CC[C@@H]2OCC[C@@]3(S(=O)(=O)c4ccc(Cl)cc4)c4c(F)ccc(F)c4OCC23)cn1,CHEMBL3905561,7.78,nM,16.5,nM,16.5,7.782516055786093,Highly Active,True,600.061,4.352500000000004,108.86000000000001,0,8,7,5,1,Pass,8.073093,0.75,0.44999999999999996,0.75,0.66,Moderate,0.8260133,0.897767398252352,0.7683950332350663,76.83950332350663,O=S(=O)(CCC1OCCC2(S(=O)(=O)c3ccccc3)c3ccccc3OCC12)c1cccnc1,0.34615384615384615,39,3,0,8,0.4,Low Suitability,0.4000000000000001,0.75,0.55,Unfavourable,0.7218073475360871,72.1807347536087,328
CC[C@@H]1CCC[C@H](C2(OC(=O)N3CCC(N4CCCCC4)CC3)CC2)N1S(=O)(=O)c1cc(F)cc(F)c1,CHEMBL429448,7.54,nM,29.0,nM,29.0,7.537602002101044,Highly Active,True,539.6890000000004,4.906100000000005,70.16,0,5,6,5,1,Pass,7.5663867,0.75,0.75,0.75,0.75,Moderate,0.74257445,0.897767398252352,0.7536755965895584,75.36755965895584,O=C(OC1(C2CCCCN2S(=O)(=O)c2ccccc2)CC1)N1CCC(N2CCCCC2)CC1,0.7407407407407407,37,1,0,7,0.75,High Suitability,0.4000000000000001,0.75,0.6800000000000002,Moderate,0.7214159433841705,72.14159433841705,329
COc1ccc(CC(=O)OCC(=O)Nc2c3c(nc4ccccc24)CCCC3)c(OC)c1OC,CHEMBL3799558,7.29,nM,51.81,nM,51.81,7.285586407712879,Highly Active,True,464.51800000000037,3.863800000000003,95.98,1,7,8,4,0,Pass,7.245624,1.0,0.44999999999999996,1.0,0.835,Favourable,0.6897547,0.897767398252352,0.7902657321638993,79.02657321638993,O=C(COC(=O)Cc1ccccc1)Nc1c2c(nc3ccccc13)CCCC2,0.34615384615384615,34,3,1,8,0.4,Low Suitability,0.6000000000000001,1.0,0.6900000000000001,Moderate,0.7208651163578034,72.08651163578034,330
Cc1cc(C#N)cnc1C(=O)Nc1cc([C@]2(C)CO[C@@](C)(C(F)(F)F)C(N)=N2)c(F)cn1,CHEMBL3261068,7.01,nM,98.0,uM,0.098,7.008773924307505,Highly Active,True,450.3960000000001,2.9717000000000002,126.28,2,7,3,3,0,Pass,7.0898504,1.0,0.44999999999999996,1.0,0.835,Favourable,0.6641036,0.897767398252352,0.777440183515065,77.74401835150651,O=C(Nc1cc(C2COCC=N2)ccn1)c1ccccn1,0.35,32,2,3,8,0.4,Low Suitability,0.8,1.0,0.7300000000000001,Moderate,0.7207569949626923,72.07569949626922,331
CC[C@@H]1CCC[C@H](C2(OC(=O)N3CCC(CCO)(OC)CC3)CC2)N1S(=O)(=O)c1ccc(Cl)cc1,CHEMBL394132,8.05,nM,9.0,nM,9.0,8.045757490560675,Highly Active,True,529.0990000000003,4.1944000000000035,96.38,1,6,8,4,1,Pass,8.059472,0.75,0.44999999999999996,0.75,0.66,Moderate,0.8237703,0.897767398252352,0.7672735122389726,76.72735122389726,O=C(OC1(C2CCCCN2S(=O)(=O)c2ccccc2)CC1)N1CCCCC1,0.72,35,1,1,8,0.4,Low Suitability,0.4000000000000001,0.75,0.55,Unfavourable,0.7205736804008485,72.05736804008484,332
COc1cc(O)ccc1/C=C/C(=O)CC(=O)/C=C/c1ccc2cc[nH]c2c1,CHEMBL3911126,6.28,nM,520.0,uM,0.52,6.2839966563652006,Moderately Active,True,361.39700000000005,4.137000000000002,79.39,2,4,7,3,0,Pass,6.1904325,1.0,1.0,1.0,1.0,Favourable,0.5159973,0.897767398252352,0.7528870152182512,75.28870152182512,O=C(C=Cc1ccccc1)CC(=O)C=Cc1ccc2cc[nH]c2c1,0.09090909090909091,27,3,2,5,1.0,High Suitability,0.8,1.0,0.9600000000000001,Favourable,0.7197985157966614,71.97985157966615,333
CC[C@@H]1CCC[C@H](C2(OC(=O)N3CCN(C(C)(C)CO)CC3)CC2)N1S(=O)(=O)c1ccc(Cl)cc1,CHEMBL236184,8.16,nM,6.9,nM,6.9,8.161150909262744,Highly Active,True,528.1150000000004,3.7195000000000027,90.39000000000001,1,6,7,4,1,Pass,8.044412,0.75,0.44999999999999996,0.75,0.66,Moderate,0.8212904,0.897767398252352,0.7660335568137101,76.60335568137101,O=C(OC1(C2CCCCN2S(=O)(=O)c2ccccc2)CC1)N1CCNCC1,0.72,35,1,1,8,0.4,Low Suitability,0.4000000000000001,0.75,0.55,Unfavourable,0.7192097175121308,71.92097175121307,334
CO[C@H]1CC[C@]2(CC1)Cc1ccc(-c3cccc(Cl)c3Cl)cc1[C@@]21N=C(C)C(N)=N1,CHEMBL3986744,7.19,nM,64.0,nM,64.0,7.1938200260161125,Highly Active,True,442.39000000000027,5.776400000000005,59.97,1,4,2,5,1,Pass,7.482715,0.75,0.75,0.75,0.75,Moderate,0.72879624,0.897767398252352,0.7467864917464188,74.67864917464188,C1=NC2(N=C1)c1cc(-c3ccccc3)ccc1CC21CCCCC1,0.4166666666666667,30,2,2,4,0.8,High Suitability,0.35000000000000003,0.85,0.6950000000000001,Moderate,0.7190879280567168,71.90879280567168,335
CNc1ccc(/C=C/c2cc3cc(O)ccc3o2)cc1.Cl,CHEMBL490808,5.67,nM,2160.0,uM,2.16,5.665546248849069,Low Activity,True,301.77299999999997,4.772300000000004,45.4,2,3,3,3,0,Pass,6.1801057,1.0,1.0,1.0,1.0,Favourable,0.51429677,0.897767398252352,0.7520367549605302,75.20367549605302,C(=Cc1cc2ccccc2o1)c1ccccc1,0.058823529411764705,21,3,2,3,1.0,High Suitability,0.8,1.0,0.9600000000000001,Favourable,0.7188632295131684,71.88632295131684,336
CC[C@@H]1CCC[C@H](C2(OC(=O)N3CC4CCC(C3)N4CCO)CC2)N1S(=O)(=O)c1ccc(Cl)cc1,CHEMBL392060,8.46,nM,3.5,nM,3.5,8.455931955649724,Highly Active,True,526.0990000000003,3.4719000000000024,90.39000000000001,1,6,7,5,1,Pass,8.036412,0.75,0.44999999999999996,0.75,0.66,Moderate,0.8199731,0.897767398252352,0.765374925488942,76.5374925488942,O=C(OC1(C2CCCCN2S(=O)(=O)c2ccccc2)CC1)N1CC2CCC(C1)N2,0.72,35,1,1,8,0.4,Low Suitability,0.4000000000000001,0.75,0.55,Unfavourable,0.7184852230548859,71.84852230548859,337
COc1cc(-c2ccc3c(c2)C2(N=C(C)C(N)=N2)[C@]2(CC[C@H](OC(F)F)CC2)C3)cc(C#N)c1F,CHEMBL3657432,7.62,nM,24.0,nM,24.0,7.619788758288394,Highly Active,True,482.50600000000026,5.081780000000004,92.99000000000001,1,6,4,5,1,Pass,8.364763,0.75,0.19999999999999996,0.75,0.585,Unfavourable,0.8740424,0.897767398252352,0.7699095658011369,76.99095658011369,C1=NC2(N=C1)c1cc(-c3ccccc3)ccc1CC21CCCCC1,0.4230769230769231,35,2,2,6,0.2,Low Suitability,0.35000000000000003,0.85,0.465,Unfavourable,0.7184733214378356,71.84733214378356,338
CC1=NC2(N=C1N)c1cc(Br)ccc1CC21CCC2(CC1)OCCO2,CHEMBL6032095,6.20,nM,632.0,nM,632.0,6.199282921717614,Moderately Active,True,404.3080000000004,3.2932000000000023,69.2,1,5,0,5,0,Pass,6.329774,1.0,1.0,1.0,1.0,Favourable,0.53894246,0.897767398252352,0.7643595980353288,76.43595980353288,C1=NC2(N=C1)c1ccccc1CC21CCC2(CC1)OCCO2,0.5789473684210527,25,1,2,5,1.0,High Suitability,0.6000000000000001,1.0,0.92,Favourable,0.7184183688163758,71.84183688163758,339
COc1cc(/C=c2\sc3nc(-c4cccc(C(F)(F)F)c4)cn3c2=O)cc(Cl)c1O,CHEMBL3286989,6.91,nM,123.0,nM,123.0,6.910094888560602,Moderately Active,True,452.8410000000001,4.357100000000003,63.83,1,5,3,4,0,Pass,6.7068605,1.0,0.75,1.0,0.925,Favourable,0.601037,0.897767398252352,0.7729068826384478,77.29068826384477,O=c1c(=Cc2ccccc2)sc2nc(-c3ccccc3)cn12,0.1,30,4,1,5,0.75,High Suitability,0.6000000000000001,1.0,0.8200000000000001,Favourable,0.7175703699588775,71.75703699588774,340
CC1=NC2(N=C1N)c1cc(C#CC3CC3)ccc1CC21CCC1,CHEMBL3653715,6.28,nM,523.0,nM,523.0,6.281498311132726,Moderately Active,True,303.4090000000001,3.1590000000000016,50.739999999999995,1,3,0,5,0,Pass,6.1519775,1.0,1.0,1.0,1.0,Favourable,0.5096649,0.897767398252352,0.7497208164877824,74.97208164877824,C(#CC1CC1)c1ccc2c(c1)C1(N=CC=N1)C1(CCC1)C2,0.5,23,1,2,3,1.0,High Suitability,0.8,1.0,0.9600000000000001,Favourable,0.7163156971931458,71.63156971931458,341
Nc1ncccc1S(=O)(=O)CC[C@@H]1OCC[C@@]2(S(=O)(=O)c3ccc(Cl)cc3)c3c(F)ccc(F)c3OCC12,CHEMBL3984227,7.75,nM,18.0,nM,18.0,7.7447274948966935,Highly Active,True,585.0500000000001,3.9261000000000035,125.64999999999999,1,8,6,5,1,Pass,8.010559,0.75,0.44999999999999996,0.75,0.66,Moderate,0.8157159,0.897767398252352,0.7632463244147233,76.32463244147233,O=S(=O)(CCC1OCCC2(S(=O)(=O)c3ccccc3)c3ccccc3OCC12)c1cccnc1,0.32,38,3,2,8,0.4,Low Suitability,0.4000000000000001,0.75,0.55,Unfavourable,0.7161437737941743,71.61437737941742,342
O=S(=O)(NC[C@@H]1CCC[C@@]2(S(=O)(=O)c3ccc(C(F)(F)F)cc3)c3c(F)ccc(F)c3OC[C@@H]12)C(F)(F)F,CHEMBL1085076,7.27,nM,54.0,nM,54.0,7.267606240177031,Highly Active,True,593.5140000000002,4.900700000000003,89.54,1,5,5,4,1,Pass,7.5054755,0.75,0.75,0.75,0.75,Moderate,0.7325442,0.897767398252352,0.748660461778157,74.8660461778157,O=S(=O)(c1ccccc1)C12CCCCC1COc1ccccc12,0.45454545454545453,38,2,1,6,0.75,High Suitability,0.4000000000000001,0.75,0.6800000000000002,Moderate,0.715899295091629,71.5899295091629,343
COCC#Cc1cnc(C(=O)Nc2ccc(F)c([C@@]3(C)N=C(N)OCC3(F)F)n2)c(Cl)c1,CHEMBL4107875,7.09,nM,81.0,nM,81.0,7.0915149811213505,Highly Active,True,467.83500000000015,2.7147000000000006,111.72,2,7,4,3,0,Pass,7.031314,1.0,0.44999999999999996,1.0,0.835,Favourable,0.6544645,0.897767398252352,0.7726206115431717,77.26206115431718,O=C(Nc1cccc(C2CCOC=N2)n1)c1ccccn1,0.3,32,2,3,8,0.4,Low Suitability,0.8,1.0,0.7300000000000001,Moderate,0.7154554598331452,71.54554598331451,344
COc1ccc(/C=C/C(=O)CC(=O)/C=C/c2ccc3cc[nH]c3c2)c(OC)c1,CHEMBL3965306,6.21,nM,610.0,uM,0.61,6.214670164989233,Moderately Active,True,375.42400000000004,4.440000000000003,68.39,1,4,8,3,0,Pass,6.142145,1.0,1.0,1.0,1.0,Favourable,0.5080458,0.897767398252352,0.7489112662024431,74.89112662024431,O=C(C=Cc1ccccc1)CC(=O)C=Cc1ccc2cc[nH]c2c1,0.13043478260869565,28,3,1,5,1.0,High Suitability,0.8,1.0,0.9600000000000001,Favourable,0.7154252038002015,71.54252038002015,345
CC[C@@H]1CCC[C@H](C2(OC(=O)N3CCN(CCO)CC3)CC2)N1S(=O)(=O)c1ccc(Cl)cc1,CHEMBL240070,7.92,nM,12.0,nM,12.0,7.920818753952375,Highly Active,True,500.06100000000026,2.940900000000002,90.39000000000001,1,6,7,4,1,Pass,7.8456755,0.75,0.44999999999999996,0.75,0.66,Moderate,0.7885647,0.897767398252352,0.7496707109160355,74.96707109160356,O=C(OC1(C2CCCCN2S(=O)(=O)c2ccccc2)CC1)N1CCNCC1,0.6956521739130435,33,1,1,8,0.4,Low Suitability,0.6000000000000001,0.75,0.59,Unfavourable,0.7152105751037598,71.52105751037598,346
Cl.Nc1ccc(/C=C/c2cc3cc(O)ccc3o2)cc1,CHEMBL444393,5.53,nM,2950.0,uM,2.95,5.530177984021837,Low Activity,True,287.746,4.312800000000002,59.39,2,3,2,3,0,Pass,6.139235,1.0,1.0,1.0,1.0,Favourable,0.5075666,0.897767398252352,0.748671655530446,74.8671655530446,C(=Cc1cc2ccccc2o1)c1ccccc1,0.0,20,3,3,3,1.0,High Suitability,0.8,1.0,0.9600000000000001,Favourable,0.7151616320610047,71.51616320610047,347
O=C(OC1([C@H]2CCC[C@@H](CC(F)(F)F)N2S(=O)(=O)c2ccc(Cl)cc2)CC1)N1CCN(CCO)CC1,CHEMBL240071,7.85,nM,14.0,nM,14.0,7.853871964321762,Highly Active,True,554.0310000000003,3.4833000000000025,90.39,1,6,7,4,1,Pass,7.9906607,0.75,0.44999999999999996,0.75,0.66,Moderate,0.8124392,0.897767398252352,0.7616079715437821,76.16079715437822,O=C(OC1(C2CCCCN2S(=O)(=O)c2ccccc2)CC1)N1CCNCC1,0.6956521739130435,36,1,1,8,0.4,Low Suitability,0.4000000000000001,0.75,0.55,Unfavourable,0.7143415677547456,71.43415677547455,348
COc1ccc2cc(/C=C/c3ccc(N(C)C)cc3)oc2c1,CHEMBL524141,7.16,nM,70.0,uM,0.07,7.154901959985743,Highly Active,True,293.36600000000004,4.677800000000004,25.61,0,3,4,3,0,Pass,6.1222696,1.0,1.0,1.0,1.0,Favourable,0.5047729,0.897767398252352,0.7472748206801347,74.72748206801347,C(=Cc1cc2ccccc2o1)c1ccccc1,0.15789473684210525,22,3,0,3,1.0,High Suitability,0.8,1.0,0.9600000000000001,Favourable,0.7136251137256623,71.36251137256623,349
COc1ccc2oc(/C=C/c3ccc(N)cc3)cc2c1,CHEMBL492024,6.09,nM,820.0,uM,0.82,6.086186147616283,Moderately Active,True,265.312,4.194000000000003,48.39,1,3,3,3,0,Pass,6.1092596,1.0,1.0,1.0,1.0,Favourable,0.5026306,0.897767398252352,0.7462036656088762,74.62036656088762,C(=Cc1cc2ccccc2o1)c1ccccc1,0.058823529411764705,20,3,2,3,1.0,High Suitability,0.8,1.0,0.9600000000000001,Favourable,0.71244681930542,71.244681930542,350
CC(F)(F)c1cnc(C(=O)Nc2ccc(F)c([C@@]3(C)N=C(N)OCC3(F)F)n2)c(Cl)c1,CHEMBL4111183,7.24,nM,58.0,nM,58.0,7.236572006437063,Highly Active,True,463.7940000000002,3.828500000000002,102.49000000000001,2,6,4,3,0,Pass,7.146179,1.0,0.44999999999999996,1.0,0.835,Favourable,0.6733792,0.897767398252352,0.7820779613203934,78.20779613203935,O=C(Nc1cccc(C2CCOC=N2)n1)c1ccccn1,0.3333333333333333,31,2,3,7,0.4,Low Suitability,0.6000000000000001,1.0,0.6900000000000001,Moderate,0.711858556509018,71.1858556509018,351
COc1cc(/C=C/c2nc3cc(Cl)ccc3c(=O)[nH]2)ccc1-n1cnc(C)c1,CHEMBL1642177,6.18,nM,660.0,uM,0.66,6.180456064458131,Moderately Active,True,392.8460000000001,4.249620000000003,72.8,1,4,4,4,0,Pass,6.098823,1.0,1.0,1.0,1.0,Favourable,0.50091195,0.897767398252352,0.7453443454451494,74.53443454451494,O=c1[nH]c(C=Cc2ccc(-n3ccnc3)cc2)nc2ccccc12,0.09523809523809523,28,4,1,6,1.0,High Suitability,0.8,1.0,0.9600000000000001,Favourable,0.7115015790462494,71.15015790462495,352
C[C@@]1(c2cc(NC(=O)c3ncc(OC(F)F)cc3Cl)ccc2F)CO[C@@](C)(C(F)(F)F)C(N)=N1,CHEMBL5074449,8.05,nM,9.0,uM,0.009000000000000001,8.045757490560675,Highly Active,True,510.8220000000002,4.651400000000002,98.83,2,6,5,3,1,Pass,7.9358454,0.75,0.44999999999999996,0.75,0.66,Moderate,0.8034128,0.897767398252352,0.7570947674460343,75.70947674460344,O=C(Nc1cccc(C2COCC=N2)c1)c1ccccn1,0.35,34,2,3,7,0.4,Low Suitability,0.4000000000000001,0.75,0.55,Unfavourable,0.7093770372867585,70.93770372867584,353
CC(C)(CO)N1CCN(C(=O)OC2([C@H]3CCC[C@@H](C4CC4)N3S(=O)(=O)c3ccc(Cl)cc3)CC2)CC1,CHEMBL393941,7.92,nM,12.0,nM,12.0,7.920818753952375,Highly Active,True,540.1260000000001,3.7195000000000027,90.39000000000001,1,6,7,5,1,Pass,7.9310594,0.75,0.44999999999999996,0.75,0.66,Moderate,0.8026247,0.897767398252352,0.7567007211394242,75.67007211394242,O=C(OC1(C2CCCC(C3CC3)N2S(=O)(=O)c2ccccc2)CC1)N1CCNCC1,0.7307692307692307,36,1,1,8,0.4,Low Suitability,0.4000000000000001,0.75,0.55,Unfavourable,0.7089435923099519,70.89435923099518,354
COc1ccc(C(=O)OCC(=O)Nc2c3c(nc4ccccc24)CCCC3)c(OC)c1OC,CHEMBL3799703,7.18,nM,65.5,nM,65.5,7.183758700008217,Highly Active,True,450.4910000000003,3.9349000000000034,95.98,1,7,7,4,0,Pass,7.1015453,1.0,0.44999999999999996,1.0,0.835,Favourable,0.66602933,0.897767398252352,0.7784030369467667,77.84030369467668,O=C(COC(=O)c1ccccc1)Nc1c2c(nc3ccccc13)CCCC2,0.32,33,3,1,8,0.4,Low Suitability,0.6000000000000001,1.0,0.6900000000000001,Moderate,0.7078161396980286,70.78161396980286,355
COc1cc(-c2cn([C@H]3CCc4c(F)cccc4N(CC(F)(F)F)C3=O)nn2)ccc1-n1cnc(C)c1,CHEMBL3609749,7.51,nM,31.0,nM,31.0,7.508638306165727,Highly Active,True,514.4830000000002,4.6697200000000025,78.07000000000001,0,5,5,5,1,Pass,7.4094315,0.75,0.75,0.75,0.75,Moderate,0.7167287,0.897767398252352,0.740752713555806,74.0752713555806,O=C1Nc2ccccc2CCC1n1cc(-c2ccc(-n3ccnc3)cc2)nn1,0.28,37,4,0,8,0.75,High Suitability,0.4000000000000001,0.75,0.6800000000000002,Moderate,0.7072007720470428,70.72007720470428,356
CC#Cc1cncc(-c2ccc3c(c2)C2(N=C(C)C(N)=N2)C2(CCC2)C3)c1,CHEMBL3653714,7.51,nM,31.0,nM,31.0,7.508638306165727,Highly Active,True,354.45700000000016,3.8309000000000024,63.629999999999995,1,4,1,5,0,Pass,6.043325,1.0,1.0,1.0,1.0,Favourable,0.49177313,0.897767398252352,0.7407749341673784,74.07749341673784,C1=NC2(N=C1)c1cc(-c3cccnc3)ccc1CC21CCC1,0.34782608695652173,27,2,2,4,1.0,High Suitability,0.8,1.0,0.9600000000000001,Favourable,0.7064752385616303,70.64752385616303,357
CC#Cc1cncc(-c2ccc3c(c2)[C@]2(N=C(C)C(N)=N2)C2(CCC2)C3)c1,CHEMBL5780361,7.72,nM,19.0,nM,19.0,7.721246399047171,Highly Active,True,354.45700000000016,3.8309000000000024,63.629999999999995,1,4,1,5,0,Pass,6.043325,1.0,1.0,1.0,1.0,Favourable,0.49177313,0.897767398252352,0.7407749341673784,74.07749341673784,C1=NC2(N=C1)c1cc(-c3cccnc3)ccc1CC21CCC1,0.34782608695652173,27,2,2,4,1.0,High Suitability,0.8,1.0,0.9600000000000001,Favourable,0.7064752385616303,70.64752385616303,358
CC#Cc1cncc(-c2ccc3c(c2)[C@@]2(N=C(C)C(N)=N2)C2(CCC2)C3)c1,CHEMBL5853871,4.56,nM,27600.0,nM,27600.0,4.559090917934782,Low Activity,True,354.45700000000016,3.8309000000000024,63.629999999999995,1,4,1,5,0,Pass,6.043325,1.0,1.0,1.0,1.0,Favourable,0.49177313,0.897767398252352,0.7407749341673784,74.07749341673784,C1=NC2(N=C1)c1cc(-c3cccnc3)ccc1CC21CCC1,0.34782608695652173,27,2,2,4,1.0,High Suitability,0.8,1.0,0.9600000000000001,Favourable,0.7064752385616303,70.64752385616303,359
CC[C@@H]1CCC[C@H](C2(OC(=O)N3CCN(CCCO)CC3)CC2)N1S(=O)(=O)c1ccc(Cl)cc1,CHEMBL236183,7.77,nM,17.0,nM,17.0,7.769551078621726,Highly Active,True,514.0880000000002,3.331000000000002,90.39000000000001,1,6,8,4,1,Pass,7.899002,0.75,0.44999999999999996,0.75,0.66,Moderate,0.7973459,0.897767398252352,0.7540613082594804,75.40613082594804,O=C(OC1(C2CCCCN2S(=O)(=O)c2ccccc2)CC1)N1CCNCC1,0.7083333333333334,34,1,1,8,0.4,Low Suitability,0.4000000000000001,0.75,0.55,Unfavourable,0.7060402500629426,70.60402500629425,360
COc1cc(/C=C/c2cccc(/C=C/c3ccc(O)c(OC)c3)n2)ccc1O,CHEMBL247328,6.10,nM,800.0,uM,0.8,6.096910013008056,Moderately Active,True,375.4240000000001,4.850800000000005,71.81,2,5,6,3,0,Pass,6.0337844,1.0,1.0,1.0,1.0,Favourable,0.49020213,0.897767398252352,0.7399894343562059,73.99894343562059,C(=Cc1cccc(C=Cc2ccccc2)n1)c1ccccc1,0.08695652173913043,28,3,2,5,1.0,High Suitability,0.8,1.0,0.9600000000000001,Favourable,0.7056111798286439,70.56111798286439,361
CC[C@@H]1CCC[C@H](C2(OC(=O)N3CC4CCC(C3)N4CCO)CC2)N1S(=O)(=O)c1ccc(F)c(F)c1,CHEMBL236189,7.57,nM,27.0,nM,27.0,7.568636235841012,Highly Active,True,527.6340000000002,3.096700000000002,90.39000000000001,1,6,7,5,1,Pass,7.8928204,0.75,0.44999999999999996,0.75,0.66,Moderate,0.79632795,0.897767398252352,0.7535523441977433,75.35523441977433,O=C(OC1(C2CCCCN2S(=O)(=O)c2ccccc2)CC1)N1CC2CCC(C1)N2,0.72,36,1,1,8,0.4,Low Suitability,0.4000000000000001,0.75,0.55,Unfavourable,0.7054803836345673,70.54803836345673,362
CC[C@@H]1CCC[C@H](C2(OC(=O)N3CCN(CCO)[C@@H](C)C3)CC2)N1S(=O)(=O)c1ccc(Cl)cc1,CHEMBL236182,7.89,nM,13.0,nM,13.0,7.886056647693163,Highly Active,True,514.0880000000002,3.3294000000000024,90.39000000000001,1,6,7,4,1,Pass,7.887856,0.75,0.44999999999999996,0.75,0.66,Moderate,0.7955104,0.897767398252352,0.7531435755438737,75.31435755438737,O=C(OC1(C2CCCCN2S(=O)(=O)c2ccccc2)CC1)N1CCNCC1,0.7083333333333334,34,1,1,8,0.4,Low Suitability,0.4000000000000001,0.75,0.55,Unfavourable,0.7050307261943818,70.50307261943817,363
COc1cc(/C=C/C(=O)CC(=O)/C=C/c2ccco2)ccc1O,CHEMBL3981143,6.12,nM,760.0,uM,0.76,6.119186407719209,Moderately Active,True,312.321,3.2487000000000026,76.74000000000001,1,5,7,2,0,Pass,6.023479,1.0,1.0,1.0,1.0,Favourable,0.48850513,0.897767398252352,0.7391409324355058,73.91409324355058,O=C(C=Cc1ccccc1)CC(=O)C=Cc1ccco1,0.1111111111111111,23,2,1,5,1.0,High Suitability,0.8,1.0,0.9600000000000001,Favourable,0.704677830696106,70.4677830696106,364
COCc1cc(C#N)cc(-c2ccc3c(c2)C2(N=C(C)C(N)=N2)[C@]2(CC[C@H](OC)CC2)C3)c1,CHEMBL3657420,8.21,nM,6.1,nM,6.1,8.214670164989233,Highly Active,True,442.56300000000033,4.487680000000003,92.99,1,6,4,5,0,Pass,6.6803126,1.0,0.7,1.0,0.9099999999999999,Favourable,0.5966654,0.897767398252352,0.7662210611052445,76.62210611052444,C1=NC2(N=C1)c1cc(-c3ccccc3)ccc1CC21CCCCC1,0.4444444444444444,33,2,2,6,0.65,Moderate Suitability,0.6000000000000001,1.0,0.79,Moderate,0.704665978193283,70.4665978193283,365
COCc1cc(C#N)cc(-c2ccc3c(c2)[C@]2(N=C(C)C(N)=N2)[C@]2(CC[C@H](OC)CC2)C3)c1,CHEMBL5745026,8.51,nM,3.1,nM,3.1,8.508638306165727,Highly Active,True,442.56300000000033,4.487680000000003,92.99,1,6,4,5,0,Pass,6.6803126,1.0,0.7,1.0,0.9099999999999999,Favourable,0.5966654,0.897767398252352,0.7662210611052445,76.62210611052444,C1=NC2(N=C1)c1cc(-c3ccccc3)ccc1CC21CCCCC1,0.4444444444444444,33,2,2,6,0.65,Moderate Suitability,0.6000000000000001,1.0,0.79,Moderate,0.704665978193283,70.4665978193283,366
COCc1cc(C#N)cc(-c2ccc3c(c2)[C@@]2(N=C(C)C(N)=N2)[C@]2(CC[C@H](OC)CC2)C3)c1,CHEMBL5917391,4.81,nM,15400.0,nM,15400.0,4.812479279163537,Low Activity,True,442.56300000000033,4.487680000000003,92.99,1,6,4,5,0,Pass,6.6803126,1.0,0.7,1.0,0.9099999999999999,Favourable,0.5966654,0.897767398252352,0.7662210611052445,76.62210611052444,C1=NC2(N=C1)c1cc(-c3ccccc3)ccc1CC21CCCCC1,0.4444444444444444,33,2,2,6,0.65,Moderate Suitability,0.6000000000000001,1.0,0.79,Moderate,0.704665978193283,70.4665978193283,367
CC1=NC2(N=C1N)c1cc(-c3cncc(Cl)c3)ccc1CC21CCC(F)(F)CC1,CHEMBL3653693,7.28,nM,53.0,nM,53.0,7.275724130399211,Highly Active,True,414.8870000000003,5.138300000000004,63.629999999999995,1,4,1,5,1,Pass,7.323058,0.75,0.75,0.75,0.75,Moderate,0.7025057,0.897767398252352,0.7336412237830093,73.36412237830093,C1=NC2(N=C1)c1cc(-c3cccnc3)ccc1CC21CCCCC1,0.4090909090909091,29,2,2,4,0.8,High Suitability,0.35000000000000003,0.85,0.6950000000000001,Moderate,0.704628139257431,70.46281392574309,368
CC[C@@H]1CCC[C@H](C2(OC(=O)N3CCN(C(C)(C)CO)CC3)CC2)N1S(=O)(=O)c1ccc(F)c(F)c1,CHEMBL236188,8.02,nM,9.6,nM,9.6,8.017728766960431,Highly Active,True,529.6500000000003,3.3443000000000023,90.39000000000001,1,6,7,4,1,Pass,7.883409,0.75,0.44999999999999996,0.75,0.66,Moderate,0.7947782,0.897767398252352,0.7527774838156632,75.27774838156633,O=C(OC1(C2CCCCN2S(=O)(=O)c2ccccc2)CC1)N1CCNCC1,0.72,36,1,1,8,0.4,Low Suitability,0.4000000000000001,0.75,0.55,Unfavourable,0.7046280372142792,70.46280372142792,369
COc1cc(/C=C/C(=O)CC(=O)/C=C/c2ccc3cc[nH]c3c2)ccc1O,CHEMBL3950384,6.38,nM,420.0,uM,0.42,6.376750709602099,Moderately Active,True,361.39700000000005,4.137000000000004,79.39,2,4,7,3,0,Pass,6.0214386,1.0,1.0,1.0,1.0,Favourable,0.48816913,0.897767398252352,0.7389729367442064,73.89729367442064,O=C(C=Cc1ccccc1)CC(=O)C=Cc1ccc2cc[nH]c2c1,0.09090909090909091,27,3,2,5,1.0,High Suitability,0.8,1.0,0.9600000000000001,Favourable,0.7044930264949799,70.449302649498,370
COc1cc(/C=C/C(=O)CC(=O)/C=C/c2ccc3ccccc3c2)ccc1O,CHEMBL3922663,6.23,nM,590.0,uM,0.59,6.229147988357855,Moderately Active,True,372.4200000000001,4.808900000000005,63.60000000000001,1,4,7,3,0,Pass,6.0209546,1.0,1.0,1.0,1.0,Favourable,0.48808944,0.897767398252352,0.738933091039174,73.8933091039174,O=C(C=Cc1ccccc1)CC(=O)C=Cc1ccc2ccccc2c1,0.08333333333333333,28,3,1,4,1.0,High Suitability,0.8,1.0,0.9600000000000001,Favourable,0.7044491872787476,70.44491872787476,371
CN1C(=O)C(c2cc(F)cc(F)c2)(c2cccc(OC(F)F)c2)N=C1N,CHEMBL5785587,5.68,nM,2100.0,nM,2100.0,5.6777807052660805,Low Activity,True,367.3020000000001,2.5965,67.92,1,4,4,3,0,Pass,5.8660855,1.0,1.0,1.0,1.0,Favourable,0.4625873,0.897767398252352,0.7261820183939867,72.61820183939867,O=C1NC=NC1(c1ccccc1)c1ccccc1,0.17647058823529413,26,2,2,5,1.0,High Suitability,1.0,1.0,1.0,Favourable,0.7044230222702026,70.44230222702026,372
CO[C@H]1CC[C@]2(CC1)Cc1cc(F)c(-c3cc(Cl)cc(C#N)c3)cc1[C@]21N=C(C)C(N)=N1,CHEMBL4113193,6.01,nM,986.0,nM,986.0,6.006123085058789,Moderately Active,True,450.9450000000002,5.133780000000006,83.75999999999999,1,5,2,5,1,Pass,7.7062187,0.75,0.5,0.75,0.675,Moderate,0.76560044,0.897767398252352,0.7426885913557938,74.26885913557938,C1=NC2(N=C1)c1cc(-c3ccccc3)ccc1CC21CCCCC1,0.4,32,2,2,5,0.55,Moderate Suitability,0.35000000000000003,0.85,0.595,Unfavourable,0.7043302614688873,70.43302614688874,373
CO[C@H]1CC[C@]2(CC1)Cc1cc(F)c(-c3cc(Cl)cc(C#N)c3)cc1[C@@]21N=C(C)C(N)=N1,CHEMBL3902640,9.10,nM,0.8,nM,0.8,9.096910013008056,Highly Active,True,450.9450000000002,5.133780000000006,83.75999999999999,1,5,2,5,1,Pass,7.7062187,0.75,0.5,0.75,0.675,Moderate,0.76560044,0.897767398252352,0.7426885913557938,74.26885913557938,C1=NC2(N=C1)c1cc(-c3ccccc3)ccc1CC21CCCCC1,0.4,32,2,2,5,0.55,Moderate Suitability,0.35000000000000003,0.85,0.595,Unfavourable,0.7043302614688873,70.43302614688874,374
CO[C@H]1CC[C@]2(CC1)Cc1cc(F)c(-c3cc(Cl)cc(C#N)c3)cc1C21N=C(C)C(N)=N1,CHEMBL3947671,8.77,nM,1.7,nM,1.7,8.769551078621726,Highly Active,True,450.9450000000002,5.133780000000006,83.75999999999999,1,5,2,5,1,Pass,7.7062187,0.75,0.5,0.75,0.675,Moderate,0.76560044,0.897767398252352,0.7426885913557938,74.26885913557938,C1=NC2(N=C1)c1cc(-c3ccccc3)ccc1CC21CCCCC1,0.4,32,2,2,5,0.55,Moderate Suitability,0.35000000000000003,0.85,0.595,Unfavourable,0.7043302614688873,70.43302614688874,375
O=C(OC1([C@H]2CCC[C@@H](C3CC3)N2S(=O)(=O)c2ccc(Cl)cc2)CC1)N1CCN(CCO)CC1,CHEMBL240069,7.57,nM,27.0,nM,27.0,7.568636235841012,Highly Active,True,512.0720000000003,2.940900000000001,90.39,1,6,7,5,1,Pass,7.7246714,0.75,0.44999999999999996,0.75,0.66,Moderate,0.76863897,0.897767398252352,0.7397078541464738,73.97078541464738,O=C(OC1(C2CCCC(C3CC3)N2S(=O)(=O)c2ccccc2)CC1)N1CCNCC1,0.7083333333333334,34,1,1,8,0.4,Low Suitability,0.6000000000000001,0.75,0.59,Unfavourable,0.7042514564990998,70.42514564990998,376
COc1cc(OCC2CCCO2)ccc1/C=C/C(=O)CC(=O)/C=C/c1ccc2cc[nH]c2c1,CHEMBL3938007,5.60,nM,2500.0,uM,2.5,5.6020599913279625,Low Activity,True,445.51500000000016,4.989200000000005,77.62,1,5,10,4,0,Pass,6.172497,1.0,1.0,1.0,1.0,Favourable,0.51304376,0.897767398252352,0.7514102505392961,75.14102505392961,O=C(C=Cc1ccc(OCC2CCCO2)cc1)CC(=O)C=Cc1ccc2cc[nH]c2c1,0.25925925925925924,33,3,1,6,1.0,High Suitability,0.6000000000000001,1.0,0.92,Favourable,0.7041740806102753,70.41740806102753,377
COc1cc(/C=C/c2cccc(/C=C/c3ccc(N)c(OC)c3)n2)ccc1N,CHEMBL247524,6.16,nM,700.0,uM,0.7,6.154901959985743,Moderately Active,True,373.45600000000013,4.604000000000003,83.39,2,5,6,3,0,Pass,6.0098476,1.0,1.0,1.0,1.0,Favourable,0.48626047,0.897767398252352,0.7380186067767076,73.80186067767076,C(=Cc1cccc(C=Cc2ccccc2)n1)c1ccccc1,0.08695652173913043,28,3,4,5,1.0,High Suitability,0.8,1.0,0.9600000000000001,Favourable,0.7034432694911957,70.34432694911958,378
CCO[C@H]1CC[C@]2(CC1)Cc1ccc(-c3cc(C#N)cc(C(F)F)c3)cc1C21N=C(C)C(N)=N1,CHEMBL3917387,7.55,nM,28.0,nM,28.0,7.552841968657781,Highly Active,True,462.54400000000015,5.668980000000007,83.75999999999999,1,5,4,5,1,Pass,7.6922355,0.75,0.5,0.75,0.675,Moderate,0.7632978,0.897767398252352,0.7415372680373123,74.15372680373123,C1=NC2(N=C1)c1cc(-c3ccccc3)ccc1CC21CCCCC1,0.4444444444444444,34,2,2,5,0.55,Moderate Suitability,0.35000000000000003,0.85,0.595,Unfavourable,0.7030638117790222,70.30638117790222,379
C[C@]1(c2nc(NC(=O)c3nccnc3N)ccc2F)N=C(N)OCC1(F)F,CHEMBL4110655,6.75,nM,180.0,nM,180.0,6.7447274948966935,Moderately Active,True,381.31800000000015,1.0406,141.4,3,8,3,3,0,Pass,6.806652,0.65,0.7,1.0,0.77,Moderate,0.61746955,0.897767398252352,0.7346231445021562,73.46231445021562,O=C(Nc1cccc(C2CCOC=N2)n1)c1cnccn1,0.26666666666666666,27,2,5,9,0.65,Moderate Suitability,1.0,0.8,0.7525,Moderate,0.7029832520484923,70.29832520484923,380
CC[C@@H]1CCC[C@H](C2(OC(=O)N3CCN(CCO)C[C@@H]3C)CC2)N1S(=O)(=O)c1ccc(Cl)cc1,CHEMBL392059,7.92,nM,12.0,nM,12.0,7.920818753952375,Highly Active,True,514.0880000000002,3.3294000000000024,90.39000000000001,1,6,7,4,1,Pass,7.8588734,0.75,0.44999999999999996,0.75,0.66,Moderate,0.79073787,0.897767398252352,0.7507573035902909,75.0757303590291,O=C(OC1(C2CCCCN2S(=O)(=O)c2ccccc2)CC1)N1CCNCC1,0.7083333333333334,34,1,1,8,0.4,Low Suitability,0.4000000000000001,0.75,0.55,Unfavourable,0.7024058270454407,70.24058270454407,381
C[C@]1(c2nc(NC(=O)c3ncc(OCF)nc3N)ccc2F)N=C(N)OCC1(F)F,CHEMBL4110172,7.52,nM,30.0,nM,30.0,7.522878745280337,Highly Active,True,429.3340000000001,1.3463999999999998,150.63,3,9,5,3,0,Pass,6.944344,0.65,0.7,1.0,0.77,Moderate,0.64014316,0.897767398252352,0.7459599479384355,74.59599479384354,O=C(Nc1cccc(C2CCOC=N2)n1)c1cnccn1,0.3125,30,2,5,10,0.65,Moderate Suitability,0.8,0.8,0.7125,Moderate,0.7014537358283996,70.14537358283997,382
COc1ccc2cc(/C=C/c3ccc(N(C)C)c(OC)c3)oc2c1,CHEMBL521929,6.28,nM,530.0,uM,0.53,6.275724130399211,Moderately Active,True,323.39200000000005,4.686400000000004,34.84,0,4,5,3,0,Pass,5.9802146,1.0,1.0,1.0,1.0,Favourable,0.48138082,0.897767398252352,0.7355787800497942,73.55787800497941,C(=Cc1cc2ccccc2o1)c1ccccc1,0.2,24,3,0,4,1.0,High Suitability,0.8,1.0,0.9600000000000001,Favourable,0.7007594511508942,70.07594511508943,383
O=C(OC1([C@H]2CCC[C@@H](CC(F)(F)F)N2S(=O)(=O)c2ccc(Cl)cc2)CC1)N1CCC(N2CCCCC2)CC1,CHEMBL442801,8.46,nM,3.5,nM,3.5,8.455931955649724,Highly Active,True,592.1239999999999,5.823700000000006,70.16,0,5,6,5,2,Fail,8.475405,0.5,0.5,0.5,0.5,Unfavourable,0.8922616,0.897767398252352,0.7160191820807389,71.60191820807388,O=C(OC1(C2CCCCN2S(=O)(=O)c2ccccc2)CC1)N1CCC(N2CCCCC2)CC1,0.7407407407407407,39,1,0,7,0.55,Moderate Suitability,0.15000000000000002,0.6,0.45499999999999996,Unfavourable,0.6999939053058625,69.99939053058625,384
CCOc1cnc(C(=O)Nc2ccc(F)c([C@@]3(C)N=C(N)OCC3(F)F)n2)c(Cl)c1,CHEMBL4109860,6.35,nM,450.0,nM,450.0,6.346787486224656,Moderately Active,True,443.8130000000001,3.115500000000001,111.72,2,7,5,3,0,Pass,6.6229153,1.0,0.7,1.0,0.9099999999999999,Favourable,0.58721375,0.897767398252352,0.7614952472395828,76.14952472395828,O=C(Nc1cccc(C2CCOC=N2)n1)c1ccccn1,0.3333333333333333,30,2,3,8,0.65,Moderate Suitability,0.6000000000000001,1.0,0.79,Moderate,0.6994675590991973,69.94675590991973,385
CCC[C@@H]1CCC[C@H](C2(OC(=O)N3CCC(N4CCCCC4)CC3)CC2)N1S(=O)(=O)c1ccc(Cl)cc1,CHEMBL239858,8.60,nM,2.5,nM,2.5,8.602059991327963,Highly Active,True,552.1810000000004,5.671400000000006,70.16,0,5,7,5,2,Fail,8.467548,0.5,0.5,0.5,0.5,Unfavourable,0.89096785,0.897767398252352,0.7153722928709916,71.53722928709915,O=C(OC1(C2CCCCN2S(=O)(=O)c2ccccc2)CC1)N1CCC(N2CCCCC2)CC1,0.75,37,1,0,7,0.55,Moderate Suitability,0.15000000000000002,0.6,0.45499999999999996,Unfavourable,0.6992823152542115,69.92823152542115,386
COc1ccc(-c2cc(-c3ccc(Br)cc3)nc3[nH]nc(N)c23)cc1OC,CHEMBL5646721,6.11,nM,770.0,uM,0.77,6.113509274827518,Moderately Active,True,425.2860000000002,4.653800000000003,86.05,2,5,4,4,0,Pass,6.1182265,1.0,1.0,1.0,1.0,Favourable,0.5041071,0.897767398252352,0.7469419287390642,74.69419287390642,c1ccc(-c2cc(-c3ccccc3)c3cn[nH]c3n2)cc1,0.1,27,4,3,6,1.0,High Suitability,0.6000000000000001,1.0,0.92,Favourable,0.6992589325904847,69.92589325904846,387
C[C@]1(c2nc(NC(=O)c3ncc(C(F)F)nc3N)ccc2F)N=C(N)OCC1(F)F,CHEMBL4112705,7.22,nM,60.0,nM,60.0,7.221848749616356,Highly Active,True,431.3250000000001,1.9781999999999997,141.4,3,8,4,3,0,Pass,6.919129,0.65,0.7,1.0,0.77,Moderate,0.635991,0.897767398252352,0.7438838585562638,74.38838585562638,O=C(Nc1cccc(C2CCOC=N2)n1)c1cnccn1,0.3125,30,2,5,9,0.65,Moderate Suitability,0.8,0.8,0.7125,Moderate,0.6991700434684753,69.91700434684753,388
CC(C)(C)c1ccc(-c2cc(N3CC(CN4CCCC4)C3)c3nonc3c2)cc1,CHEMBL5289087,6.21,nM,620.0,uM,0.62,6.207608310501746,Moderately Active,True,390.5310000000001,4.719300000000005,45.400000000000006,0,5,4,5,0,Pass,5.956424,1.0,1.0,1.0,1.0,Favourable,0.4774633,0.897767398252352,0.7336200224108629,73.36200224108629,c1ccc(-c2cc(N3CC(CN4CCCC4)C3)c3nonc3c2)cc1,0.5,29,3,0,5,1.0,High Suitability,0.8,1.0,0.9600000000000001,Favourable,0.698604832649231,69.8604832649231,389
COc1cc(/C=C/c2cc(/C=C/c3ccc(O)c(OC)c3)[nH]n2)ccc1O,CHEMBL180239,6.32,nM,476.0,nM,476.0,6.3223930472795065,Moderately Active,True,364.401,4.178900000000003,87.60000000000001,3,5,6,3,0,Pass,5.9465165,1.0,1.0,1.0,1.0,Favourable,0.4758318,0.897767398252352,0.7328042732424669,73.28042732424669,C(=Cc1cc(C=Cc2ccccc2)[nH]n1)c1ccccc1,0.09523809523809523,27,3,3,6,1.0,High Suitability,0.8,1.0,0.9600000000000001,Favourable,0.6977074847221375,69.77074847221375,390
CN(C)c1ccc2nc3ccc(N(C)C)cc3[s+]c2c1.[Cl-],CHEMBL405110,6.30,nM,500.0,uM,0.5,6.301029995663981,Moderately Active,True,319.861,0.8665999999999998,19.370000000000005,0,3,2,3,0,Pass,5.946017,1.0,1.0,1.0,1.0,Favourable,0.4757495,0.897767398252352,0.7327631162352495,73.27631162352495,c1ccc2[s+]c3ccccc3nc2c1,0.25,21,3,0,3,0.8,High Suitability,1.0,1.0,0.9600000000000001,Favourable,0.6976622149944306,69.76622149944306,391
C[C@@]1(c2nc(NC(=O)c3ncc(C(F)(F)F)nc3N)ccc2F)CO[C@@](C)(C(F)(F)F)C(N)=N1,CHEMBL3670385,7.58,nM,26.0,uM,0.026000000000000002,7.585026652029182,Highly Active,True,495.35900000000015,2.7876000000000003,141.40000000000003,3,8,3,3,0,Pass,7.2825255,0.65,0.44999999999999996,1.0,0.6950000000000001,Moderate,0.6958312,0.897767398252352,0.7513039597220353,75.13039597220353,O=C(Nc1cccc(C2COCC=N2)n1)c1cnccn1,0.3888888888888889,34,2,5,9,0.4,Low Suitability,0.8,0.8,0.6125,Moderate,0.6970821487903595,69.70821487903595,392
O=c1[nH]cccc1S(=O)(=O)CC[C@@H]1OCC[C@@]2(S(=O)(=O)c3ccc(Cl)cc3)c3c(F)ccc(F)c3OCC12,CHEMBL3941787,8.55,nM,2.8,nM,2.8,8.55284196865778,Highly Active,True,586.0340000000001,3.6372000000000035,119.60000000000001,1,7,6,5,1,Pass,7.799394,0.75,0.44999999999999996,0.75,0.66,Moderate,0.7809435,0.897767398252352,0.7458601263709,74.58601263709001,O=c1[nH]cccc1S(=O)(=O)CCC1OCCC2(S(=O)(=O)c3ccccc3)c3ccccc3OCC12,0.32,38,3,1,8,0.4,Low Suitability,0.4000000000000001,0.75,0.55,Unfavourable,0.6970189380645753,69.70189380645752,393
O=C(OC1([C@H]2CCC[C@@H](C3CC3)N2S(=O)(=O)c2ccc(Cl)cc2)CC1)N1CCN(CCCO)CC1,CHEMBL236192,7.80,nM,16.0,nM,16.0,7.795880017344075,Highly Active,True,526.0990000000003,3.331000000000002,90.39,1,6,8,5,1,Pass,7.7927265,0.75,0.44999999999999996,0.75,0.66,Moderate,0.7798456,0.897767398252352,0.7453111675925187,74.53111675925187,O=C(OC1(C2CCCC(C3CC3)N2S(=O)(=O)c2ccccc2)CC1)N1CCNCC1,0.72,35,1,1,8,0.4,Low Suitability,0.4000000000000001,0.75,0.55,Unfavourable,0.6964150834083558,69.64150834083557,394
CO[C@H]1CC[C@@]2(CCc3ccc(-c4cc(Cl)cc(C#N)c4)cc3C23N=C(C)C(N)=N3)CC1,CHEMBL3672731,7.04,nM,92.0,nM,92.0,7.036212172654444,Highly Active,True,446.9820000000003,5.384780000000006,83.75999999999999,1,5,2,5,1,Pass,7.2293253,0.75,0.75,0.75,0.75,Moderate,0.68707085,0.897767398252352,0.7259237931914261,72.59237931914261,C1=NC2(N=C1)c1cc(-c3ccccc3)ccc1CCC21CCCCC1,0.4230769230769231,32,2,2,5,0.8,High Suitability,0.35000000000000003,0.85,0.6950000000000001,Moderate,0.6961389775276183,69.61389775276183,395
COC1CCC2(CCc3ccc(-c4cc(Cl)cc(C#N)c4)cc3C23N=C(C)C(N)=N3)CC1,CHEMBL3672730,8.51,nM,3.1,nM,3.1,8.508638306165727,Highly Active,True,446.9820000000003,5.384780000000006,83.75999999999999,1,5,2,5,1,Pass,7.2293253,0.75,0.75,0.75,0.75,Moderate,0.68707085,0.897767398252352,0.7259237931914261,72.59237931914261,C1=NC2(N=C1)c1cc(-c3ccccc3)ccc1CCC21CCCCC1,0.4230769230769231,32,2,2,5,0.8,High Suitability,0.35000000000000003,0.85,0.6950000000000001,Moderate,0.6961389775276183,69.61389775276183,396
CO[C@H]1CC[C@]2(CCc3ccc(-c4cc(Cl)cc(C#N)c4)cc3C23N=C(C)C(N)=N3)CC1,CHEMBL3672732,8.35,nM,4.5,nM,4.5,8.346787486224656,Highly Active,True,446.9820000000003,5.384780000000006,83.75999999999999,1,5,2,5,1,Pass,7.2293253,0.75,0.75,0.75,0.75,Moderate,0.68707085,0.897767398252352,0.7259237931914261,72.59237931914261,C1=NC2(N=C1)c1cc(-c3ccccc3)ccc1CCC21CCCCC1,0.4230769230769231,32,2,2,5,0.8,High Suitability,0.35000000000000003,0.85,0.6950000000000001,Moderate,0.6961389775276183,69.61389775276183,397
Cc1nc2sc3c(c2c(=O)o1)CCCC3,CHEMBL1458517,5.92,nM,1200.0,uM,1.2,5.920818753952375,Low Activity,True,221.28099999999992,2.43672,43.1,0,4,0,3,0,Pass,5.772878,1.0,1.0,1.0,1.0,Favourable,0.44723892,0.897767398252352,0.718507830972188,71.8507830972188,O=c1ocnc2sc3c(c12)CCCC3,0.45454545454545453,15,2,0,3,1.0,High Suitability,1.0,1.0,1.0,Favourable,0.6959814101457595,69.59814101457596,398
CNc1ccc(/C=C/c2cc3ccc(OC)cc3o2)cc1,CHEMBL489994,6.10,nM,800.0,uM,0.8,6.096910013008056,Moderately Active,True,279.339,4.653500000000004,34.4,1,3,4,3,0,Pass,5.9170566,1.0,1.0,1.0,1.0,Favourable,0.47098064,0.897767398252352,0.7303786920256548,73.03786920256547,C(=Cc1cc2ccccc2o1)c1ccccc1,0.1111111111111111,21,3,1,3,1.0,High Suitability,0.8,1.0,0.9600000000000001,Favourable,0.6950393722057343,69.50393722057343,399
CC1=NC2(N=C1N)c1cc(NC(=O)c3ccc(Cl)cn3)ccc1CC21CCC(F)(F)CC1,CHEMBL3653694,6.39,nM,408.0,nM,408.0,6.3893398369101195,Moderately Active,True,457.91200000000026,4.723600000000003,92.73,2,5,2,5,0,Pass,6.9509273,1.0,0.44999999999999996,1.0,0.835,Favourable,0.64122725,0.897767398252352,0.7660019925780228,76.60019925780229,O=C(Nc1ccc2c(c1)C1(N=CC=N1)C1(CCCCC1)C2)c1ccccn1,0.391304347826087,32,2,3,6,0.4,Low Suitability,0.6000000000000001,1.0,0.6900000000000001,Moderate,0.6941749908924103,69.41749908924103,400
C[C@@]1(c2nc(NC(=O)c3ncc(OC(F)F)cc3Cl)ccc2F)CO[C@@](C)(C(F)(F)F)C(N)=N1,CHEMBL3670371,7.62,nM,24.0,uM,0.024,7.619788758288394,Highly Active,True,511.8100000000002,4.046400000000001,111.72,2,7,5,3,1,Pass,7.7605333,0.75,0.44999999999999996,0.75,0.66,Moderate,0.77454436,0.897767398252352,0.7426605490393571,74.26605490393571,O=C(Nc1cccc(C2COCC=N2)n1)c1ccccn1,0.3684210526315789,34,2,3,8,0.4,Low Suitability,0.4000000000000001,0.75,0.55,Unfavourable,0.693499402999878,69.3499402999878,401
CC1=NC2(N=C1N)c1cc(-c3cncc(C(F)(F)F)c3)ccc1C[C@]21CC[C@@H](OC(F)F)CC1,CHEMBL3657430,7.68,nM,21.0,nM,21.0,7.6777807052660805,Highly Active,True,478.46500000000026,5.476200000000003,72.86,1,5,3,5,1,Pass,7.5861964,0.75,0.5,0.75,0.675,Moderate,0.7458365,0.897767398252352,0.7328066180891922,73.28066180891922,C1=NC2(N=C1)c1cc(-c3cccnc3)ccc1CC21CCCCC1,0.4583333333333333,34,2,2,5,0.55,Moderate Suitability,0.35000000000000003,0.85,0.595,Unfavourable,0.6934600729942322,69.34600729942322,402
C[C@]1(c2nc(NC(=O)c3ncc(OCC(F)F)cc3Cl)ccc2F)N=C(N)OCC1(F)F,CHEMBL4115141,6.60,nM,250.0,nM,250.0,6.6020599913279625,Moderately Active,True,479.7930000000002,3.3607000000000014,111.72,2,7,6,3,0,Pass,6.939335,1.0,0.44999999999999996,1.0,0.835,Favourable,0.63931835,0.897767398252352,0.7650475434012345,76.50475434012345,O=C(Nc1cccc(C2CCOC=N2)n1)c1ccccn1,0.3333333333333333,32,2,3,8,0.4,Low Suitability,0.6000000000000001,1.0,0.6900000000000001,Moderate,0.6931250848770142,69.31250848770142,403
CN(C)c1ccc2cc3ccc(N(C)C)cc3nc2c1,CHEMBL81880,6.22,nM,600.0,uM,0.6,6.221848749616356,Moderately Active,True,265.35999999999996,3.5200000000000022,19.37,0,3,2,3,0,Pass,5.8819118,1.0,1.0,1.0,1.0,Favourable,0.4651934,0.897767398252352,0.7274850653357439,72.74850653357439,c1ccc2nc3ccccc3cc2c1,0.23529411764705882,20,3,0,3,1.0,High Suitability,0.8,1.0,0.9600000000000001,Favourable,0.6918563649654389,69.18563649654389,404
CC#Cc1cncc(-c2ccc3c(c2)C2(CCC3)N=C(C)C(N)=N2)c1,CHEMBL3653711,7.21,nM,62.0,nM,62.0,7.207608310501746,Highly Active,True,328.41900000000004,3.440800000000001,63.629999999999995,1,4,1,4,0,Pass,5.8754883,1.0,1.0,1.0,1.0,Favourable,0.46413565,0.897767398252352,0.7269561933226518,72.69561933226518,C1=NC2(CCCc3ccc(-c4cccnc4)cc32)N=C1,0.2857142857142857,25,2,2,4,1.0,High Suitability,0.8,1.0,0.9600000000000001,Favourable,0.6912746236324311,69.12746236324311,405
COc1cc(/C=C/c2cc(/C=C/c3ccc(O)c(OC)c3)ncn2)ccc1O,CHEMBL2059203,5.50,nM,3200.0,uM,3.2,5.494850021680094,Low Activity,True,376.41200000000003,4.245800000000004,84.7,2,6,6,3,0,Pass,5.875327,1.0,1.0,1.0,1.0,Favourable,0.46410912,0.897767398252352,0.7269429312891893,72.69429312891893,C(=Cc1cc(C=Cc2ccccc2)ncn1)c1ccccc1,0.09090909090909091,28,3,2,6,1.0,High Suitability,0.8,1.0,0.9600000000000001,Favourable,0.6912600204944611,69.12600204944611,406
CC[C@@H]1CCC[C@H](C2(OC(=O)N3CCC(N4CCCCC4)CC3)CC2)N1S(=O)(=O)c1ccc(Cl)cc1,CHEMBL239859,8.46,nM,3.5,nM,3.5,8.455931955649724,Highly Active,True,538.1540000000003,5.281300000000006,70.16,0,5,6,5,2,Fail,8.3741,0.5,0.5,0.5,0.5,Unfavourable,0.87557983,0.897767398252352,0.707678286904805,70.7678286904805,O=C(OC1(C2CCCCN2S(=O)(=O)c2ccccc2)CC1)N1CCC(N2CCCCC2)CC1,0.7407407407407407,36,1,0,7,0.55,Moderate Suitability,0.15000000000000002,0.6,0.45499999999999996,Unfavourable,0.6908189325332642,69.08189325332643,407
NC1=NC(c2ccc(OC(F)F)cc2)(c2cc(F)cc(F)c2)C(=O)N1,CHEMBL5827064,5.70,nM,2000.0,nM,2000.0,5.698970004336019,Low Activity,True,353.275,2.2542999999999997,76.71000000000001,2,4,4,3,0,Pass,5.7019978,1.0,1.0,1.0,1.0,Favourable,0.43556708,0.897767398252352,0.7126719103999071,71.2671910399907,O=C1NC=NC1(c1ccccc1)c1ccccc1,0.125,25,2,3,5,1.0,High Suitability,1.0,1.0,1.0,Favourable,0.6895619004964828,68.95619004964828,408
COc1cc(/C=C/c2cc(N(C)C)cc(/C=C/c3ccc(O)c(OC)c3)n2)ccc1O,CHEMBL247728,5.72,nM,1900.0,uM,1.9,5.721246399047171,Low Activity,True,418.4930000000001,4.916800000000006,75.05000000000001,2,6,7,3,0,Pass,6.005248,1.0,1.0,1.0,1.0,Favourable,0.48550308,0.897767398252352,0.7376399086661272,73.76399086661272,C(=Cc1cccc(C=Cc2ccccc2)n1)c1ccccc1,0.16,31,3,2,6,1.0,High Suitability,0.6000000000000001,1.0,0.92,Favourable,0.6890266926288605,68.90266926288605,409
CN(C)c1ccc(/C=C/c2cc3ccc(O)cc3o2)cc1,CHEMBL443097,5.44,nM,3620.0,uM,3.62,5.441291429466834,Low Activity,True,279.33899999999994,4.374800000000004,36.61,1,3,3,3,0,Pass,5.848534,1.0,1.0,1.0,1.0,Favourable,0.45969713,0.897767398252352,0.7247369335837297,72.47369335837297,C(=Cc1cc2ccccc2o1)c1ccccc1,0.1111111111111111,21,3,1,3,1.0,High Suitability,0.8,1.0,0.9600000000000001,Favourable,0.6888334259986878,68.88334259986878,410
Oc1nc(NCc2ccccc2)c2ccccc2n1,CHEMBL4082825,6.57,nM,270.0,uM,0.27,6.568636235841012,Moderately Active,True,251.28900000000002,2.9475000000000007,58.040000000000006,2,4,3,3,0,Pass,5.690095,1.0,1.0,1.0,1.0,Favourable,0.4336071,0.897767398252352,0.7116919206328325,71.16919206328325,c1ccc(CNc2ncnc3ccccc23)cc1,0.06666666666666667,19,3,2,4,1.0,High Suitability,1.0,1.0,1.0,Favourable,0.6884839057922363,68.84839057922363,411
CC1=NC2(CCOc3ccc(NC(=O)c4ncc(Cl)cc4Cl)cc32)N=C1N,CHEMBL3653665,6.25,nM,560.0,nM,560.0,6.251811972993799,Moderately Active,True,404.2570000000001,3.407700000000002,101.96,2,6,2,4,0,Pass,6.4960723,1.0,0.7,1.0,0.9099999999999999,Favourable,0.5663266,0.897767398252352,0.7510516790099075,75.10516790099075,O=C(Nc1ccc2c(c1)C1(CCO2)N=CC=N1)c1ccccn1,0.2222222222222222,27,2,3,7,0.65,Moderate Suitability,0.6000000000000001,1.0,0.79,Moderate,0.6879796578884124,68.79796578884124,412
C[C@]1(c2nc(NC(=O)c3ncc(C(F)(F)F)nc3N)ccc2F)N=C(N)OCC1(F)F,CHEMBL4110279,6.85,nM,140.0,nM,140.0,6.853871964321762,Moderately Active,True,449.3150000000001,2.0593999999999997,141.4,3,8,3,3,0,Pass,6.792406,0.65,0.7,1.0,0.77,Moderate,0.6151236,0.897767398252352,0.7334501846976212,73.34501846976212,O=C(Nc1cccc(C2CCOC=N2)n1)c1cnccn1,0.3125,31,2,5,9,0.65,Moderate Suitability,0.8,0.8,0.7125,Moderate,0.6876929903030395,68.76929903030396,413
CN(C)c1ccc(/C=C/c2cccc(/C=C/c3ccc(N(C)C)c(O)c3)n2)cc1O,CHEMBL247927,6.05,nM,900.0,uM,0.9,6.045757490560675,Moderately Active,True,401.5100000000001,4.9656000000000065,59.83,2,5,6,3,0,Pass,5.9872646,1.0,1.0,1.0,1.0,Favourable,0.48254174,0.897767398252352,0.7361592398829393,73.61592398829393,C(=Cc1cccc(C=Cc2ccccc2)n1)c1ccccc1,0.16,30,3,2,5,1.0,High Suitability,0.6000000000000001,1.0,0.92,Favourable,0.6873979659080506,68.73979659080506,414
COCCc1cnc(C(=O)Nc2ccc(F)c([C@@]3(C)N=C(N)OCC3(F)F)n2)c(N)n1,CHEMBL4110497,7.16,nM,70.0,nM,70.0,7.154901959985743,Highly Active,True,439.3980000000002,1.2295,150.63,3,9,6,3,0,Pass,6.784184,0.65,0.7,1.0,0.77,Moderate,0.61376977,0.897767398252352,0.7327732547469071,73.27732547469071,O=C(Nc1cccc(C2CCOC=N2)n1)c1cnccn1,0.3888888888888889,31,2,5,10,0.65,Moderate Suitability,0.8,0.8,0.7125,Moderate,0.686948379278183,68.6948379278183,415
C[C@]1(c2nc(NC(=O)c3ncc(C#CCO)cc3N)ccc2F)N=C(N)OCC1(F)F,CHEMBL4107314,7.21,nM,62.0,nM,62.0,7.207608310501746,Highly Active,True,434.3780000000001,0.9893999999999998,148.73999999999998,4,8,3,3,0,Pass,7.2478786,0.65,0.49999999999999994,1.0,0.71,Moderate,0.69012594,0.897767398252352,0.7529513410277299,75.29513410277299,O=C(Nc1cccc(C2CCOC=N2)n1)c1ccccn1,0.2631578947368421,31,2,6,9,0.25,Low Suitability,0.8,0.8,0.5925,Unfavourable,0.686944262266159,68.6944262266159,416
CC[C@@H]1CCC[C@H](C2(OC(=O)N3CC4CCC(C3)N4CCO)CC2)N1S(=O)(=O)c1ccc(F)cc1,CHEMBL236186,7.60,nM,25.0,nM,25.0,7.6020599913279625,Highly Active,True,509.64400000000023,2.957600000000001,90.39000000000001,1,6,7,5,1,Pass,7.529746,0.75,0.44999999999999996,0.75,0.66,Moderate,0.7365408,0.897767398252352,0.7236587670988969,72.36587670988969,O=C(OC1(C2CCCCN2S(=O)(=O)c2ccccc2)CC1)N1CC2CCC(C1)N2,0.72,35,1,1,8,0.4,Low Suitability,0.6000000000000001,0.75,0.59,Unfavourable,0.6865974547863007,68.65974547863007,417
O=c1ccc(S(=O)(=O)CC[C@@H]2OCC[C@@]3(S(=O)(=O)c4ccc(Cl)cc4)c4c(F)ccc(F)c4OCC23)c[nH]1,CHEMBL3971184,7.73,nM,18.7,nM,18.7,7.7281583934635005,Highly Active,True,586.0340000000001,3.6372000000000018,119.6,1,7,6,5,1,Pass,7.6839113,0.75,0.44999999999999996,0.75,0.66,Moderate,0.7619271,0.897767398252352,0.736351933831685,73.6351933831685,O=c1ccc(S(=O)(=O)CCC2OCCC3(S(=O)(=O)c4ccccc4)c4ccccc4OCC23)c[nH]1,0.32,38,3,1,8,0.4,Low Suitability,0.4000000000000001,0.75,0.55,Unfavourable,0.6865599322319031,68.65599322319031,418
O=C(OCC1CCc2ccccc2N1S(=O)(=O)c1ccc(Cl)cc1)N1CCC(N2CCCCC2)CC1,CHEMBL231250,7.14,nM,73.0,nM,73.0,7.136677139879544,Highly Active,True,532.1060000000002,4.937000000000005,70.16,0,5,5,5,1,Pass,7.1632867,0.75,0.75,0.75,0.75,Moderate,0.6761962,0.897767398252352,0.7204864786810806,72.04864786810806,O=C(OCC1CCc2ccccc2N1S(=O)(=O)c1ccccc1)N1CCC(N2CCCCC2)CC1,0.5185185185185185,36,2,0,7,0.75,High Suitability,0.4000000000000001,0.75,0.6800000000000002,Moderate,0.6849079196453094,68.49079196453094,419
O=c1cc(/C=C/c2nc3ccc(O)cc3s2)occ1O,CHEMBL4744947,5.30,nM,5060.0,uM,5.06,5.2958494831602,Low Activity,True,287.29600000000005,2.8311000000000006,83.56,2,6,2,3,0,Pass,5.649216,1.0,1.0,1.0,1.0,Favourable,0.4268756,0.897767398252352,0.7083261655516557,70.83261655516557,O=c1ccoc(C=Cc2nc3ccccc3s2)c1,0.0,20,3,2,5,1.0,High Suitability,1.0,1.0,1.0,Favourable,0.6847815781831741,68.47815781831741,420
CN(C)c1ccc(/C=C/c2cc3ccc(F)cc3o2)cc1,CHEMBL491407,5.66,nM,2190.0,uM,2.19,5.6595558851598815,Low Activity,True,281.3299999999999,4.808300000000004,16.380000000000003,0,2,3,3,0,Pass,5.788073,1.0,1.0,1.0,1.0,Favourable,0.44974107,0.897767398252352,0.719758902663701,71.9758902663701,C(=Cc1cc2ccccc2o1)c1ccccc1,0.1111111111111111,21,3,0,2,1.0,High Suitability,0.8,1.0,0.9600000000000001,Favourable,0.6833575919866562,68.33575919866563,421
CCO[C@H]1CC[C@]2(CC1)Cc1ccc(-c3cncc(C(F)(F)F)c3)cc1C21N=C(C)C(N)=N1,CHEMBL3926971,7.36,nM,44.0,nM,44.0,7.356547323513812,Highly Active,True,456.51200000000017,5.273500000000006,72.86,1,5,3,5,1,Pass,7.4721313,0.75,0.5,0.75,0.675,Moderate,0.7270534,0.897767398252352,0.7234150718398026,72.34150718398026,C1=NC2(N=C1)c1cc(-c3cccnc3)ccc1CC21CCCCC1,0.48,33,2,2,5,0.55,Moderate Suitability,0.35000000000000003,0.85,0.595,Unfavourable,0.6831293661594391,68.31293661594391,422
O=S(=O)(c1ccc(Cl)cc1)[C@@]12CCCC3(CCSCC3)[C@@H]1COc1c(F)ccc(F)c12,CHEMBL3629742,7.58,nM,26.4,nM,26.4,7.578396073130169,Highly Active,True,485.0170000000002,5.993300000000005,43.370000000000005,0,4,2,5,1,Pass,7.457305,0.75,0.5,0.75,0.675,Moderate,0.724612,0.897767398252352,0.7221943687148026,72.21943687148026,O=S(=O)(c1ccccc1)C12CCCC3(CCSCC3)C1COc1ccccc12,0.4782608695652174,31,2,0,3,0.55,Moderate Suitability,0.35000000000000003,0.85,0.595,Unfavourable,0.6817865927219391,68.17865927219391,423
CNc1ccc2nc3ccc(N(C)C)cc3[s+]c2c1.[Cl-],CHEMBL3330736,,nM,3000.0,uM,3.0,5.522878745280337,Low Activity,True,305.83400000000006,0.8422999999999998,28.160000000000004,1,3,2,3,0,Pass,5.769081,1.0,1.0,1.0,1.0,Favourable,0.44661367,0.897767398252352,0.718195204610341,71.8195204610341,c1ccc2[s+]c3ccccc3nc2c1,0.2,20,3,1,3,0.8,High Suitability,1.0,1.0,0.9600000000000001,Favourable,0.681637521147728,68.1637521147728,424
COc1cc(/C=C/C(=O)CC(=O)/C=C/c2ccc3c(c2)OCO3)ccc1O,CHEMBL3978488,5.43,nM,3700.0,uM,3.7,5.431798275933005,Low Activity,True,366.3690000000001,3.3844000000000025,82.06000000000002,1,6,7,3,0,Pass,5.7578173,1.0,1.0,1.0,1.0,Favourable,0.44475883,0.897767398252352,0.7172677861399583,71.72677861399583,O=C(C=Cc1ccccc1)CC(=O)C=Cc1ccc2c(c1)OCO2,0.14285714285714285,27,2,1,6,1.0,High Suitability,0.8,1.0,0.9600000000000001,Favourable,0.6806173578500748,68.06173578500749,425
COc1ccc(F)c(-c2ccc3c(c2)C2(CCO3)N=C(C)C(N)=N2)c1,CHEMBL3657460,5.75,nM,1800.0,nM,1800.0,5.7447274948966935,Low Activity,True,339.37000000000006,3.268300000000001,69.2,1,5,2,4,0,Pass,5.748494,1.0,1.0,1.0,1.0,Favourable,0.4432236,0.897767398252352,0.7165001677222185,71.65001677222185,C1=NC2(CCOc3ccc(-c4ccccc4)cc32)N=C1,0.2631578947368421,25,2,2,5,1.0,High Suitability,0.8,1.0,0.9600000000000001,Favourable,0.6797729835510254,67.97729835510255,426
CNc1cc(/C=C/c2cccc(/C=C/c3ccc(O)c(NC)c3)n2)ccc1O,CHEMBL248327,6.30,nM,500.0,uM,0.5,6.301029995663981,Moderately Active,True,373.4560000000001,4.917000000000005,77.41,4,5,6,3,0,Pass,6.054506,1.0,0.8,1.0,0.94,Favourable,0.49361432,0.897767398252352,0.7236955279059343,72.36955279059343,C(=Cc1cccc(C=Cc2ccccc2)n1)c1ccccc1,0.08695652173913043,28,3,4,5,0.8,High Suitability,0.8,1.0,0.8800000000000001,Favourable,0.6794878916740418,67.94878916740417,427
CNc1ccc(/C=C/c2cccc(/C=C/c3ccc(NC)c(O)c3)n2)cc1O,CHEMBL247725,6.05,nM,900.0,uM,0.9,6.045757490560675,Moderately Active,True,373.4560000000001,4.917000000000005,77.41,4,5,6,3,0,Pass,6.049334,1.0,0.8,1.0,0.94,Favourable,0.49276268,0.897767398252352,0.7232697123236589,72.32697123236589,C(=Cc1cccc(C=Cc2ccccc2)n1)c1ccccc1,0.08695652173913043,28,3,4,5,0.8,High Suitability,0.8,1.0,0.8800000000000001,Favourable,0.6790194885730744,67.90194885730743,428
CC(=O)Nc1ccc2nc3c(c(N4CCCCC4)c2c1)CCCC3,CHEMBL5185354,5.88,nM,1303.0,uM,1.3030000000000002,5.885055584287415,Low Activity,True,323.44000000000005,4.062300000000003,45.230000000000004,1,3,2,4,0,Pass,5.736606,1.0,1.0,1.0,1.0,Favourable,0.441266,0.897767398252352,0.7155213700480394,71.55213700480394,c1ccc2c(N3CCCCC3)c3c(nc2c1)CCCC3,0.5,24,2,1,4,1.0,High Suitability,0.8,1.0,0.9600000000000001,Favourable,0.678696300148964,67.8696300148964,429
O=C(Nc1ccc2nc3n(c(=O)c2c1)CCC3)c1cc2cc(Cl)ccc2[nH]1,CHEMBL4871461,5.77,nM,1690.0,uM,1.69,5.772113295386326,Low Activity,True,378.819,3.729700000000002,79.78,2,3,2,5,0,Pass,5.734596,1.0,1.0,1.0,1.0,Favourable,0.44093502,0.897767398252352,0.7153558777518205,71.53558777518205,O=C(Nc1ccc2nc3n(c(=O)c2c1)CCC3)c1cc2ccccc2[nH]1,0.15,27,4,2,6,1.0,High Suitability,0.8,1.0,0.9600000000000001,Favourable,0.6785142675638199,67.851426756382,430
CC1=NC2(N=C1N)c1cc(Br)ccc1CC21CCC(C(F)F)CC1,CHEMBL3657444,5.58,nM,2610.0,nM,2610.0,5.583359492661719,Low Activity,True,396.2790000000002,4.431400000000004,50.739999999999995,1,3,1,4,0,Pass,5.733899,1.0,1.0,1.0,1.0,Favourable,0.44082028,0.897767398252352,0.7152985082812242,71.52985082812242,C1=NC2(N=C1)c1ccccc1CC21CCCCC1,0.5555555555555556,24,1,2,3,1.0,High Suitability,0.8,1.0,0.9600000000000001,Favourable,0.678451161146164,67.8451161146164,431
COc1cc(/C=c2\sc3nc(-c4ccncc4C)cn3c2=O)ccc1O,CHEMBL3286986,,nM,10000.0,nM,10000.0,5.0,Low Activity,True,365.4140000000001,2.3883200000000007,76.72,1,6,3,4,0,Pass,5.5680904,1.0,1.0,1.0,1.0,Favourable,0.4135167,0.897767398252352,0.7016467200465135,70.16467200465135,O=c1c(=Cc2ccccc2)sc2nc(-c3ccncc3)cn12,0.10526315789473684,26,4,1,6,1.0,High Suitability,1.0,1.0,1.0,Favourable,0.6774341881275177,67.74341881275177,432
CC(F)(F)c1cnc(C(=O)Nc2ccc(F)c([C@@]3(C)N=C(N)OCC3(F)F)n2)c(N)n1,CHEMBL4111103,6.51,nM,310.0,nM,310.0,6.508638306165727,Moderately Active,True,445.3520000000002,2.1523,141.40000000000003,3,8,4,3,0,Pass,6.6775,0.65,0.7,1.0,0.77,Moderate,0.59620214,0.897767398252352,0.7239894374556474,72.39894374556474,O=C(Nc1cccc(C2CCOC=N2)n1)c1cnccn1,0.35294117647058826,31,2,5,9,0.65,Moderate Suitability,0.8,0.8,0.7125,Moderate,0.6772861683368683,67.72861683368683,433
COc1cc(/C=C/c2ccc(O)c(OC)c2)nc(/C=C/c2ccc(O)c(OC)c2)c1,CHEMBL247726,5.77,nM,1700.0,uM,1.7,5.769551078621726,Low Activity,True,405.4500000000001,4.859400000000004,81.04,2,6,7,3,0,Pass,5.8699565,1.0,1.0,1.0,1.0,Favourable,0.4632247,0.897767398252352,0.7265007244296007,72.65007244296007,C(=Cc1cccc(C=Cc2ccccc2)n1)c1ccccc1,0.125,30,3,2,6,1.0,High Suitability,0.6000000000000001,1.0,0.92,Favourable,0.6767735869884491,67.67735869884491,434
CC1=NC2(CC(C3CCOC(C)(C)C3)Oc3ccc(-c4cccc(Cl)c4)cc32)N=C1N,CHEMBL3653708,7.00,nM,100.0,nM,100.0,7.0,Highly Active,True,437.9710000000002,5.347800000000005,69.2,1,5,2,5,1,Pass,7.009172,0.75,0.75,0.75,0.75,Moderate,0.65081835,0.897767398252352,0.7077975438780716,70.77975438780716,C1=NC2(CC(C3CCOCC3)Oc3ccc(-c4ccccc4)cc32)N=C1,0.44,31,2,2,5,0.8,High Suitability,0.35000000000000003,0.85,0.6950000000000001,Moderate,0.6762000913619994,67.62000913619994,435
CC1=NC2(CCOc3ccc(-c4cc(F)cc(F)c4)cc32)N=C1N,CHEMBL3653659,5.77,nM,1700.0,nM,1700.0,5.769551078621726,Low Activity,True,327.33400000000006,3.3988000000000023,59.97,1,4,1,4,0,Pass,5.7042665,1.0,1.0,1.0,1.0,Favourable,0.43594068,0.897767398252352,0.7128587113566331,71.28587113566331,C1=NC2(CCOc3ccc(-c4ccccc4)cc32)N=C1,0.2222222222222222,24,2,2,4,1.0,High Suitability,0.8,1.0,0.9600000000000001,Favourable,0.6757673875093461,67.57673875093461,436
CN(C)c1ccc2nc3ccc(N)cc3[s+]c2c1.[Cl-],CHEMBL3330735,,nM,3000.0,uM,3.0,5.522878745280337,Low Activity,True,291.807,0.3827999999999999,42.150000000000006,1,3,1,3,0,Pass,5.695339,1.0,1.0,1.0,1.0,Favourable,0.43447065,0.897767398252352,0.7121236966795854,71.21236966795854,c1ccc2[s+]c3ccccc3nc2c1,0.14285714285714285,19,3,2,3,0.8,High Suitability,1.0,1.0,0.9600000000000001,Favourable,0.6749588654041291,67.49588654041291,437
CC[C@@H]1CCC[C@H](C2(OC(=O)N3CCN(C(C)(C)CO)CC3)CC2)N1S(=O)(=O)c1ccc(F)cc1,CHEMBL236185,8.00,nM,10.0,nM,10.0,8.0,Highly Active,True,511.6600000000003,3.2052000000000014,90.39000000000001,1,6,7,4,1,Pass,7.5312614,0.75,0.44999999999999996,0.75,0.66,Moderate,0.7367903,0.897767398252352,0.7237835196204118,72.37835196204118,O=C(OC1(C2CCCCN2S(=O)(=O)c2ccccc2)CC1)N1CCNCC1,0.72,35,1,1,8,0.4,Low Suitability,0.4000000000000001,0.75,0.55,Unfavourable,0.6727346646785737,67.27346646785736,438
COc1nc(/C=C/c2ccc(N(C)C)c(O)c2)cc(/C=C/c2ccc(N(C)C)c(O)c2)n1,CHEMBL2059212,6.10,nM,800.0,uM,0.8,6.096910013008056,Moderately Active,True,432.52400000000017,4.3692000000000055,81.95,2,7,7,3,0,Pass,5.82207,1.0,1.0,1.0,1.0,Favourable,0.4553393,0.897767398252352,0.7225580261893205,72.25580261893205,C(=Cc1cc(C=Cc2ccccc2)ncn1)c1ccccc1,0.2,32,3,2,7,1.0,High Suitability,0.6000000000000001,1.0,0.92,Favourable,0.6724366338253022,67.24366338253022,439
COc1ccc2[nH]c(C(=O)Nc3ccc4nc5n(c(=O)c4c3)CCC5)cc2c1,CHEMBL4861956,5.92,nM,1210.0,uM,1.21,5.917214629683549,Low Activity,True,374.4000000000002,3.084900000000001,89.00999999999999,2,4,3,5,0,Pass,5.650445,1.0,1.0,1.0,1.0,Favourable,0.42707795,0.897767398252352,0.708427344436162,70.8427344436162,O=C(Nc1ccc2nc3n(c(=O)c2c1)CCC3)c1cc2ccccc2[nH]1,0.19047619047619047,28,4,2,7,1.0,High Suitability,0.8,1.0,0.9600000000000001,Favourable,0.670892874956131,67.0892874956131,440
O=C(Nc1ccc2nc3n(c(=O)c2c1)CCC3)c1cc2cc(F)ccc2[nH]1,CHEMBL4854341,5.81,nM,1560.0,uM,1.56,5.806875401645538,Low Activity,True,362.364,3.2154000000000016,79.78,2,3,2,5,0,Pass,5.6488967,1.0,1.0,1.0,1.0,Favourable,0.42682302,0.897767398252352,0.7082998799033098,70.82998799033098,O=C(Nc1ccc2nc3n(c(=O)c2c1)CCC3)c1cc2ccccc2[nH]1,0.15,27,4,2,6,1.0,High Suitability,0.8,1.0,0.9600000000000001,Favourable,0.6707526699304581,67.07526699304582,441
CN(C)c1ccc(/C=C/c2cc3ccccc3o2)cc1,CHEMBL492216,5.64,nM,2300.0,uM,2.3,5.638272163982407,Low Activity,True,263.34,4.669200000000004,16.380000000000003,0,2,3,3,0,Pass,5.6414437,1.0,1.0,1.0,1.0,Favourable,0.4255957,0.897767398252352,0.7076862202830247,70.76862202830247,C(=Cc1cc2ccccc2o1)c1ccccc1,0.1111111111111111,20,3,0,2,1.0,High Suitability,0.8,1.0,0.9600000000000001,Favourable,0.6700776473283768,67.00776473283769,442
Cc1ccc2cc(/C=C/c3ccc(N(C)C)cc3)oc2c1,CHEMBL491406,5.46,nM,3440.0,uM,3.44,5.46344155742847,Low Activity,True,277.367,4.9776200000000035,16.380000000000003,0,2,3,3,0,Pass,5.64117,1.0,1.0,1.0,1.0,Favourable,0.42555064,0.897767398252352,0.7076636897272996,70.76636897272996,C(=Cc1cc2ccccc2o1)c1ccccc1,0.15789473684210525,21,3,0,2,1.0,High Suitability,0.8,1.0,0.9600000000000001,Favourable,0.6700528517961503,67.00528517961503,443
COC(=O)COc1ccc(/C=C/C(=O)CC(=O)/C=C/c2ccc(O)c(OC)c2)cc1OC,CHEMBL3667032,6.85,nM,140.0,nM,140.0,6.853871964321762,Moderately Active,True,440.4480000000002,3.2161000000000017,108.36000000000001,1,8,11,2,0,Pass,6.552902,0.85,0.7,1.0,0.8500000000000001,Favourable,0.5756848,0.897767398252352,0.7377307628340654,73.77307628340654,O=C(C=Cc1ccccc1)CC(=O)C=Cc1ccccc1,0.20833333333333334,32,2,1,8,0.65,Moderate Suitability,0.6000000000000001,0.8,0.7225,Moderate,0.669501638174057,66.9501638174057,444
CC1(C)OCC2(CCC[C@@]3(S(=O)(=O)c4ccc(Cl)cc4)c4c(F)ccc(F)c4OC[C@@H]23)CO1,CHEMBL3629737,7.18,nM,66.6,nM,66.6,7.176525770829699,Highly Active,True,498.97500000000025,5.2492000000000045,61.83000000000001,0,5,2,5,1,Pass,7.3206453,0.75,0.5,0.75,0.675,Moderate,0.7021084,0.897767398252352,0.710942561501973,71.0942561501973,O=S(=O)(c1ccccc1)C12CCCC3(COCOC3)C1COc1ccccc12,0.5,33,2,0,5,0.55,Moderate Suitability,0.35000000000000003,0.85,0.595,Unfavourable,0.6694096286296845,66.94096286296845,445
COc1cccc(-c2ccc3c(c2)C2(CCO3)N=C(C)C(N)=N2)c1F,CHEMBL3657457,5.78,nM,1680.0,nM,1680.0,5.774690718274137,Low Activity,True,339.37,3.2683000000000018,69.2,1,5,2,4,0,Pass,5.6293902,1.0,1.0,1.0,1.0,Favourable,0.42361087,0.897767398252352,0.7066938029475145,70.66938029475145,C1=NC2(CCOc3ccc(-c4ccccc4)cc32)N=C1,0.2631578947368421,25,2,2,5,1.0,High Suitability,0.8,1.0,0.9600000000000001,Favourable,0.6689859882593155,66.89859882593156,446
CN(C)c1cc(/C=C/c2cccc(/C=C/c3ccc(O)c(N(C)C)c3)n2)ccc1O,CHEMBL427877,5.64,nM,2300.0,uM,2.3,5.638272163982407,Low Activity,True,401.5100000000001,4.9656000000000065,59.83,2,5,6,3,0,Pass,5.78372,1.0,1.0,1.0,1.0,Favourable,0.44902426,0.897767398252352,0.7194004999346666,71.94004999346666,C(=Cc1cccc(C=Cc2ccccc2)n1)c1ccccc1,0.16,30,3,2,5,1.0,High Suitability,0.6000000000000001,1.0,0.92,Favourable,0.6689633519649506,66.89633519649506,447
COc1ccc2cc(/C=C/c3ccc(N)cc3)oc2c1,CHEMBL490806,5.26,nM,5440.0,uM,5.44,5.26440110030182,Low Activity,True,265.31199999999995,4.194000000000003,48.39,1,3,3,3,0,Pass,5.6204524,1.0,1.0,1.0,1.0,Favourable,0.4221391,0.897767398252352,0.7059579240031175,70.59579240031175,C(=Cc1cc2ccccc2o1)c1ccccc1,0.058823529411764705,20,3,2,3,1.0,High Suitability,0.8,1.0,0.9600000000000001,Favourable,0.6681765124797822,66.81765124797822,448
COc1cc(/C=C/C(=O)CC(=O)/C=C/c2ccc(O)cc2OC)ccc1O,CHEMBL3672401,6.04,nM,920.0,uM,0.92,6.036212172654444,Moderately Active,True,368.3850000000001,3.3699000000000026,93.06000000000002,2,6,8,2,0,Pass,6.1083813,1.0,0.7,1.0,0.9099999999999999,Favourable,0.5024859,0.897767398252352,0.7191313055701187,71.91313055701187,O=C(C=Cc1ccccc1)CC(=O)C=Cc1ccccc1,0.14285714285714285,27,2,2,6,0.65,Moderate Suitability,0.8,1.0,0.8300000000000001,Favourable,0.6668672471046447,66.68672471046447,449
O=C(Nc1ccccc1)Nc1ccc(Cl)cc1[N+](=O)[O-],CHEMBL2179242,6.05,nM,900.0,uM,0.9,6.045757490560675,Moderately Active,True,291.694,3.8922000000000017,84.27,2,3,3,2,0,Pass,5.600775,1.0,1.0,1.0,1.0,Favourable,0.41889882,0.897767398252352,0.7043377803511552,70.43377803511552,O=C(Nc1ccccc1)Nc1ccccc1,0.0,20,2,2,6,1.0,High Suitability,0.8,1.0,0.9600000000000001,Favourable,0.6663943634033204,66.63943634033204,450
CC1=NC2(CCOc3ccc(-c4cc(C)ccc4F)cc32)N=C1N,CHEMBL3657459,5.70,nM,1980.0,nM,1980.0,5.703334809738469,Low Activity,True,323.3710000000001,3.5681200000000013,59.97,1,4,1,4,0,Pass,5.597703,1.0,1.0,1.0,1.0,Favourable,0.41839296,0.897767398252352,0.7040848480410509,70.40848480410509,C1=NC2(CCOc3ccc(-c4ccccc4)cc32)N=C1,0.2631578947368421,24,2,2,4,1.0,High Suitability,0.8,1.0,0.9600000000000001,Favourable,0.6661161289215088,66.61161289215089,451
O=C(Nc1ccc2nc3n(c(=O)c2c1)CCC3)c1cc2ccccc2[nH]1,CHEMBL4874567,5.67,nM,2160.0,uM,2.16,5.665546248849069,Low Activity,True,344.37399999999997,3.0763000000000016,79.78,2,3,2,5,0,Pass,5.5878444,1.0,1.0,1.0,1.0,Favourable,0.41676956,0.897767398252352,0.7032731519884996,70.32731519884996,O=C(Nc1ccc2nc3n(c(=O)c2c1)CCC3)c1cc2ccccc2[nH]1,0.15,26,4,2,6,1.0,High Suitability,0.8,1.0,0.9600000000000001,Favourable,0.6652232662439347,66.52232662439347,452
CC1=NC2(CCOc3ccc(NC(=O)c4ccc(Cl)cn4)cc32)N=C1N,CHEMBL3653660,5.89,nM,1300.0,nM,1300.0,5.886056647693163,Low Activity,True,369.8120000000001,2.7542999999999997,101.96,2,6,2,4,0,Pass,5.9349313,1.0,0.7,1.0,0.9099999999999999,Favourable,0.47392404,0.897767398252352,0.7048503903098038,70.48503903098037,O=C(Nc1ccc2c(c1)C1(CCO2)N=CC=N1)c1ccccn1,0.2222222222222222,26,2,3,7,0.65,Moderate Suitability,1.0,1.0,0.8700000000000001,Favourable,0.6651582343578338,66.51582343578339,453
CN1CCN(C(=O)OCCCC2CCc3ccccc3N2S(=O)(=O)c2ccc(Cl)cc2)CC1,CHEMBL231125,6.11,nM,780.0,nM,780.0,6.107905397309519,Moderately Active,True,492.04100000000017,4.014300000000003,70.16,0,5,6,4,0,Pass,6.1273937,1.0,0.75,1.0,0.925,Favourable,0.50561666,0.897767398252352,0.725196702355855,72.5196702355855,O=C(OCCCC1CCc2ccccc2N1S(=O)(=O)c1ccccc1)N1CCNCC1,0.4583333333333333,33,2,0,7,0.75,High Suitability,0.6000000000000001,1.0,0.8200000000000001,Favourable,0.6650891656875609,66.50891656875609,454
COc1cc2nc3c(c(N4CCOCC4)c2cc1OC)CCCC3,CHEMBL5172647,5.91,nM,1227.0,uM,1.227,5.9111554372729955,Low Activity,True,328.41200000000015,2.9674000000000014,43.82000000000001,0,5,3,4,0,Pass,5.430707,1.0,1.0,1.0,1.0,Favourable,0.39089388,0.897767398252352,0.6903353081889084,69.03353081889084,c1ccc2c(N3CCOCC3)c3c(nc2c1)CCCC3,0.5263157894736842,24,2,0,5,1.0,High Suitability,1.0,1.0,1.0,Favourable,0.6649916440248489,66.4991644024849,455
COCC[C@]1(c2nc(NC(=O)c3ncc(C#N)cc3C)ccc2F)N=C(N)OCC1(F)F,CHEMBL2386722,7.31,nM,49.0,nM,49.0,7.309803919971486,Highly Active,True,448.40500000000014,2.2601000000000004,135.51,2,8,6,3,0,Pass,6.0864043,1.0,0.7,1.0,0.9099999999999999,Favourable,0.49886703,0.897767398252352,0.7173218873686722,71.73218873686722,O=C(Nc1cccc(C2CCOC=N2)n1)c1ccccn1,0.35,32,2,3,9,0.65,Moderate Suitability,0.8,1.0,0.8300000000000001,Favourable,0.6648768692016601,66.48768692016601,456
COCC[C@@]1(c2nc(NC(=O)c3ncc(C#N)cc3C)ccc2F)N=C(N)OCC1(F)F,CHEMBL3902027,,nM,10000.0,nM,10000.0,5.0,Low Activity,True,448.40500000000014,2.2601000000000004,135.51,2,8,6,3,0,Pass,6.0864043,1.0,0.7,1.0,0.9099999999999999,Favourable,0.49886703,0.897767398252352,0.7173218873686722,71.73218873686722,O=C(Nc1cccc(C2CCOC=N2)n1)c1ccccn1,0.35,32,2,3,9,0.65,Moderate Suitability,0.8,1.0,0.8300000000000001,Favourable,0.6648768692016601,66.48768692016601,457
CN1CCN(C(=O)OC[C@H]2CC[C@@H](c3ccccc3)N2S(=O)(=O)c2ccc(Cl)cc2)CC1,CHEMBL396542,6.35,nM,450.0,nM,450.0,6.346787486224656,Moderately Active,True,478.01400000000024,3.618400000000003,70.16,0,5,5,4,0,Pass,6.119361,1.0,0.75,1.0,0.925,Favourable,0.5042939,0.897767398252352,0.7245353292174272,72.45353292174272,O=C(OCC1CCC(c2ccccc2)N1S(=O)(=O)c1ccccc1)N1CCNCC1,0.43478260869565216,32,2,0,7,0.75,High Suitability,0.6000000000000001,1.0,0.8200000000000001,Favourable,0.6643616611957549,66.43616611957549,458
CC1=NC2(N=C1N)c1cc(C#CC(C)(C)C)ccc1CC21CCC1,CHEMBL3653716,5.58,nM,2610.0,nM,2610.0,5.583359492661719,Low Activity,True,319.45200000000017,3.7951000000000032,50.739999999999995,1,3,0,4,0,Pass,5.574181,1.0,1.0,1.0,1.0,Favourable,0.41451967,0.897767398252352,0.7021482037253313,70.21482037253313,C1=NC2(N=C1)c1ccccc1CC21CCC1,0.5238095238095238,24,1,2,3,1.0,High Suitability,0.8,1.0,0.9600000000000001,Favourable,0.663985829114914,66.3985829114914,459
C[C@@]1(c2nc(NC(=O)c3ncc(OCCF)nc3N)ccc2F)CO[C@@](C)(C(F)(F)F)C(N)=N1,CHEMBL5089745,6.58,nM,263.0,uM,0.263,6.580044251510242,Moderately Active,True,489.40500000000014,2.1171,150.63,3,9,6,3,0,Pass,6.9139175,0.65,0.44999999999999996,1.0,0.6950000000000001,Moderate,0.6351329,0.897767398252352,0.7209548243231706,72.09548243231706,O=C(Nc1cccc(C2COCC=N2)n1)c1cnccn1,0.42105263157894735,34,2,5,10,0.4,Low Suitability,0.8,0.8,0.6125,Moderate,0.6636980938911438,66.36980938911438,460
COc1cc(/C=C/c2cc(/C=C/c3ccc(O)c(OC)c3)n(C)n2)ccc1O,CHEMBL492807,4.98,nM,10400.0,uM,10.4,4.982966660701219,Low Activity,True,378.42800000000005,4.189300000000004,76.74,2,5,6,3,0,Pass,5.5505176,1.0,1.0,1.0,1.0,Favourable,0.410623,0.897767398252352,0.7001998768992357,70.01998768992357,C(=Cc1cc(C=Cc2ccccc2)[nH]n1)c1ccccc1,0.13636363636363635,28,3,2,6,1.0,High Suitability,0.8,1.0,0.9600000000000001,Favourable,0.6618426696062089,66.18426696062089,461
CCNc1nc(NCCc2ccccc2)c2ccccc2n1,CHEMBL4061837,5.85,nM,1400.0,uM,1.4,5.853871964321762,Low Activity,True,292.3860000000001,3.7162000000000024,49.84,2,4,6,3,0,Pass,5.546785,1.0,1.0,1.0,1.0,Favourable,0.4100083,0.897767398252352,0.6998925255484514,69.98925255484514,c1ccc(CCNc2ncnc3ccccc23)cc1,0.2222222222222222,22,3,2,4,1.0,High Suitability,0.8,1.0,0.9600000000000001,Favourable,0.6615045771598816,66.15045771598817,462
O=S(=O)(N[C@@H]1CC[C@@]2(S(=O)(=O)c3ccc(Cl)cc3)c3c(F)ccc(F)c3OC[C@@]2(O)C1)C1CC1,CHEMBL1778349,7.54,nM,29.0,nM,29.0,7.537602002101044,Highly Active,True,534.0020000000001,3.0452000000000012,109.77000000000001,2,6,5,5,1,Pass,7.400549,0.75,0.44999999999999996,0.75,0.66,Moderate,0.715266,0.897767398252352,0.713021364564412,71.3021364564412,O=S(=O)(NC1CCC2(S(=O)(=O)c3ccccc3)c3ccccc3OCC2C1)C1CC1,0.45454545454545453,34,2,2,7,0.4,Low Suitability,0.4000000000000001,0.75,0.55,Unfavourable,0.6608962881565095,66.08962881565094,463
CC1=NC2(N=C1N)c1cc(Br)ccc1CC21CCC(F)(F)CC1,CHEMBL3653692,5.75,nM,1760.0,nM,1760.0,5.75448733218585,Low Activity,True,382.25200000000024,4.185400000000003,50.739999999999995,1,3,0,4,0,Pass,5.5390186,1.0,1.0,1.0,1.0,Favourable,0.4087295,0.897767398252352,0.6992531167216234,69.92531167216234,C1=NC2(N=C1)c1ccccc1CC21CCCCC1,0.5294117647058824,23,1,2,3,1.0,High Suitability,0.8,1.0,0.9600000000000001,Favourable,0.6608012274503708,66.08012274503709,464
COc1cc(/C=C/C(=O)CC(=O)/C=C/c2ccccc2)ccc1O,CHEMBL3892054,5.66,nM,2200.0,uM,2.2,5.657577319177793,Low Activity,True,322.36,3.6557000000000026,63.60000000000001,1,4,7,2,0,Pass,5.53734,1.0,1.0,1.0,1.0,Favourable,0.4084531,0.897767398252352,0.6991149233527116,69.91149233527116,O=C(C=Cc1ccccc1)CC(=O)C=Cc1ccccc1,0.1,24,2,1,4,1.0,High Suitability,0.8,1.0,0.9600000000000001,Favourable,0.6606492207050324,66.06492207050324,465
CN1C(=O)C(c2ccccc2)(c2cc(F)cc(F)c2)N=C1N,CHEMBL5800721,5.52,nM,3000.0,nM,3000.0,5.522878745280337,Low Activity,True,301.296,1.9950999999999999,58.69,1,3,2,3,0,Pass,5.379003,1.0,1.0,1.0,1.0,Favourable,0.38237983,0.897767398252352,0.6860782848544053,68.60782848544052,O=C1NC=NC1(c1ccccc1)c1ccccc1,0.125,22,2,2,4,1.0,High Suitability,1.0,1.0,1.0,Favourable,0.6603089094161987,66.03089094161987,466
CC[C@@H]1CCC[C@H](C2(OC(=O)N3CCN(C(C)(C)CO)CC3)CC2)N1S(=O)(=O)c1cc(F)cc(F)c1,CHEMBL236191,7.09,nM,81.0,nM,81.0,7.0915149811213505,Highly Active,True,529.6500000000003,3.3443000000000023,90.39000000000001,1,6,7,4,1,Pass,7.3821945,0.75,0.44999999999999996,0.75,0.66,Moderate,0.7122437,0.897767398252352,0.7115102080054215,71.15102080054216,O=C(OC1(C2CCCCN2S(=O)(=O)c2ccccc2)CC1)N1CCNCC1,0.72,36,1,1,8,0.4,Low Suitability,0.4000000000000001,0.75,0.55,Unfavourable,0.6592340338230134,65.92340338230133,467
Cc1cc2nc3n(c(=O)c2cc1NC(=O)c1cc2cc(Cl)ccc2[nH]1)CCC3,CHEMBL4854859,5.29,nM,5100.0,uM,5.1,5.292429823902063,Low Activity,True,392.8460000000002,4.038120000000002,79.78,2,3,2,5,0,Pass,5.5145626,1.0,1.0,1.0,1.0,Favourable,0.4047023,0.897767398252352,0.6972395228094987,69.72395228094987,O=C(Nc1ccc2nc3n(c(=O)c2c1)CCC3)c1cc2ccccc2[nH]1,0.19047619047619047,28,4,2,6,1.0,High Suitability,0.8,1.0,0.9600000000000001,Favourable,0.6585862741470337,65.85862741470338,468
COc1ccc(CNc2nc(NC(C)=O)nc3ccccc23)cc1OC,CHEMBL4091317,5.51,nM,3100.0,uM,3.1,5.508638306165727,Low Activity,True,352.3940000000001,3.217500000000001,85.37,2,6,6,3,0,Pass,5.5109973,1.0,1.0,1.0,1.0,Favourable,0.4041152,0.897767398252352,0.69694596993398,69.694596993398,c1ccc(CNc2ncnc3ccccc23)cc1,0.21052631578947367,26,3,2,7,1.0,High Suitability,0.8,1.0,0.9600000000000001,Favourable,0.6582633659839631,65.82633659839631,469
CNc1nc(NCCc2ccccc2)c2ccccc2n1,CHEMBL4064773,5.70,nM,2000.0,uM,2.0,5.698970004336019,Low Activity,True,278.35900000000004,3.326100000000002,49.84,2,4,5,3,0,Pass,5.510496,1.0,1.0,1.0,1.0,Favourable,0.4040327,0.897767398252352,0.6969047235197954,69.69047235197954,c1ccc(CCNc2ncnc3ccccc23)cc1,0.17647058823529413,21,3,2,4,1.0,High Suitability,0.8,1.0,0.9600000000000001,Favourable,0.6582179919481278,65.82179919481278,470
CC1=NC2(CCOc3ccc(-c4cc(C)cc(C)c4)cc32)N=C1N,CHEMBL3657452,5.50,nM,3200.0,nM,3200.0,5.494850021680094,Low Activity,True,319.4080000000001,3.737440000000002,59.97,1,4,1,4,0,Pass,5.5065913,1.0,1.0,1.0,1.0,Favourable,0.4033897,0.897767398252352,0.6965832160658769,69.65832160658769,C1=NC2(CCOc3ccc(-c4ccccc4)cc32)N=C1,0.3,24,2,2,4,1.0,High Suitability,0.8,1.0,0.9600000000000001,Favourable,0.6578643426895142,65.78643426895142,471
O=c1cc(/C=C/c2ccc(OCCCN3CCCC3)cc2)occ1O,CHEMBL4868743,5.65,nM,2240.0,uM,2.24,5.649751981665837,Low Activity,True,341.407,3.3805000000000027,62.91,1,5,7,3,0,Pass,5.4960427,1.0,1.0,1.0,1.0,Favourable,0.4016527,0.897767398252352,0.6957147167868547,69.57147167868547,O=c1ccoc(C=Cc2ccc(OCCCN3CCCC3)cc2)c1,0.35,25,2,1,5,1.0,High Suitability,0.8,1.0,0.9600000000000001,Favourable,0.6569089845418931,65.69089845418931,472
O=C(/C=C/c1cc2ccccc2[nH]1)Nc1ccc2nc3n(c(=O)c2c1)CCC3,CHEMBL4853181,5.51,nM,3090.0,uM,3.09,5.510041520575165,Low Activity,True,370.41200000000026,3.475900000000001,79.78,2,3,3,5,0,Pass,5.4912925,1.0,1.0,1.0,1.0,Favourable,0.40087044,0.897767398252352,0.6953235911078386,69.53235911078386,O=C(C=Cc1cc2ccccc2[nH]1)Nc1ccc2nc3n(c(=O)c2c1)CCC3,0.13636363636363635,28,4,2,6,1.0,High Suitability,0.8,1.0,0.9600000000000001,Favourable,0.6564787433147431,65.64787433147431,473
O=C(Nc1ccc2nc3n(c(=O)c2c1)CCC3)c1cc2ccccc2s1,CHEMBL4871713,5.64,nM,2300.0,uM,2.3,5.638272163982407,Low Activity,True,361.426,3.809700000000003,63.99,1,4,2,5,0,Pass,5.4873166,1.0,1.0,1.0,1.0,Favourable,0.40021574,0.897767398252352,0.6949962423987321,69.49962423987321,O=C(Nc1ccc2nc3n(c(=O)c2c1)CCC3)c1cc2ccccc2s1,0.15,26,4,1,5,1.0,High Suitability,0.8,1.0,0.9600000000000001,Favourable,0.656118671655655,65.6118671655655,474
CN1CCN(c2c3c(nc4ccc([N+](=O)[O-])cc24)CCCC3)CC1,CHEMBL5199361,5.35,nM,4494.0,uM,4.494,5.3473669319168895,Low Activity,True,326.4000000000002,2.773600000000001,62.510000000000005,0,5,2,4,0,Pass,5.3275065,1.0,1.0,1.0,1.0,Favourable,0.37389994,0.897767398252352,0.6818383382506302,68.18383382506302,c1ccc2c(N3CCNCC3)c3c(nc2c1)CCCC3,0.5,24,2,0,6,1.0,High Suitability,1.0,1.0,1.0,Favourable,0.6556449651718139,65.5644965171814,475
Cc1c(O)c(=O)ccn1-c1ccc(OCCCN2CCCC2)cc1,CHEMBL5289089,5.54,nM,2850.0,uM,2.85,5.54515513999149,Low Activity,True,328.41200000000015,2.7162200000000007,54.699999999999996,1,4,6,3,0,Pass,5.3217015,1.0,1.0,1.0,1.0,Favourable,0.37294406,0.897767398252352,0.6813603984064988,68.13603984064987,O=c1ccn(-c2ccc(OCCCN3CCCC3)cc2)cc1,0.42105263157894735,24,2,1,5,1.0,High Suitability,1.0,1.0,1.0,Favourable,0.6551192373037338,65.51192373037338,476
O=c1cc(/C=C/c2ccc(OCCCN3CCOCC3)cc2)occ1O,CHEMBL4862604,5.38,nM,4120.0,uM,4.12,5.3851027839668655,Low Activity,True,357.40600000000006,2.6169000000000016,72.14,1,6,7,3,0,Pass,5.319999,1.0,1.0,1.0,1.0,Favourable,0.37266374,0.897767398252352,0.6812202380843094,68.12202380843094,O=c1ccoc(C=Cc2ccc(OCCCN3CCOCC3)cc2)c1,0.35,26,2,1,6,1.0,High Suitability,1.0,1.0,1.0,Favourable,0.654965054988861,65.49650549888611,477
CCn1cc(O)c(=O)cc1/C=C/c1ccc(OCCCN2CCCC2)cc1,CHEMBL4876429,5.68,nM,2070.0,uM,2.07,5.684029654543082,Low Activity,True,368.47700000000026,3.608900000000003,54.70000000000001,1,4,8,3,0,Pass,5.4679728,1.0,1.0,1.0,1.0,Favourable,0.3970304,0.897767398252352,0.6934035764880112,69.34035764880112,O=c1cc[nH]c(C=Cc2ccc(OCCCN3CCCC3)cc2)c1,0.4090909090909091,27,2,1,5,1.0,High Suitability,0.8,1.0,0.9600000000000001,Favourable,0.6543667272329331,65.43667272329331,478
CCn1cc(O)c(=O)cc1/C=C/c1ccc(OCCCN2CCCCC2)cc1,CHEMBL4878762,5.52,nM,3050.0,uM,3.05,5.515700160653214,Low Activity,True,382.5040000000003,3.999000000000003,54.70000000000001,1,4,8,3,0,Pass,5.465717,1.0,1.0,1.0,1.0,Favourable,0.39665896,0.897767398252352,0.6932178484148911,69.3217848414891,O=c1cc[nH]c(C=Cc2ccc(OCCCN3CCCCC3)cc2)c1,0.43478260869565216,28,2,1,5,1.0,High Suitability,0.8,1.0,0.9600000000000001,Favourable,0.6541624323129654,65.41624323129655,479
O=C(Cc1cc2ccccc2[nH]1)Nc1ccc2nc3n(c(=O)c2c1)CCC3,CHEMBL4878452,5.79,nM,1620.0,uM,1.62,5.790484985457369,Low Activity,True,358.4010000000002,3.005200000000001,79.78,2,3,3,5,0,Pass,5.463164,1.0,1.0,1.0,1.0,Favourable,0.3962385,0.897767398252352,0.6930076228327683,69.30076228327682,O=C(Cc1cc2ccccc2[nH]1)Nc1ccc2nc3n(c(=O)c2c1)CCC3,0.19047619047619047,27,4,2,6,1.0,High Suitability,0.8,1.0,0.9600000000000001,Favourable,0.6539311811923981,65.39311811923982,480
Oc1nc(NCCc2ccccc2)c2ccccc2n1,CHEMBL4096595,4.95,nM,11200.0,uM,11.2,4.950781977329818,Low Activity,True,265.31600000000003,2.990000000000001,58.040000000000006,2,4,4,3,0,Pass,5.3019505,1.0,1.0,1.0,1.0,Favourable,0.36969167,0.897767398252352,0.6797342048830918,67.97342048830917,c1ccc(CCNc2ncnc3ccccc23)cc1,0.125,20,3,2,4,1.0,High Suitability,1.0,1.0,1.0,Favourable,0.6533304274082183,65.33304274082184,481
O=c1cc(/C=C/c2ccc(OCCCN3CCCCC3)cc2)occ1O,CHEMBL4852639,5.49,nM,3260.0,uM,3.26,5.486782399932061,Low Activity,True,355.434,3.770600000000003,62.91,1,5,7,3,0,Pass,5.4547257,1.0,1.0,1.0,1.0,Favourable,0.39484906,0.897767398252352,0.6923129008955887,69.23129008955887,O=c1ccoc(C=Cc2ccc(OCCCN3CCCCC3)cc2)c1,0.38095238095238093,26,2,1,5,1.0,High Suitability,0.8,1.0,0.9600000000000001,Favourable,0.6531669900417328,65.31669900417329,482
CCNc1nc(NCCc2ccc(OC)c(OC)c2)c2ccccc2n1,CHEMBL4078382,5.54,nM,2900.0,uM,2.9,5.537602002101044,Low Activity,True,352.43800000000005,3.7334000000000023,68.30000000000001,2,6,8,3,0,Pass,5.4545,1.0,1.0,1.0,1.0,Favourable,0.39481187,0.897767398252352,0.6922943042464188,69.22943042464188,c1ccc(CCNc2ncnc3ccccc23)cc1,0.3,26,3,2,6,1.0,High Suitability,0.8,1.0,0.9600000000000001,Favourable,0.6531465307474137,65.31465307474137,483
COc1ccc(/C=C/C(=O)CC(=O)/C=C/c2ccc(O)c(OC)c2)cc1O,CHEMBL3958051,5.68,nM,2100.0,uM,2.1,5.6777807052660805,Low Activity,True,368.38500000000005,3.3699000000000026,93.06000000000002,2,6,8,2,0,Pass,5.9509444,1.0,0.7,1.0,0.9099999999999999,Favourable,0.47656095,0.897767398252352,0.7061688450522354,70.61688450522354,O=C(C=Cc1ccccc1)CC(=O)C=Cc1ccccc1,0.14285714285714285,27,2,2,6,0.65,Moderate Suitability,0.8,1.0,0.8300000000000001,Favourable,0.6526085345745086,65.26085345745086,484
CC(=O)Nc1nc(NCc2ccccc2)c2ccccc2n1,CHEMBL4061746,5.72,nM,1900.0,uM,1.9,5.721246399047171,Low Activity,True,292.34200000000004,3.2003000000000013,66.91,2,4,4,3,0,Pass,5.448388,1.0,1.0,1.0,1.0,Favourable,0.39380544,0.897767398252352,0.6917910920329026,69.17910920329025,c1ccc(CNc2ncnc3ccccc23)cc1,0.11764705882352941,22,3,2,5,1.0,High Suitability,0.8,1.0,0.9600000000000001,Favourable,0.6525929973125458,65.25929973125459,485
CC1=NC2(N=C1N)c1cc(Br)ccc1CC21CCOCC1,CHEMBL3653689,5.12,nM,7530.0,nM,7530.0,5.123205023799299,Low Activity,True,348.24400000000026,2.786500000000001,59.97,1,4,0,4,0,Pass,5.293326,1.0,1.0,1.0,1.0,Favourable,0.36827147,0.897767398252352,0.6790241049475602,67.90241049475601,C1=NC2(N=C1)c1ccccc1CC21CCOCC1,0.5,21,1,2,4,1.0,High Suitability,1.0,1.0,1.0,Favourable,0.6525493085384368,65.25493085384369,486
Nc1c(S(=O)(=O)c2ccc(Cl)cc2)cnc2cc(-c3ccccc3)nn12,CHEMBL2179241,5.64,nM,2300.0,uM,2.3,5.638272163982407,Low Activity,True,384.84800000000007,3.4647000000000023,90.35000000000001,1,5,3,4,0,Pass,5.9464307,1.0,0.7,1.0,0.9099999999999999,Favourable,0.47581768,0.897767398252352,0.7057972100920609,70.57972100920608,O=S(=O)(c1ccccc1)c1cnc2cc(-c3ccccc3)nn2c1,0.0,26,4,2,6,0.65,Moderate Suitability,0.8,1.0,0.8300000000000001,Favourable,0.6521997361183166,65.21997361183166,487
COc1ccc(/C=C/c2cc(/C=C/c3ccc(OC)c(O)c3)ncn2)cc1O,CHEMBL2059204,5.68,nM,2100.0,uM,2.1,5.6777807052660805,Low Activity,True,376.41200000000003,4.245800000000005,84.7,2,6,6,3,0,Pass,5.440559,1.0,1.0,1.0,1.0,Favourable,0.3925162,0.897767398252352,0.6911464677996567,69.11464677996567,C(=Cc1cc(C=Cc2ccccc2)ncn1)c1ccccc1,0.09090909090909091,28,3,2,6,1.0,High Suitability,0.8,1.0,0.9600000000000001,Favourable,0.6518839106559754,65.18839106559754,488
COc1cc(/C=C/C(=O)CC(=O)/C=C/c2ccc(O)c(OC)c2)ccc1O,CHEMBL140,6.10,nM,800.0,uM,0.8,6.096910013008056,Moderately Active,True,368.3850000000001,3.3699000000000026,93.06000000000002,2,6,8,2,0,Pass,5.942597,1.0,0.7,1.0,0.9099999999999999,Favourable,0.47518635,0.897767398252352,0.7054815438933304,70.54815438933304,O=C(C=Cc1ccccc1)CC(=O)C=Cc1ccccc1,0.14285714285714285,27,2,2,6,0.65,Moderate Suitability,0.8,1.0,0.8300000000000001,Favourable,0.6518525092601776,65.18525092601776,489
CC(C)(C)OC(=O)N1CCCC1CNC1CCC(c2cc(F)ccc2F)(S(=O)(=O)c2ccc(Cl)cc2)CC1,CHEMBL4558518,5.80,nM,1600.0,nM,1600.0,5.795880017344075,Low Activity,True,569.114,6.219100000000006,75.71000000000001,1,5,6,4,2,Fail,7.9438376,0.5,0.5,0.5,0.5,Unfavourable,0.80472887,0.897767398252352,0.6722528027243546,67.22528027243546,O=S(=O)(c1ccccc1)C1(c2ccccc2)CCC(NCC2CCCN2)CC1,0.5357142857142857,38,2,1,6,0.55,Moderate Suitability,0.15000000000000002,0.6,0.45499999999999996,Unfavourable,0.6518508760929108,65.18508760929109,490
COc1ccc(CNc2ccc3nc4n(c(=O)c3c2)CCC4)c(O)c1,CHEMBL4852660,5.41,nM,3910.0,uM,3.91,5.407823242604133,Low Activity,True,337.37900000000013,2.6690000000000005,76.38,2,5,4,4,0,Pass,5.284853,1.0,1.0,1.0,1.0,Favourable,0.36687624,0.897767398252352,0.678326492185109,67.8326492185109,O=c1c2cc(NCc3ccccc3)ccc2nc2n1CCC2,0.2631578947368421,25,3,2,6,1.0,High Suitability,1.0,1.0,1.0,Favourable,0.6517819434404373,65.17819434404373,491
CC1=C(/C=C/C(C)=C/C=C/C(C)=C/CO)C(C)(C)CCC1,CHEMBL986,6.75,nM,180.0,uM,0.18,6.7447274948966935,Moderately Active,True,286.45900000000006,5.510300000000006,20.23,1,1,5,1,1,Pass,6.582664,0.75,0.75,0.75,0.75,Moderate,0.5805856,0.897767398252352,0.6726811693854263,67.26811693854263,C1=CCCCC1,0.5,21,0,1,1,0.8,High Suitability,0.55,0.85,0.7350000000000001,Moderate,0.6515720794200897,65.15720794200897,492
CN(C)c1ccc(/C=C/c2cc(/C=C/c3ccc(N(C)C)c(O)c3)ncn2)cc1O,CHEMBL2059206,5.47,nM,3400.0,uM,3.4,5.468521082957745,Low Activity,True,402.4980000000001,4.360600000000005,72.72,2,6,6,3,0,Pass,5.5848503,1.0,1.0,1.0,1.0,Favourable,0.4162765,0.897767398252352,0.7030266271777086,70.30266271777086,C(=Cc1cc(C=Cc2ccccc2)ncn1)c1ccccc1,0.16666666666666666,30,3,2,6,1.0,High Suitability,0.6000000000000001,1.0,0.92,Favourable,0.650952094912529,65.0952094912529,493
Cn1cc(O)c(=O)cc1/C=C/c1ccc(OCCCN2CCCCC2)cc1,CHEMBL4846443,5.59,nM,2570.0,uM,2.57,5.590066876668706,Low Activity,True,368.4770000000002,3.5161000000000024,54.70000000000001,1,4,7,3,0,Pass,5.4265833,1.0,1.0,1.0,1.0,Favourable,0.39021486,0.897767398252352,0.6899958001322678,68.99958001322678,O=c1cc[nH]c(C=Cc2ccc(OCCCN3CCCCC3)cc2)c1,0.4090909090909091,27,2,1,5,1.0,High Suitability,0.8,1.0,0.9600000000000001,Favourable,0.6506181762218476,65.06181762218476,494
CN1CCN(CCCOc2ccc(/C=C/c3cc(=O)c(O)cn3C)cc2)CC1,CHEMBL4848524,5.22,nM,6020.0,uM,6.02,5.220403508742176,Low Activity,True,383.4920000000002,2.2775999999999996,57.940000000000005,1,5,7,3,0,Pass,5.2671156,1.0,1.0,1.0,1.0,Favourable,0.36395544,0.897767398252352,0.6768660889811448,67.68660889811447,O=c1cc[nH]c(C=Cc2ccc(OCCCN3CCNCC3)cc2)c1,0.4090909090909091,28,2,1,6,1.0,High Suitability,1.0,1.0,1.0,Favourable,0.6501754939556121,65.01754939556122,495
CN1CCN(C(=O)OCCC2CCc3ccccc3N2S(=O)(=O)c2ccc(Cl)cc2)CC1,CHEMBL390478,5.72,nM,1900.0,nM,1900.0,5.721246399047171,Low Activity,True,478.01400000000024,3.6242000000000028,70.16,0,5,5,4,0,Pass,5.9583197,1.0,0.75,1.0,0.925,Favourable,0.4777754,0.897767398252352,0.7112760673708849,71.12760673708848,O=C(OCCC1CCc2ccccc2N1S(=O)(=O)c1ccccc1)N1CCNCC1,0.43478260869565216,32,2,0,7,0.75,High Suitability,0.6000000000000001,1.0,0.8200000000000001,Favourable,0.6497764642238616,64.97764642238616,496
Cc1ccc2nc3c(c(NCCO)c2c1)CCCC3,CHEMBL5190530,5.53,nM,2954.0,uM,2.9539999999999997,5.529589509024069,Low Activity,True,256.34899999999993,2.826220000000001,45.150000000000006,2,3,3,3,0,Pass,5.259874,1.0,1.0,1.0,1.0,Favourable,0.36276293,0.897767398252352,0.6762698339171341,67.62698339171341,c1ccc2nc3c(cc2c1)CCCC3,0.4375,19,2,2,3,1.0,High Suitability,1.0,1.0,1.0,Favourable,0.6495196193456649,64.9519619345665,497
CN(C)c1cc(/C=C/c2cc(/C=C/c3ccc(O)c(N(C)C)c3)ncn2)ccc1O,CHEMBL2059205,5.43,nM,3700.0,uM,3.7,5.431798275933005,Low Activity,True,402.4980000000001,4.360600000000004,72.72,2,6,6,3,0,Pass,5.5677233,1.0,1.0,1.0,1.0,Favourable,0.41345626,0.897767398252352,0.7016165004916124,70.16165004916124,C(=Cc1cc(C=Cc2ccccc2)ncn1)c1ccccc1,0.16666666666666666,30,3,2,6,1.0,High Suitability,0.6000000000000001,1.0,0.92,Favourable,0.6494009436368943,64.94009436368943,498
O=c1c2cc(NCc3cc(F)ccc3O)ccc2nc2n1CCC2,CHEMBL4861468,5.20,nM,6300.0,uM,6.3,5.200659450546418,Low Activity,True,325.34300000000013,2.799500000000001,67.15,2,4,3,4,0,Pass,5.2556224,1.0,1.0,1.0,1.0,Favourable,0.36206287,0.897767398252352,0.6759198056406907,67.59198056406906,O=c1c2cc(NCc3ccccc3)ccc2nc2n1CCC2,0.2222222222222222,24,3,2,5,1.0,High Suitability,1.0,1.0,1.0,Favourable,0.6491345882415771,64.91345882415771,499
COc1ccc(/C=C/C(=O)CC(=O)/C=C/c2ccc(O)c(OC)c2)c(O)c1,CHEMBL3672436,6.03,nM,930.0,uM,0.93,6.031517051446064,Moderately Active,True,368.38500000000005,3.369900000000002,93.06000000000002,2,6,8,2,0,Pass,5.912577,1.0,0.7,1.0,0.9099999999999999,Favourable,0.47024304,0.897767398252352,0.7030098882861069,70.30098882861068,O=C(C=Cc1ccccc1)CC(=O)C=Cc1ccccc1,0.14285714285714285,27,2,2,6,0.65,Moderate Suitability,0.8,1.0,0.8300000000000001,Favourable,0.6491336731910705,64.91336731910705,500
CN1CCN(CCCOc2ccc(/C=C/c3cc(=O)c(O)co3)cc2)CC1,CHEMBL4876778,5.26,nM,5540.0,uM,5.54,5.2564902352715706,Low Activity,True,370.4490000000002,2.5321000000000007,66.15,1,6,7,3,0,Pass,5.2515454,1.0,1.0,1.0,1.0,Favourable,0.36139148,0.897767398252352,0.6755841122813157,67.55841122813156,O=c1ccoc(C=Cc2ccc(OCCCN3CCNCC3)cc2)c1,0.38095238095238093,27,2,1,6,1.0,High Suitability,1.0,1.0,1.0,Favourable,0.6487653225660324,64.87653225660324,501
Oc1ccc(-c2ccc(O)c(O)c2)cc1O,CHEMBL2337291,6.00,nM,1000.0,uM,1.0,6.0,Moderately Active,True,218.208,2.1760000000000006,80.92,4,4,1,2,0,Pass,5.556423,1.0,0.8,1.0,0.94,Favourable,0.41159546,0.897767398252352,0.6826861017889908,68.26861017889908,c1ccc(-c2ccccc2)cc1,0.0,16,2,4,4,0.8,High Suitability,1.0,1.0,0.9200000000000002,Favourable,0.6483775169849396,64.83775169849396,502
C[C@]1(c2nc(NC(=O)c3ncc(OCCF)nc3N)ccc2F)N=C(N)OCC1(F)F,CHEMBL4108335,6.32,nM,480.0,nM,480.0,6.318758762624412,Moderately Active,True,443.3610000000001,1.3888999999999998,150.63,3,9,6,3,0,Pass,6.3559155,0.65,0.7,1.0,0.77,Moderate,0.5432472,0.897767398252352,0.6975119813628129,69.75119813628129,O=C(Nc1cccc(C2CCOC=N2)n1)c1cnccn1,0.35294117647058826,31,2,5,10,0.65,Moderate Suitability,0.8,0.8,0.7125,Moderate,0.6481609845161438,64.81609845161438,503
CCCNc1nc(NCCc2ccccc2)c2ccccc2n1,CHEMBL4083601,5.36,nM,4400.0,uM,4.4,5.356547323513812,Low Activity,True,306.41300000000007,4.106300000000003,49.84,2,4,7,3,0,Pass,5.3989196,1.0,1.0,1.0,1.0,Favourable,0.38565946,0.897767398252352,0.6877180980391434,68.77180980391434,c1ccc(CCNc2ncnc3ccccc23)cc1,0.2631578947368421,23,3,2,4,1.0,High Suitability,0.8,1.0,0.9600000000000001,Favourable,0.6481127098798752,64.81127098798753,504
COc1cccc(CNc2ccc3nc4n(c(=O)c3c2)CCC4)c1O,CHEMBL4874834,5.38,nM,4200.0,uM,4.2,5.376750709602099,Low Activity,True,337.37900000000013,2.669000000000001,76.38,2,5,4,4,0,Pass,5.2421093,1.0,1.0,1.0,1.0,Favourable,0.35983765,0.897767398252352,0.6748071955389908,67.48071955389908,O=c1c2cc(NCc3ccccc3)ccc2nc2n1CCC2,0.2631578947368421,25,3,2,6,1.0,High Suitability,1.0,1.0,1.0,Favourable,0.6479107111692428,64.79107111692429,505
CC12CC[C@@H](C1)C(C)(C)[C@@H]2NS(=O)(=O)c1ccc(F)cc1,CHEMBL310242,5.75,nM,1800.0,uM,1.8,5.7447274948966935,Low Activity,True,311.422,3.3188000000000013,46.17,1,2,3,3,0,Pass,5.395422,1.0,1.0,1.0,1.0,Favourable,0.38508356,0.897767398252352,0.6874301480002335,68.74301480002335,O=S(=O)(NC1CC2CCC1C2)c1ccccc1,0.625,21,1,1,3,1.0,High Suitability,0.8,1.0,0.9600000000000001,Favourable,0.6477959558963776,64.77959558963776,506
CC12CCC(C1)C(C)(C)C2NS(=O)(=O)c1ccc(F)cc1,CHEMBL311039,5.30,nM,5000.0,uM,5.0,5.301029995663981,Low Activity,True,311.422,3.3188000000000013,46.17,1,2,3,3,0,Pass,5.395422,1.0,1.0,1.0,1.0,Favourable,0.38508356,0.897767398252352,0.6874301480002335,68.74301480002335,O=S(=O)(NC1CC2CCC1C2)c1ccccc1,0.625,21,1,1,3,1.0,High Suitability,0.8,1.0,0.9600000000000001,Favourable,0.6477959558963776,64.77959558963776,507
CN(C)CCCOc1ccc(/C=C/c2cc(=O)c(O)co2)cc1,CHEMBL4848375,5.35,nM,4510.0,uM,4.51,5.345823458122039,Low Activity,True,315.369,2.846300000000001,62.91,1,5,7,2,0,Pass,5.2397885,1.0,1.0,1.0,1.0,Favourable,0.35945553,0.897767398252352,0.6746161328501633,67.46161328501633,O=c1ccoc(C=Cc2ccccc2)c1,0.2777777777777778,23,2,1,5,1.0,High Suitability,1.0,1.0,1.0,Favourable,0.6477005451917648,64.77005451917648,508
O=C(O[C@@H]1CCC2CCCC1N2S(=O)(=O)c1ccc(Cl)cc1)N1CCC(N2CCCCC2)CC1,CHEMBL236195,5.62,nM,2425.0,nM,2425.0,5.615288257061717,Low Activity,True,510.1000000000005,4.5011000000000045,70.16,0,5,4,5,1,Pass,6.751997,0.75,0.75,0.75,0.75,Moderate,0.6084696,0.897767398252352,0.6866231726355484,68.66231726355484,O=C(OC1CCC2CCCC1N2S(=O)(=O)c1ccccc1)N1CCC(N2CCCCC2)CC1,0.72,34,1,0,7,0.75,High Suitability,0.4000000000000001,0.75,0.6800000000000002,Moderate,0.6476582949161529,64.76582949161529,509
O=C(O[C@H]1CCC2CCCC1N2S(=O)(=O)c1ccc(Cl)cc1)N1CCC(N2CCCCC2)CC1,CHEMBL236193,7.82,nM,15.0,nM,15.0,7.823908740944319,Highly Active,True,510.1000000000005,4.5011000000000045,70.16,0,5,4,5,1,Pass,6.751997,0.75,0.75,0.75,0.75,Moderate,0.6084696,0.897767398252352,0.6866231726355484,68.66231726355484,O=C(OC1CCC2CCCC1N2S(=O)(=O)c1ccccc1)N1CCC(N2CCCCC2)CC1,0.72,34,1,0,7,0.75,High Suitability,0.4000000000000001,0.75,0.6800000000000002,Moderate,0.6476582949161529,64.76582949161529,510
COc1ccc(O)c(/C=C/C(=O)CC(=O)/C=C/c2ccc(O)c(OC)c2)c1,CHEMBL3940632,5.75,nM,1800.0,uM,1.8,5.7447274948966935,Low Activity,True,368.38500000000005,3.3699000000000012,93.06,2,6,8,2,0,Pass,5.894761,1.0,0.7,1.0,0.9099999999999999,Favourable,0.4673093,0.897767398252352,0.7015430179781845,70.15430179781845,O=C(C=Cc1ccccc1)CC(=O)C=Cc1ccccc1,0.14285714285714285,27,2,2,6,0.65,Moderate Suitability,0.8,1.0,0.8300000000000001,Favourable,0.6475201158523559,64.75201158523559,511
COc1ccc(OC)c(-c2ccc3c(c2)C2(CCO3)N=C(C)C(N)=N2)c1,CHEMBL3657453,5.44,nM,3640.0,nM,3640.0,5.438898616350944,Low Activity,True,351.40600000000006,3.1378000000000004,78.42999999999999,1,6,3,4,0,Pass,5.391934,1.0,1.0,1.0,1.0,Favourable,0.38450915,0.897767398252352,0.6871429430193833,68.71429430193832,C1=NC2(CCOc3ccc(-c4ccccc4)cc32)N=C1,0.3,26,2,2,6,1.0,High Suitability,0.8,1.0,0.9600000000000001,Favourable,0.6474800363779069,64.74800363779069,512
CCCNc1nc(NCc2ccc(OC)c(OC)c2)c2ccccc2n1,CHEMBL4083524,5.77,nM,1700.0,uM,1.7,5.769551078621726,Low Activity,True,352.43800000000005,4.081000000000003,68.30000000000001,2,6,8,3,0,Pass,5.3911715,1.0,1.0,1.0,1.0,Favourable,0.38438362,0.897767398252352,0.6870801793284348,68.70801793284348,c1ccc(CNc2ncnc3ccccc23)cc1,0.3,26,3,2,6,1.0,High Suitability,0.8,1.0,0.9600000000000001,Favourable,0.6474109992980958,64.74109992980958,513
Cn1cc(O)c(=O)cc1/C=C/c1ccc(OCCCN2CCOCC2)cc1,CHEMBL4872910,5.27,nM,5320.0,uM,5.32,5.274088367704952,Low Activity,True,370.4490000000002,2.3624,63.93000000000001,1,5,7,3,0,Pass,5.2331586,1.0,1.0,1.0,1.0,Favourable,0.35836375,0.897767398252352,0.6740702437109879,67.40702437109879,O=c1cc[nH]c(C=Cc2ccc(OCCCN3CCOCC3)cc2)c1,0.38095238095238093,27,2,1,6,1.0,High Suitability,1.0,1.0,1.0,Favourable,0.6471000581979751,64.71000581979752,514
CC(C)Nc1nc(NCCc2ccccc2)c2ccccc2n1,CHEMBL4070462,5.42,nM,3800.0,uM,3.8,5.42021640338319,Low Activity,True,306.41300000000007,4.104700000000002,49.84,2,4,6,3,0,Pass,5.387614,1.0,1.0,1.0,1.0,Favourable,0.38379776,0.897767398252352,0.6867872523016861,68.67872523016861,c1ccc(CCNc2ncnc3ccccc23)cc1,0.2631578947368421,23,3,2,4,1.0,High Suitability,0.8,1.0,0.9600000000000001,Favourable,0.64708877658844,64.708877658844,515
O=C(CCCc1cc2ccccc2[nH]1)Nc1ccc2nc3n(c(=O)c2c1)CCC3,CHEMBL4870177,5.28,nM,5270.0,uM,5.27,5.278189384787453,Low Activity,True,386.45500000000027,3.785400000000002,79.78,2,3,5,5,0,Pass,5.3842454,1.0,1.0,1.0,1.0,Favourable,0.38324308,0.897767398252352,0.6865099118895462,68.65099118895462,O=C(CCCc1cc2ccccc2[nH]1)Nc1ccc2nc3n(c(=O)c2c1)CCC3,0.2608695652173913,29,4,2,6,1.0,High Suitability,0.8,1.0,0.9600000000000001,Favourable,0.6467837051153184,64.67837051153184,516
COc1ccc2cc(C(=O)CN3CCOCC3)c(=O)oc2c1,CHEMBL2381385,5.30,nM,5000.0,uM,5.0,5.301029995663981,Low Activity,True,303.31399999999996,1.3165,68.97999999999999,0,6,4,3,0,Pass,5.2278247,1.0,1.0,1.0,1.0,Favourable,0.3574854,0.897767398252352,0.6736310766882828,67.36310766882828,O=C(CN1CCOCC1)c1cc2ccccc2oc1=O,0.375,22,2,0,6,1.0,High Suitability,1.0,1.0,1.0,Favourable,0.6466169774532318,64.66169774532318,517
COc1cc(/C=C/C(=O)CC(=O)/C=C/c2ccc(OCC(=O)O)c(OC)c2)ccc1O,CHEMBL3667033,6.51,nM,310.0,nM,310.0,6.508638306165727,Moderately Active,True,426.4210000000002,3.1277000000000013,119.36000000000003,2,7,11,2,0,Pass,6.299841,0.85,0.7,1.0,0.8500000000000001,Favourable,0.5340134,0.897767398252352,0.7168950651831559,71.6895065183156,O=C(C=Cc1ccccc1)CC(=O)C=Cc1ccccc1,0.17391304347826086,31,2,2,8,0.65,Moderate Suitability,0.6000000000000001,0.8,0.7225,Moderate,0.6465823707580566,64.65823707580566,518
COc1cc(/C=C/C(=O)CC(=O)/C=C/c2cc(O)ccc2OC)ccc1O,CHEMBL3969106,5.89,nM,1300.0,uM,1.3,5.886056647693163,Low Activity,True,368.3850000000001,3.3699000000000026,93.06000000000002,2,6,8,2,0,Pass,5.8842287,1.0,0.7,1.0,0.9099999999999999,Favourable,0.46557492,0.897767398252352,0.7006758300013474,70.06758300013473,O=C(C=Cc1ccccc1)CC(=O)C=Cc1ccccc1,0.14285714285714285,27,2,2,6,0.65,Moderate Suitability,0.8,1.0,0.8300000000000001,Favourable,0.6465662031173706,64.65662031173706,519
CC12CC[C@@H](C1)C(C)(C)[C@@H]2NS(=O)(=O)c1cccs1,CHEMBL450926,5.57,nM,2700.0,uM,2.7,5.568636235841012,Low Activity,True,299.461,3.241200000000002,46.17,1,3,3,3,0,Pass,5.3805547,1.0,1.0,1.0,1.0,Favourable,0.38263535,0.897767398252352,0.6862060474104813,68.62060474104813,O=S(=O)(NC1CC2CCC1C2)c1cccs1,0.7142857142857143,19,1,1,3,1.0,High Suitability,0.8,1.0,0.9600000000000001,Favourable,0.6464494571685792,64.64494571685792,520
Cc1cc2nc3n(c(=O)c2cc1NC(=O)c1cc2cc(F)ccc2[nH]1)CCC3,CHEMBL4856921,5.49,nM,3270.0,uM,3.27,5.485452247339714,Low Activity,True,376.3910000000002,3.5238200000000015,79.78,2,3,2,5,0,Pass,5.3788075,1.0,1.0,1.0,1.0,Favourable,0.38234764,0.897767398252352,0.6860621916003159,68.60621916003159,O=C(Nc1ccc2nc3n(c(=O)c2c1)CCC3)c1cc2ccccc2[nH]1,0.19047619047619047,28,4,2,6,1.0,High Suitability,0.8,1.0,0.9600000000000001,Favourable,0.6462912068367005,64.62912068367005,521
COc1ccc(CNc2cc3c(=O)n4c(nc3cc2C)CCC4)c(O)c1,CHEMBL4860689,5.49,nM,3220.0,uM,3.22,5.492144128304169,Low Activity,True,351.4060000000002,2.9774200000000013,76.38,2,5,4,4,0,Pass,5.2202015,1.0,1.0,1.0,1.0,Favourable,0.35623014,0.897767398252352,0.673003439778798,67.30034397787979,O=c1c2cc(NCc3ccccc3)ccc2nc2n1CCC2,0.3,26,3,2,6,1.0,High Suitability,1.0,1.0,1.0,Favourable,0.6459265768527984,64.59265768527985,522
COc1cc(/C=C/C(=O)CC(=O)/C=C/c2c(O)cccc2OC)ccc1O,CHEMBL3672439,5.80,nM,1600.0,uM,1.6,5.795880017344075,Low Activity,True,368.3850000000001,3.3699000000000026,93.06000000000002,2,6,8,2,0,Pass,5.87666,1.0,0.7,1.0,0.9099999999999999,Favourable,0.4643286,0.897767398252352,0.7000526634402207,70.00526634402206,O=C(C=Cc1ccccc1)CC(=O)C=Cc1ccccc1,0.14285714285714285,27,2,2,6,0.65,Moderate Suitability,0.8,1.0,0.8300000000000001,Favourable,0.6458807199001312,64.58807199001312,523
COc1cc(/C=C/C(=O)CC(=O)/C=C/c2cccc(OC)c2O)ccc1O,CHEMBL3986412,5.27,nM,5400.0,uM,5.4,5.267606240177031,Low Activity,True,368.3850000000001,3.3699000000000026,93.06000000000002,2,6,8,2,0,Pass,5.87527,1.0,0.7,1.0,0.9099999999999999,Favourable,0.46409965,0.897767398252352,0.6999381927199295,69.99381927199295,O=C(C=Cc1ccccc1)CC(=O)C=Cc1ccccc1,0.14285714285714285,27,2,2,6,0.65,Moderate Suitability,0.8,1.0,0.8300000000000001,Favourable,0.6457548050880432,64.57548050880432,524
Cn1cc(O)c(=O)cc1/C=C/c1ccc(OCCCN2CCCC2)cc1,CHEMBL4856094,5.48,nM,3290.0,uM,3.29,5.482804102050025,Low Activity,True,354.45000000000016,3.126000000000002,54.70000000000001,1,4,7,3,0,Pass,5.3619123,1.0,1.0,1.0,1.0,Favourable,0.37956554,0.897767398252352,0.6846711384005478,68.46711384005478,O=c1cc[nH]c(C=Cc2ccc(OCCCN3CCCC3)cc2)c1,0.38095238095238093,26,2,1,5,1.0,High Suitability,0.8,1.0,0.9600000000000001,Favourable,0.6447610512971879,64.47610512971879,525
Cc1oc(/C=C/c2ccc(OCCCN3CCCC3)cc2)cc(=O)c1O,CHEMBL4870117,5.15,nM,7010.0,uM,7.01,5.154281982033341,Low Activity,True,355.434,3.6889200000000026,62.91,1,5,7,3,0,Pass,5.359735,1.0,1.0,1.0,1.0,Favourable,0.37920702,0.897767398252352,0.6844918774313858,68.44918774313858,O=c1ccoc(C=Cc2ccc(OCCCN3CCCC3)cc2)c1,0.38095238095238093,26,2,1,5,1.0,High Suitability,0.8,1.0,0.9600000000000001,Favourable,0.6445638642311097,64.45638642311097,526
O=C(Nc1ccc2nc3n(c(=O)c2c1)CCC3)c1cc2ccccc2o1,CHEMBL4864253,5.49,nM,3260.0,uM,3.26,5.486782399932061,Low Activity,True,345.358,3.3412000000000024,77.13,1,4,2,5,0,Pass,5.357827,1.0,1.0,1.0,1.0,Favourable,0.37889284,0.897767398252352,0.6843347893900803,68.43347893900803,O=C(Nc1ccc2nc3n(c(=O)c2c1)CCC3)c1cc2ccccc2o1,0.15,26,4,1,6,1.0,High Suitability,0.8,1.0,0.9600000000000001,Favourable,0.6443910703659058,64.43910703659058,527
O=c1c2cc(NCc3ccccc3O)ccc2nc2n1CCC2,CHEMBL4846102,5.33,nM,4690.0,uM,4.69,5.328827157284916,Low Activity,True,307.3530000000001,2.660400000000001,67.15,2,4,3,4,0,Pass,5.2022758,1.0,1.0,1.0,1.0,Favourable,0.35327834,0.897767398252352,0.6715275393671921,67.15275393671921,O=c1c2cc(NCc3ccccc3)ccc2nc2n1CCC2,0.2222222222222222,23,3,2,5,1.0,High Suitability,1.0,1.0,1.0,Favourable,0.6443030953407287,64.43030953407288,528
COc1cc(/C=C/C(=O)CC(=O)/C=C/c2cccc(O)c2OC)ccc1O,CHEMBL3911667,5.72,nM,1900.0,uM,1.9,5.721246399047171,Low Activity,True,368.3850000000001,3.3699000000000026,93.06000000000002,2,6,8,2,0,Pass,5.852754,1.0,0.7,1.0,0.9099999999999999,Favourable,0.460392,0.897767398252352,0.6980843690581253,69.80843690581253,O=C(C=Cc1ccccc1)CC(=O)C=Cc1ccccc1,0.14285714285714285,27,2,2,6,0.65,Moderate Suitability,0.8,1.0,0.8300000000000001,Favourable,0.6437156109809875,64.37156109809875,529
CC1=NC2(CCOc3ccc(-c4cccc(F)c4F)cc32)N=C1N,CHEMBL3657454,5.37,nM,4250.0,nM,4250.0,5.371611069949688,Low Activity,True,327.33400000000006,3.3988000000000023,59.97,1,4,1,4,0,Pass,5.349249,1.0,1.0,1.0,1.0,Favourable,0.37748027,0.897767398252352,0.6836285041518143,68.36285041518143,C1=NC2(CCOc3ccc(-c4ccccc4)cc32)N=C1,0.2222222222222222,24,2,2,4,1.0,High Suitability,0.8,1.0,0.9600000000000001,Favourable,0.643614153623581,64.3614153623581,530
CCCSC(=O)/C=C/c1ccc(O)c(O)c1,CHEMBL5200867,5.40,nM,3990.0,uM,3.99,5.399027104313252,Low Activity,True,238.308,2.780800000000002,57.53,2,4,4,1,0,Pass,5.1919117,1.0,1.0,1.0,1.0,Favourable,0.35157168,0.897767398252352,0.6706742094702652,67.06742094702652,c1ccccc1,0.25,16,1,2,3,1.0,High Suitability,1.0,1.0,1.0,Favourable,0.6433644264936447,64.33644264936447,531
COc1cc2c(cc1OC)C(=O)/C(=C/c1ccc([N+](=O)[O-])cc1)C2,CHEMBL5283208,5.75,nM,1800.0,uM,1.8,5.7447274948966935,Low Activity,True,325.32000000000005,3.434400000000002,78.67,0,5,4,3,0,Pass,5.345471,1.0,1.0,1.0,1.0,Favourable,0.37685812,0.897767398252352,0.6833174275107315,68.33174275107315,O=C1C(=Cc2ccccc2)Cc2ccccc21,0.16666666666666666,24,2,0,6,1.0,High Suitability,0.8,1.0,0.9600000000000001,Favourable,0.6432719633579255,64.32719633579255,532
CCCNc1nc(NCc2ccccc2)c2ccccc2n1,CHEMBL4105088,5.30,nM,5000.0,uM,5.0,5.301029995663981,Low Activity,True,292.3860000000001,4.063800000000002,49.84,2,4,6,3,0,Pass,5.3451157,1.0,1.0,1.0,1.0,Favourable,0.37679964,0.897767398252352,0.6832881914324692,68.32881914324692,c1ccc(CNc2ncnc3ccccc23)cc1,0.2222222222222222,22,3,2,4,1.0,High Suitability,0.8,1.0,0.9600000000000001,Favourable,0.6432398066520691,64.32398066520692,533
[N-]=[N+]=Nc1nc(NCc2ccccc2)c2ccccc2n1,CHEMBL4079415,5.58,nM,2600.0,uM,2.6,5.585026652029182,Low Activity,True,276.30300000000005,4.183700000000003,86.57000000000001,1,4,4,3,0,Pass,5.344665,1.0,1.0,1.0,1.0,Favourable,0.37672544,0.897767398252352,0.6832510875410965,68.32510875410965,c1ccc(CNc2ncnc3ccccc23)cc1,0.06666666666666667,21,3,1,6,1.0,High Suitability,0.8,1.0,0.9600000000000001,Favourable,0.6431989923715592,64.31989923715592,534
Cc1cc(C)cc(C2(c3cc(F)cc(F)c3)N=C(N)N(C)C2=O)c1,CHEMBL6046308,5.30,nM,5000.0,nM,5000.0,5.301029995663981,Low Activity,True,329.3500000000001,2.6119400000000006,58.69,1,3,2,3,0,Pass,5.187208,1.0,1.0,1.0,1.0,Favourable,0.35079718,0.897767398252352,0.6702869580931595,67.02869580931595,O=C1NC=NC1(c1ccccc1)c1ccccc1,0.2222222222222222,24,2,2,4,1.0,High Suitability,1.0,1.0,1.0,Favourable,0.6429384469985961,64.29384469985962,535
CP1(=O)OCC[C@]2(CCC[C@@]3(S(=O)(=O)c4ccc(Cl)cc4)c4c(F)ccc(F)c4OC[C@@H]23)CO1,CHEMBL3629745,8.27,nM,5.4,nM,5.4,8.267606240177031,Highly Active,True,532.9290000000001,5.726100000000005,78.9,0,6,2,5,2,Fail,7.845194,0.5,0.5,0.5,0.5,Unfavourable,0.7884853,0.897767398252352,0.6641310142226151,66.4131014222615,O=[PH]1OCCC2(CCCC3(S(=O)(=O)c4ccccc4)c4ccccc4OCC23)CO1,0.4782608695652174,34,2,0,6,0.55,Moderate Suitability,0.15000000000000002,0.6,0.45499999999999996,Unfavourable,0.6429169147014618,64.29169147014619,536
CO[C@H]1CC[C@]2(CC1)Cc1ccc(-c3cc(Br)cc(C#N)c3)cc1[C@]21N=C(C)C(N)=N1,CHEMBL6008112,9.15,nM,0.7,nM,0.7,9.154901959985743,Highly Active,True,477.40600000000023,5.103780000000006,83.75999999999999,1,5,2,5,1,Pass,7.0279784,0.75,0.5,0.75,0.675,Moderate,0.65391517,0.897767398252352,0.6868459533400467,68.68459533400467,C1=NC2(N=C1)c1cc(-c3ccccc3)ccc1CC21CCCCC1,0.4,31,2,2,5,0.55,Moderate Suitability,0.35000000000000003,0.85,0.595,Unfavourable,0.6429033536911011,64.29033536911011,537
CO[C@H]1CC[C@]2(CC1)Cc1ccc(-c3cc(Br)cc(C#N)c3)cc1[C@@]21N=C(C)C(N)=N1,CHEMBL5982574,5.30,nM,4950.0,nM,4950.0,5.305394801066431,Low Activity,True,477.40600000000023,5.103780000000006,83.75999999999999,1,5,2,5,1,Pass,7.0279784,0.75,0.5,0.75,0.675,Moderate,0.65391517,0.897767398252352,0.6868459533400467,68.68459533400467,C1=NC2(N=C1)c1cc(-c3ccccc3)ccc1CC21CCCCC1,0.4,31,2,2,5,0.55,Moderate Suitability,0.35000000000000003,0.85,0.595,Unfavourable,0.6429033536911011,64.29033536911011,538
CO[C@H]1CC[C@]2(CC1)Cc1ccc(-c3cc(Br)cc(C#N)c3)cc1C21N=C(C)C(N)=N1,CHEMBL3936953,8.74,nM,1.8,nM,1.8,8.744727494896694,Highly Active,True,477.40600000000023,5.103780000000006,83.75999999999999,1,5,2,5,1,Pass,7.0279784,0.75,0.5,0.75,0.675,Moderate,0.65391517,0.897767398252352,0.6868459533400467,68.68459533400467,C1=NC2(N=C1)c1cc(-c3ccccc3)ccc1CC21CCCCC1,0.4,31,2,2,5,0.55,Moderate Suitability,0.35000000000000003,0.85,0.595,Unfavourable,0.6429033536911011,64.29033536911011,539
COc1cc(C(=O)NCc2cn(-c3ccc(Oc4ccccc4)cc3)nn2)ccc1O,CHEMBL5597507,5.94,nM,1150.0,uM,1.15,5.939302159646388,Low Activity,True,416.43700000000007,3.7038000000000024,98.5,2,6,7,4,0,Pass,5.998113,1.0,0.7,1.0,0.9099999999999999,Favourable,0.48432815,0.897767398252352,0.7100524452872208,71.00524452872207,O=C(NCc1cn(-c2ccc(Oc3ccccc3)cc2)nn1)c1ccccc1,0.08695652173913043,31,4,2,8,0.65,Moderate Suitability,0.6000000000000001,1.0,0.79,Moderate,0.642880488872528,64.2880488872528,540
Cc1oc(/C=C/c2ccc(OCCCN3CCCCC3)cc2)cc(=O)c1O,CHEMBL4859825,5.20,nM,6260.0,uM,6.26,5.20342566678957,Low Activity,True,369.46100000000007,4.079020000000004,62.91,1,5,7,3,0,Pass,5.340571,1.0,1.0,1.0,1.0,Favourable,0.37605125,0.897767398252352,0.6829139934725693,68.29139934725693,O=c1ccoc(C=Cc2ccc(OCCCN3CCCCC3)cc2)c1,0.4090909090909091,27,2,1,5,1.0,High Suitability,0.8,1.0,0.9600000000000001,Favourable,0.6428281918764115,64.28281918764115,541
CN1CCCC1CCNC(=O)OCCCC1CCc2ccccc2N1S(=O)(=O)c1ccc(Cl)cc1,CHEMBL231447,6.66,nM,220.0,nM,220.0,6.657577319177793,Moderately Active,True,520.0950000000001,4.840800000000004,78.95000000000002,1,5,9,4,1,Pass,6.69689,0.75,0.75,0.75,0.75,Moderate,0.59939516,0.897767398252352,0.6820859478659561,68.20859478659561,O=C(NCCC1CCCN1)OCCCC1CCc2ccccc2N1S(=O)(=O)c1ccccc1,0.5,35,2,1,7,0.75,High Suitability,0.4000000000000001,0.75,0.6800000000000002,Moderate,0.642667329788208,64.2667329788208,542
CC(O)c1cccc(-c2ccc([N+](=O)[O-])c(NCc3ccccc3)c2)c1,CHEMBL5281113,5.19,nM,6490.0,uM,6.49,5.187755303199631,Low Activity,True,348.40200000000004,4.927200000000004,75.4,2,4,6,3,0,Pass,5.3373466,1.0,1.0,1.0,1.0,Favourable,0.3755203,0.897767398252352,0.6826485143847397,68.26485143847397,c1ccc(CNc2cccc(-c3ccccc3)c2)cc1,0.14285714285714285,26,3,2,5,1.0,High Suitability,0.8,1.0,0.9600000000000001,Favourable,0.6425361589193345,64.25361589193345,543
CC1=NC2(CCOc3ccc(NC(=O)c4ccc(C(F)(F)F)cn4)cc32)N=C1N,CHEMBL3653661,5.72,nM,1890.0,nM,1890.0,5.723538195826755,Low Activity,True,403.3640000000001,3.119700000000001,101.96,2,6,2,4,0,Pass,5.9942875,1.0,0.7,1.0,0.9099999999999999,Favourable,0.4836982,0.897767398252352,0.7097374645419052,70.97374645419052,O=C(Nc1ccc2c(c1)C1(CCO2)N=CC=N1)c1ccccn1,0.2631578947368421,29,2,3,7,0.65,Moderate Suitability,0.6000000000000001,1.0,0.79,Moderate,0.6425340070724487,64.25340070724486,544
CCCNc1nc(NCCc2ccc(OC)c(OC)c2)c2ccccc2n1,CHEMBL4102655,5.37,nM,4300.0,uM,4.3,5.366531544420413,Low Activity,True,366.4650000000001,4.1235000000000035,68.30000000000001,2,6,9,3,0,Pass,5.335353,1.0,1.0,1.0,1.0,Favourable,0.375192,0.897767398252352,0.6824843631930283,68.24843631930283,c1ccc(CCNc2ncnc3ccccc23)cc1,0.3333333333333333,27,3,2,6,1.0,High Suitability,0.8,1.0,0.9600000000000001,Favourable,0.6423556015491486,64.23556015491486,545
COc1cccc(CNc2cc3c(=O)n4c(nc3cc2C)CCC4)c1O,CHEMBL4870217,5.37,nM,4260.0,uM,4.26,5.370590400897282,Low Activity,True,351.4060000000002,2.9774200000000017,76.38,2,5,4,4,0,Pass,5.177458,1.0,1.0,1.0,1.0,Favourable,0.34919155,0.897767398252352,0.6694841431326798,66.94841431326797,O=c1c2cc(NCc3ccccc3)ccc2nc2n1CCC2,0.3,26,3,2,6,1.0,High Suitability,1.0,1.0,1.0,Favourable,0.6420553594827652,64.20553594827652,546
CCN(CC)CCCOc1ccc(/C=C/c2cc(=O)c(O)co2)cc1,CHEMBL4857779,5.40,nM,3950.0,uM,3.95,5.403402904373539,Low Activity,True,343.4230000000001,3.6265000000000027,62.91,1,5,9,2,0,Pass,5.329752,1.0,1.0,1.0,1.0,Favourable,0.37426972,0.897767398252352,0.6820232318587235,68.20232318587234,O=c1ccoc(C=Cc2ccccc2)c1,0.35,25,2,1,5,1.0,High Suitability,0.8,1.0,0.9600000000000001,Favourable,0.6418483511209488,64.18483511209489,547
O=C(CCN1CCN(Cc2ccccc2)CC1)Nc1ccc2nc3n(c(=O)c2c1)CCC3,CHEMBL5196827,5.03,nM,9260.0,uM,9.26,5.033389013318066,Low Activity,True,431.5400000000003,2.4891000000000005,70.47,1,5,6,5,0,Pass,5.3295674,1.0,1.0,1.0,1.0,Favourable,0.37423933,0.897767398252352,0.6820080326743058,68.20080326743057,O=C(CCN1CCN(Cc2ccccc2)CC1)Nc1ccc2nc3n(c(=O)c2c1)CCC3,0.4,32,3,1,7,1.0,High Suitability,0.8,1.0,0.9600000000000001,Favourable,0.6418316320180893,64.18316320180894,548
O=c1c2cc(NCc3cc(Br)ccc3O)ccc2nc2n1CCC2,CHEMBL4871454,5.12,nM,7630.0,uM,7.63,5.117475462045119,Low Activity,True,386.2490000000002,3.422900000000002,67.15,2,4,3,4,0,Pass,5.3227496,1.0,1.0,1.0,1.0,Favourable,0.3731166,0.897767398252352,0.6814466761298111,68.14466761298111,O=c1c2cc(NCc3ccccc3)ccc2nc2n1CCC2,0.2222222222222222,24,3,2,5,1.0,High Suitability,0.8,1.0,0.9600000000000001,Favourable,0.6412141427993775,64.12141427993775,549
c1ccc(CCNc2nc(NC3CC3)nc3ccccc23)cc1,CHEMBL4091385,6.10,nM,790.0,uM,0.79,6.102372908709558,Moderately Active,True,304.39700000000005,3.8587000000000016,49.84,2,4,6,4,0,Pass,5.313794,1.0,1.0,1.0,1.0,Favourable,0.37164193,0.897767398252352,0.6807093368716172,68.07093368716171,c1ccc(CCNc2nc(NC3CC3)nc3ccccc23)cc1,0.2631578947368421,23,3,2,4,1.0,High Suitability,0.8,1.0,0.9600000000000001,Favourable,0.6404030725955964,64.04030725955964,550
COc1ccc(CNc2nc(O)nc3ccccc23)cc1OC,CHEMBL4081859,5.11,nM,7800.0,uM,7.8,5.107905397309519,Low Activity,True,311.34100000000007,2.9647000000000014,76.5,2,6,5,3,0,Pass,5.1591444,1.0,1.0,1.0,1.0,Favourable,0.3461759,0.897767398252352,0.6679763244337967,66.79763244337967,c1ccc(CNc2ncnc3ccccc23)cc1,0.17647058823529413,23,3,2,6,1.0,High Suitability,1.0,1.0,1.0,Favourable,0.6403967559337616,64.03967559337616,551
COc1ccc2[nH]c(C(=O)Nc3cc4c(=O)n5c(nc4cc3C)CCC5)cc2c1,CHEMBL4861631,5.21,nM,6100.0,uM,6.1,5.214670164989233,Low Activity,True,388.42700000000025,3.393320000000002,89.01,2,4,3,5,0,Pass,5.3130445,1.0,1.0,1.0,1.0,Favourable,0.3715185,0.897767398252352,0.6806476162619522,68.06476162619522,O=C(Nc1ccc2nc3n(c(=O)c2c1)CCC3)c1cc2ccccc2[nH]1,0.22727272727272727,29,4,2,7,1.0,High Suitability,0.8,1.0,0.9600000000000001,Favourable,0.640335168004036,64.0335168004036,552
CC1=C(/C=C/C(C)=C/C=C/C(C)=C/C=O)C(C)(C)CCC1,CHEMBL81379,6.75,nM,180.0,uM,0.18,6.7447274948966935,Moderately Active,True,284.44300000000004,5.716900000000006,17.07,0,1,5,1,1,Pass,6.456266,0.75,0.75,0.75,0.75,Moderate,0.5597718,0.897767398252352,0.6622742580122879,66.22742580122879,C1=CCCCC1,0.45,21,0,0,1,0.8,High Suitability,0.55,0.85,0.7350000000000001,Moderate,0.6401244709491729,64.01244709491729,553
Cc1ccc2nc3c(c(N4CCCCC4)c2c1)CCCC3,CHEMBL5197114,5.17,nM,6696.0,uM,6.696000000000001,5.174184555014796,Low Activity,True,280.41499999999996,4.412320000000004,16.130000000000003,0,2,1,4,0,Pass,5.3081927,1.0,1.0,1.0,1.0,Favourable,0.37071955,0.897767398252352,0.6802481459326676,68.02481459326675,c1ccc2c(N3CCCCC3)c3c(nc2c1)CCCC3,0.5263157894736842,21,2,0,2,1.0,High Suitability,0.8,1.0,0.9600000000000001,Favourable,0.6398957625627518,63.989576256275186,554
COc1cc(/C=C/C(=O)CC(=O)/C=C/c2cccnc2)ccc1O,CHEMBL3889997,,nM,10000.0,uM,10.0,5.0,Low Activity,True,323.348,3.050700000000002,76.49000000000001,1,5,7,2,0,Pass,5.306363,1.0,1.0,1.0,1.0,Favourable,0.3704183,0.897767398252352,0.6800975249953202,68.00975249953201,O=C(C=Cc1ccccc1)CC(=O)C=Cc1cccnc1,0.10526315789473684,24,2,1,5,1.0,High Suitability,0.8,1.0,0.9600000000000001,Favourable,0.6397300765514374,63.973007655143746,555
CCNc1nc(NCc2ccccc2)c2ccccc2n1,CHEMBL4079345,5.16,nM,7000.0,uM,7.0,5.154901959985743,Low Activity,True,278.35900000000004,3.673700000000002,49.84,2,4,5,3,0,Pass,5.2990203,1.0,1.0,1.0,1.0,Favourable,0.36920917,0.897767398252352,0.6794929550833634,67.94929550833633,c1ccc(CNc2ncnc3ccccc23)cc1,0.17647058823529413,21,3,2,4,1.0,High Suitability,0.8,1.0,0.9600000000000001,Favourable,0.6390650526285172,63.906505262851724,556
O=C(OCc1cn(-c2ccc(Oc3ccccc3)cc2)nn1)c1ccccc1,CHEMBL5596604,5.33,nM,4730.0,uM,4.73,5.325138859262188,Low Activity,True,371.3960000000001,4.416600000000003,66.24000000000001,0,5,6,4,0,Pass,5.298713,1.0,1.0,1.0,1.0,Favourable,0.36915857,0.897767398252352,0.6794676529116562,67.94676529116562,O=C(OCc1cn(-c2ccc(Oc3ccccc3)cc2)nn1)c1ccccc1,0.045454545454545456,28,4,0,6,1.0,High Suitability,0.8,1.0,0.9600000000000001,Favourable,0.6390372172594071,63.90372172594071,557
CN(C)CCCOc1ccc(/C=C/c2cc(=O)c(O)cn2C)cc1,CHEMBL4852674,5.21,nM,6180.0,uM,6.18,5.209011524911184,Low Activity,True,328.41200000000003,2.5918,54.699999999999996,1,4,7,2,0,Pass,5.132473,1.0,1.0,1.0,1.0,Favourable,0.34178394,0.897767398252352,0.6657803403086594,66.57803403086594,O=c1cc[nH]c(C=Cc2ccccc2)c1,0.3157894736842105,24,2,1,5,1.0,High Suitability,1.0,1.0,1.0,Favourable,0.6379811733961105,63.798117339611046,558
CCOc1cnc(C(=O)Nc2ccc(F)c([C@@]3(C)N=C(N)OCC3(F)F)n2)c(N)n1,CHEMBL4111029,6.08,nM,840.0,nM,840.0,6.075720713938118,Moderately Active,True,425.37100000000015,1.4392999999999998,150.63,3,9,5,3,0,Pass,6.2412066,0.65,0.7,1.0,0.77,Moderate,0.52435815,0.897767398252352,0.6880674465842179,68.80674465842179,O=C(Nc1cccc(C2CCOC=N2)n1)c1cnccn1,0.35294117647058826,30,2,5,10,0.65,Moderate Suitability,0.8,0.8,0.7125,Moderate,0.6377719843387604,63.77719843387604,559
CC(C)Nc1nc(NCc2ccccc2)c2ccccc2n1,CHEMBL3262251,5.36,nM,4400.0,uM,4.4,5.356547323513812,Low Activity,True,292.3860000000001,4.0622000000000025,49.84,2,4,5,3,0,Pass,5.2840776,1.0,1.0,1.0,1.0,Favourable,0.36674857,0.897767398252352,0.6782626556105545,67.82626556105545,c1ccc(CNc2ncnc3ccccc23)cc1,0.2222222222222222,22,3,2,4,1.0,High Suitability,0.8,1.0,0.9600000000000001,Favourable,0.6377117142677308,63.77117142677308,560
O=[N+]([O-])c1ccc(-c2cccc(C(O)C(F)(F)F)c2)cc1N1CCCC1,CHEMBL5286134,5.18,nM,6650.0,uM,6.65,5.1771783546968955,Low Activity,True,366.33900000000017,4.457700000000003,66.61,1,4,4,3,0,Pass,5.273208,1.0,1.0,1.0,1.0,Favourable,0.3649587,0.897767398252352,0.6773677216715744,67.73677216715744,c1ccc(-c2cccc(N3CCCC3)c2)cc1,0.3333333333333333,26,2,1,5,1.0,High Suitability,0.8,1.0,0.9600000000000001,Favourable,0.6367272839546204,63.672728395462045,561
Nc1nc(NCc2ccc(Br)cc2)nc2ccccc12,CHEMBL3814001,5.77,nM,1700.0,uM,1.7,5.769551078621726,Low Activity,True,329.201,3.5866000000000016,63.83,2,4,3,3,0,Pass,5.2729855,1.0,1.0,1.0,1.0,Favourable,0.36492205,0.897767398252352,0.677349393243306,67.7349393243306,c1ccc(CNc2ncc3ccccc3n2)cc1,0.06666666666666667,20,3,3,4,1.0,High Suitability,0.8,1.0,0.9600000000000001,Favourable,0.6367071226835251,63.67071226835252,562
O=c1cc(/C=C/c2nc3ccccc3o2)occ1O,CHEMBL4755924,5.15,nM,7050.0,uM,7.05,5.151810883008601,Low Activity,True,255.229,2.6570000000000014,76.47,1,5,2,3,0,Pass,5.108335,1.0,1.0,1.0,1.0,Favourable,0.3378092,0.897767398252352,0.6637929724402359,66.37929724402359,O=c1ccoc(C=Cc2nc3ccccc3o2)c1,0.0,19,3,1,5,1.0,High Suitability,1.0,1.0,1.0,Favourable,0.6357950687408447,63.579506874084466,563
CN(C)c1ccc(/C=C/c2cc3cc(Cl)ccc3o2)cc1,CHEMBL446870,6.70,nM,200.0,uM,0.2,6.698970004336019,Moderately Active,True,297.78499999999997,5.322600000000004,16.380000000000003,0,2,3,3,1,Pass,6.4069357,0.75,0.75,0.75,0.75,Moderate,0.5516486,0.897767398252352,0.6582126783080032,65.82126783080032,C(=Cc1cc2ccccc2o1)c1ccccc1,0.1111111111111111,21,3,0,2,0.8,High Suitability,0.55,0.85,0.7350000000000001,Moderate,0.6356567451953887,63.565674519538874,564
COc1cc(O)cc(/C=C/C(=O)CC(=O)/C=C/c2ccc(O)c(OC)c2)c1,CHEMBL3970179,5.96,nM,1100.0,uM,1.1,5.958607314841775,Low Activity,True,368.38500000000005,3.3699000000000012,93.06,2,6,8,2,0,Pass,5.76317,1.0,0.7,1.0,0.9099999999999999,Favourable,0.44564027,0.897767398252352,0.6907085028834274,69.07085028834274,O=C(C=Cc1ccccc1)CC(=O)C=Cc1ccccc1,0.14285714285714285,27,2,2,6,0.65,Moderate Suitability,0.8,1.0,0.8300000000000001,Favourable,0.6356021522283554,63.56021522283554,565
CCN(CC)CCCOc1ccc(/C=C/c2cc(=O)c(O)cn2C)cc1,CHEMBL4853496,5.27,nM,5380.0,uM,5.38,5.269217724333611,Low Activity,True,356.4660000000001,3.3720000000000026,54.699999999999996,1,4,9,2,0,Pass,5.2575254,1.0,1.0,1.0,1.0,Favourable,0.3623762,0.897767398252352,0.6760764764494828,67.60764764494827,O=c1cc[nH]c(C=Cc2ccccc2)c1,0.38095238095238093,26,2,1,5,1.0,High Suitability,0.8,1.0,0.9600000000000001,Favourable,0.635306920170784,63.53069201707841,566
Cc1cc2nc3n(c(=O)c2cc1NCc1ccccc1O)CCC3,CHEMBL4849288,5.29,nM,5090.0,uM,5.09,5.293282217663242,Low Activity,True,321.38000000000017,2.968820000000001,67.15,2,4,3,4,0,Pass,5.0995464,1.0,1.0,1.0,1.0,Favourable,0.33636194,0.897767398252352,0.6630693422503403,66.30693422503403,O=c1c2cc(NCc3ccccc3)ccc2nc2n1CCC2,0.2631578947368421,24,3,2,5,1.0,High Suitability,1.0,1.0,1.0,Favourable,0.6349990785121917,63.49990785121917,567
CC1=NC2(CCOc3ccc(-c4cc(C)ccc4C)cc32)N=C1N,CHEMBL3657455,5.17,nM,6710.0,nM,6710.0,5.1732774798310075,Low Activity,True,319.4080000000001,3.737440000000002,59.97,1,4,1,4,0,Pass,5.2534866,1.0,1.0,1.0,1.0,Favourable,0.36171114,0.897767398252352,0.6757439421362809,67.57439421362808,C1=NC2(CCOc3ccc(-c4ccccc4)cc32)N=C1,0.3,24,2,2,4,1.0,High Suitability,0.8,1.0,0.9600000000000001,Favourable,0.6349411264657975,63.49411264657975,568
Cc1cc2nc3n(c(=O)c2cc1NCc1ccc(Cl)cc1O)CCC3,CHEMBL4875354,5.21,nM,6100.0,uM,6.1,5.214670164989233,Low Activity,True,355.82500000000016,3.622220000000002,67.15,2,4,3,4,0,Pass,5.249276,1.0,1.0,1.0,1.0,Favourable,0.36101782,0.897767398252352,0.6753972815222672,67.53972815222671,O=c1c2cc(NCc3ccccc3)ccc2nc2n1CCC2,0.2631578947368421,25,3,2,5,1.0,High Suitability,0.8,1.0,0.9600000000000001,Favourable,0.6345598057508469,63.455980575084695,569
COc1ccc2cc(C(=O)CN3CCN(c4ncccn4)CC3)c(=O)oc2c1,CHEMBL2381384,5.40,nM,4000.0,uM,4.0,5.3979400086720375,Low Activity,True,380.40400000000017,1.5965000000000003,88.77,0,8,5,4,0,Pass,5.094511,1.0,1.0,1.0,1.0,Favourable,0.33553278,0.897767398252352,0.6626547621436051,66.2654762143605,O=C(CN1CCN(c2ncccn2)CC1)c1cc2ccccc2oc1=O,0.3,28,3,0,8,1.0,High Suitability,1.0,1.0,1.0,Favourable,0.634543028473854,63.4543028473854,570
COC(=O)CCC(C(=O)/C=C/c1ccc(O)c(OC(F)(F)F)c1)C(=O)/C=C/c1ccco1,CHEMBL3667039,6.19,nM,650.0,nM,650.0,6.187086643357144,Moderately Active,True,452.38100000000014,4.318000000000003,103.04,1,7,10,2,0,Pass,6.289393,1.0,0.44999999999999996,1.0,0.835,Favourable,0.53229296,0.897767398252352,0.7115348509497574,71.15348509497575,O=C(C=Cc1ccccc1)CC(=O)C=Cc1ccco1,0.22727272727272727,32,2,1,7,0.4,Low Suitability,0.6000000000000001,1.0,0.6900000000000001,Moderate,0.6342611470222473,63.42611470222474,571
CN(C)c1ccc(/C=C/c2cc3cc(I)ccc3o2)cc1,CHEMBL524114,6.77,nM,170.0,uM,0.17,6.769551078621726,Moderately Active,True,389.23600000000005,5.273800000000004,16.380000000000003,0,2,3,3,1,Pass,6.3858495,0.75,0.75,0.75,0.75,Moderate,0.5481764,0.897767398252352,0.6564765738196304,65.64765738196304,C(=Cc1cc2ccccc2o1)c1ccccc1,0.1111111111111111,21,3,0,2,0.8,High Suitability,0.55,0.85,0.7350000000000001,Moderate,0.6337470421791076,63.37470421791076,572
CN(C)c1ccc(/C=C/c2cc(=O)c(O)co2)cc1,CHEMBL4294375,5.23,nM,5920.0,uM,5.92,5.22767829327708,Low Activity,True,257.28899999999993,2.5818000000000003,53.68000000000001,1,4,3,2,0,Pass,5.0828133,1.0,1.0,1.0,1.0,Favourable,0.33360654,0.897767398252352,0.6616916404910019,66.16916404910019,O=c1ccoc(C=Cc2ccccc2)c1,0.13333333333333333,19,2,1,4,1.0,High Suitability,1.0,1.0,1.0,Favourable,0.633483600616455,63.3483600616455,573
O=c1c2cc(NCc3cccc(Br)c3O)ccc2nc2n1CCC2,CHEMBL4871074,5.08,nM,8340.0,uM,8.34,5.078833949362261,Low Activity,True,386.2490000000002,3.422900000000002,67.15,2,4,3,4,0,Pass,5.2367516,1.0,1.0,1.0,1.0,Favourable,0.35895544,0.897767398252352,0.6743660913653305,67.43660913653305,O=c1c2cc(NCc3ccccc3)ccc2nc2n1CCC2,0.2222222222222222,24,3,2,5,1.0,High Suitability,0.8,1.0,0.9600000000000001,Favourable,0.6334254995584488,63.34254995584489,574
CCCSC(=O)/C=C/c1cc(O)ccc1O,CHEMBL5198252,4.99,nM,10200.0,uM,10.2,4.991399828238082,Low Activity,True,238.308,2.7808000000000015,57.53,2,4,4,1,0,Pass,5.07988,1.0,1.0,1.0,1.0,Favourable,0.33312356,0.897767398252352,0.6614501522726944,66.14501522726944,c1ccccc1,0.25,16,1,2,3,1.0,High Suitability,1.0,1.0,1.0,Favourable,0.6332179576158523,63.32179576158523,575
O=c1c2cc(NCc3ccc(Cl)cc3O)ccc2nc2n1CCC2,CHEMBL4876164,5.15,nM,7020.0,uM,7.02,5.153662887870195,Low Activity,True,341.7980000000002,3.3138000000000014,67.15,2,4,3,4,0,Pass,5.230973,1.0,1.0,1.0,1.0,Favourable,0.35800385,0.897767398252352,0.673890297288411,67.3890297288411,O=c1c2cc(NCc3ccccc3)ccc2nc2n1CCC2,0.2222222222222222,24,3,2,5,1.0,High Suitability,0.8,1.0,0.9600000000000001,Favourable,0.6329021260738373,63.29021260738374,576
CNc1nc(NCCc2ccc(OC)c(OC)c2)c2ccccc2n1,CHEMBL4094911,5.18,nM,6600.0,uM,6.6,5.180456064458131,Low Activity,True,338.41100000000006,3.343300000000002,68.30000000000001,2,6,7,3,0,Pass,5.2288084,1.0,1.0,1.0,1.0,Favourable,0.35764742,0.897767398252352,0.6737120794005326,67.37120794005325,c1ccc(CCNc2ncnc3ccccc23)cc1,0.2631578947368421,25,3,2,6,1.0,High Suitability,0.8,1.0,0.9600000000000001,Favourable,0.6327060863971711,63.27060863971711,577
COc1ccccc1/C=C/c1cc(=O)c(O)co1,CHEMBL4286002,5.10,nM,7930.0,uM,7.93,5.100726812682396,Low Activity,True,244.24599999999998,2.524400000000001,59.67,1,4,3,2,0,Pass,5.072987,1.0,1.0,1.0,1.0,Favourable,0.33198845,0.897767398252352,0.6608825968451432,66.08825968451431,O=c1ccoc(C=Cc2ccccc2)c1,0.07142857142857142,18,2,1,4,1.0,High Suitability,1.0,1.0,1.0,Favourable,0.6325936585664749,63.259365856647484,578
CC1=NC2(CCOc3ccc(NC(=O)c4ccc(C)s4)cc32)N=C1N,CHEMBL3653664,5.19,nM,6460.0,nM,6460.0,5.189767482004916,Low Activity,True,354.43500000000006,3.075820000000001,89.07,2,6,2,4,0,Pass,5.226215,1.0,1.0,1.0,1.0,Favourable,0.35722035,0.897767398252352,0.6734985457606247,67.34985457606247,O=C(Nc1ccc2c(c1)C1(CCO2)N=CC=N1)c1cccs1,0.2777777777777778,25,2,3,6,1.0,High Suitability,0.8,1.0,0.9600000000000001,Favourable,0.6324711993932725,63.24711993932725,579
Fc1ccc(C2C=C(c3cccc4ccccc34)Nc3nncn32)cc1,CHEMBL4444043,5.41,nM,3870.0,uM,3.87,5.412289034981089,Low Activity,True,342.37700000000007,4.626400000000004,42.74,1,3,2,5,0,Pass,5.222677,1.0,1.0,1.0,1.0,Favourable,0.35663784,0.897767398252352,0.6732072876639298,67.32072876639297,C1=C(c2cccc3ccccc23)Nc2nncn2C1c1ccccc1,0.047619047619047616,26,4,1,4,1.0,High Suitability,0.8,1.0,0.9600000000000001,Favourable,0.6321508095264435,63.21508095264436,580
COc1ccc(CCNc2nc(NC3CC3)nc3ccccc23)cc1OC,CHEMBL4086248,5.31,nM,4900.0,uM,4.9,5.309803919971486,Low Activity,True,364.4490000000001,3.8759000000000023,68.3,2,6,8,4,0,Pass,5.2182956,1.0,1.0,1.0,1.0,Favourable,0.35591626,0.897767398252352,0.6728465007491043,67.28465007491043,c1ccc(CCNc2nc(NC3CC3)nc3ccccc23)cc1,0.3333333333333333,27,3,2,6,1.0,High Suitability,0.8,1.0,0.9600000000000001,Favourable,0.6317539469003678,63.17539469003678,581
Nc1nc(NCc2cccc(Br)c2)nc2ccccc12,CHEMBL3814125,5.57,nM,2700.0,uM,2.7,5.568636235841012,Low Activity,True,329.201,3.5866000000000016,63.83,2,4,3,3,0,Pass,5.214976,1.0,1.0,1.0,1.0,Favourable,0.35536963,0.897767398252352,0.6725731836504868,67.25731836504868,c1ccc(CNc2ncc3ccccc3n2)cc1,0.06666666666666667,20,3,3,4,1.0,High Suitability,0.8,1.0,0.9600000000000001,Favourable,0.6314533010721207,63.145330107212075,582
COc1ccc(F)cc1-c1ccc2c(c1)C1(CCO2)N=C(C)C(N)=N1,CHEMBL3657456,4.79,nM,16300.0,nM,16300.0,4.787812395596042,Low Activity,True,339.37000000000006,3.2683000000000018,69.2,1,5,2,4,0,Pass,5.208948,1.0,1.0,1.0,1.0,Favourable,0.35437703,0.897767398252352,0.6720768855757645,67.20768855757645,C1=NC2(CCOc3ccc(-c4ccccc4)cc32)N=C1,0.2631578947368421,25,2,2,5,1.0,High Suitability,0.8,1.0,0.9600000000000001,Favourable,0.6309073672294617,63.090736722946176,583
COc1cc(/C=C/c2cc(/C=C/c3ccc(O)c(OC)c3)n(CCO)n2)ccc1O,CHEMBL5205561,4.75,nM,17800.0,uM,17.8,4.749579997691106,Low Activity,True,408.4540000000001,3.6446000000000027,96.97,3,6,8,3,0,Pass,5.8647437,1.0,0.7,1.0,0.9099999999999999,Favourable,0.46236634,0.897767398252352,0.6990715411848953,69.90715411848953,C(=Cc1cc(C=Cc2ccccc2)[nH]n1)c1ccccc1,0.17391304347826086,30,3,3,7,0.65,Moderate Suitability,0.6000000000000001,1.0,0.79,Moderate,0.6308014883995056,63.08014883995055,584
COc1ccc(-c2ccc(-c3ccc(C=O)s3)s2)cc1,CHEMBL3330749,,nM,10000.0,uM,10.0,5.0,Low Activity,True,300.404,4.964700000000002,26.3,0,4,4,3,0,Pass,5.2071614,1.0,1.0,1.0,1.0,Favourable,0.35408282,0.897767398252352,0.6719297813124588,67.19297813124588,c1ccc(-c2ccc(-c3cccs3)s2)cc1,0.0625,20,3,0,2,1.0,High Suitability,0.8,1.0,0.9600000000000001,Favourable,0.6307455555200577,63.074555552005776,585
O=[N+]([O-])c1ccc2nc3c(c(Nc4[nH]nc5ncccc45)c2c1)CCCC3,CHEMBL5174252,6.11,nM,777.0,uM,0.777,6.1095789811990855,Moderately Active,True,360.37700000000024,4.036700000000002,109.63,2,6,3,5,0,Pass,5.699861,1.0,0.7,1.0,0.9099999999999999,Favourable,0.43521523,0.897767398252352,0.6854959872908524,68.54959872908523,c1ccc2c(Nc3[nH]nc4ncccc34)c3c(nc2c1)CCCC3,0.21052631578947367,27,4,2,8,0.65,Moderate Suitability,0.8,1.0,0.8300000000000001,Favourable,0.6298683791160583,62.98683791160583,586
C#CCN(C)CCCn1ccc(=O)c(O)c1C,CHEMBL4740154,5.54,nM,2850.0,uM,2.85,5.54515513999149,Low Activity,True,234.299,0.81742,45.47,1,3,5,1,0,Pass,5.1940775,1.0,1.0,1.0,1.0,Favourable,0.3519283,0.897767398252352,0.6708525167651108,67.08525167651108,O=c1cc[nH]cc1,0.46153846153846156,17,1,1,4,0.8,High Suitability,1.0,1.0,0.9600000000000001,Favourable,0.6295605704784394,62.95605704784394,587
CC12CC[C@@H](C1)C(C)(C)[C@@H]2NS(=O)(=O)c1ccc(Cl)cc1,CHEMBL74874,4.96,nM,11000.0,uM,11.0,4.958607314841775,Low Activity,True,327.87700000000007,3.8331000000000026,46.17,1,2,3,3,0,Pass,5.192318,1.0,1.0,1.0,1.0,Favourable,0.35163856,0.897767398252352,0.6707076476759842,67.07076476759842,O=S(=O)(NC1CC2CCC1C2)c1ccccc1,0.625,21,1,1,3,1.0,High Suitability,0.8,1.0,0.9600000000000001,Favourable,0.6294012025594712,62.94012025594712,588
c1ccc(CNc2nc(NC3CC3)nc3ccccc23)cc1,CHEMBL4067481,5.24,nM,5700.0,uM,5.7,5.2441251443275085,Low Activity,True,290.37,3.816200000000002,49.84,2,4,5,4,0,Pass,5.19166,1.0,1.0,1.0,1.0,Favourable,0.3515302,0.897767398252352,0.6706534670538834,67.06534670538834,c1ccc(CNc2nc(NC3CC3)nc3ccccc23)cc1,0.2222222222222222,22,3,2,4,1.0,High Suitability,0.8,1.0,0.9600000000000001,Favourable,0.629341612815857,62.9341612815857,589
OC(c1ccc(-c2cc(N3CC(CN4CCCC4)C3)c3nonc3c2)s1)C(F)(F)F,CHEMBL5282290,5.96,nM,1100.0,uM,1.1,5.958607314841775,Low Activity,True,438.475,4.079000000000003,65.63,1,7,5,5,0,Pass,5.3431616,1.0,1.0,1.0,1.0,Favourable,0.37647784,0.897767398252352,0.683127288693898,68.3127288693898,c1csc(-c2cc(N3CC(CN4CCCC4)C3)c3nonc3c2)c1,0.5,30,3,1,6,1.0,High Suitability,0.6000000000000001,1.0,0.92,Favourable,0.6290628106594086,62.90628106594086,590
COc1cc(/C=C/C(=O)N2CC(C(=O)NCc3ccco3)C2)ccc1OCc1ccccc1,CHEMBL4859895,5.44,nM,3610.0,uM,3.61,5.442492798094342,Low Activity,True,446.50300000000016,3.6552000000000024,81.01,1,5,9,4,0,Pass,5.3398905,1.0,1.0,1.0,1.0,Favourable,0.3759392,0.897767398252352,0.6828579651064804,68.28579651064804,O=C(NCc1ccco1)C1CN(C(=O)C=Cc2ccc(OCc3ccccc3)cc2)C1,0.23076923076923078,33,3,1,7,1.0,High Suitability,0.6000000000000001,1.0,0.92,Favourable,0.6287665606737137,62.87665606737137,591
CN(C)c1ccc(/C=C/c2cc3cc(Br)ccc3o2)cc1,CHEMBL489979,6.33,nM,470.0,uM,0.47,6.327902142064282,Moderately Active,True,342.23600000000005,5.431700000000004,16.380000000000003,0,2,3,3,1,Pass,6.3304977,0.75,0.75,0.75,0.75,Moderate,0.53906167,0.897767398252352,0.6519192026801041,65.1919202680104,C(=Cc1cc2ccccc2o1)c1ccccc1,0.1111111111111111,21,3,0,2,0.8,High Suitability,0.55,0.85,0.7350000000000001,Moderate,0.6287339339256286,62.87339339256286,592
O=C(CCN1CCN(c2ccccc2)CC1)Nc1n[nH]c2ncccc12,CHEMBL5183077,5.70,nM,1979.0,uM,1.979,5.703554205793604,Low Activity,True,350.42600000000004,2.1087,77.15,2,5,5,4,0,Pass,5.0281377,1.0,1.0,1.0,1.0,Favourable,0.32460314,0.897767398252352,0.6571899400896958,65.71899400896957,O=C(CCN1CCN(c2ccccc2)CC1)Nc1n[nH]c2ncccc12,0.3157894736842105,26,3,2,7,1.0,High Suitability,1.0,1.0,1.0,Favourable,0.6285317361354827,62.85317361354827,593
CC1=N[C@@]2(C[C@H]([C@H]3CCCOC3)Oc3ccc(Br)cc32)N=C1N,CHEMBL5810113,5.86,nM,1380.0,nM,1380.0,5.860120913598763,Low Activity,True,378.27000000000004,3.011300000000001,69.2,1,5,1,4,0,Pass,5.1823244,1.0,1.0,1.0,1.0,Favourable,0.34999293,0.897767398252352,0.6698848353571824,66.98848353571823,C1=NC2(CC(C3CCCOC3)Oc3ccccc32)N=C1,0.5294117647058824,23,1,2,5,1.0,High Suitability,0.8,1.0,0.9600000000000001,Favourable,0.6284961209297181,62.84961209297181,594
CC1=N[C@@]2(C[C@@H]([C@H]3CCCOC3)Oc3ccc(Br)cc32)N=C1N,CHEMBL5971860,4.18,nM,65300.0,nM,65300.0,4.185086818724926,Low Activity,True,378.27000000000004,3.011300000000001,69.2,1,5,1,4,0,Pass,5.1823244,1.0,1.0,1.0,1.0,Favourable,0.34999293,0.897767398252352,0.6698848353571824,66.98848353571823,C1=NC2(CC(C3CCCOC3)Oc3ccccc32)N=C1,0.5294117647058824,23,1,2,5,1.0,High Suitability,0.8,1.0,0.9600000000000001,Favourable,0.6284961209297181,62.84961209297181,595
CC1=N[C@]2(C[C@@H]([C@@H]3CCCOC3)Oc3ccc(Br)cc32)N=C1N,CHEMBL5956155,5.99,nM,1030.0,nM,1030.0,5.987162775294828,Low Activity,True,378.27000000000004,3.011300000000001,69.2,1,5,1,4,0,Pass,5.1823244,1.0,1.0,1.0,1.0,Favourable,0.34999293,0.897767398252352,0.6698848353571824,66.98848353571823,C1=NC2(CC(C3CCCOC3)Oc3ccccc32)N=C1,0.5294117647058824,23,1,2,5,1.0,High Suitability,0.8,1.0,0.9600000000000001,Favourable,0.6284961209297181,62.84961209297181,596
CC1=N[C@]2(C[C@@H]([C@H]3CCCOC3)Oc3ccc(Br)cc32)N=C1N,CHEMBL6038361,5.09,nM,8100.0,nM,8100.0,5.0915149811213505,Low Activity,True,378.27000000000004,3.011300000000001,69.2,1,5,1,4,0,Pass,5.1823244,1.0,1.0,1.0,1.0,Favourable,0.34999293,0.897767398252352,0.6698848353571824,66.98848353571823,C1=NC2(CC(C3CCCOC3)Oc3ccccc32)N=C1,0.5294117647058824,23,1,2,5,1.0,High Suitability,0.8,1.0,0.9600000000000001,Favourable,0.6284961209297181,62.84961209297181,597
CC1=N[C@@]2(C[C@H]([C@@H]3CCCOC3)Oc3ccc(Br)cc32)N=C1N,CHEMBL5917233,4.70,nM,19800.0,nM,19800.0,4.703334809738469,Low Activity,True,378.27000000000004,3.011300000000001,69.2,1,5,1,4,0,Pass,5.1823244,1.0,1.0,1.0,1.0,Favourable,0.34999293,0.897767398252352,0.6698848353571824,66.98848353571823,C1=NC2(CC(C3CCCOC3)Oc3ccccc32)N=C1,0.5294117647058824,23,1,2,5,1.0,High Suitability,0.8,1.0,0.9600000000000001,Favourable,0.6284961209297181,62.84961209297181,598
COc1ccc(CNc2nc(NC3CC3)nc3ccccc23)cc1OC,CHEMBL4097374,5.08,nM,8300.0,uM,8.3,5.080921907623926,Low Activity,True,350.4220000000001,3.833400000000002,68.3,2,6,7,4,0,Pass,5.1798577,1.0,1.0,1.0,1.0,Favourable,0.34958678,0.897767398252352,0.6696817623324326,66.96817623324326,c1ccc(CNc2nc(NC3CC3)nc3ccccc23)cc1,0.3,26,3,2,6,1.0,High Suitability,0.8,1.0,0.9600000000000001,Favourable,0.6282727376222611,62.82727376222611,599
O=S(=O)(N1CC[C@]2(CCC[C@@]3(S(=O)(=O)c4ccc(Cl)cc4)c4c(F)ccc(F)c4OC[C@@H]23)C1)C(F)(F)F,CHEMBL3629743,7.63,nM,23.3,nM,23.3,7.632644078973981,Highly Active,True,586.0000000000002,5.021600000000004,80.75000000000001,0,5,3,5,2,Fail,7.6817102,0.5,0.5,0.5,0.5,Unfavourable,0.7615646,0.897767398252352,0.650670676106923,65.06706761069229,O=S(=O)(c1ccccc1)C12CCCC3(CCNC3)C1COc1ccccc12,0.4782608695652174,37,2,0,6,0.55,Moderate Suitability,0.15000000000000002,0.6,0.45499999999999996,Unfavourable,0.6281105546951294,62.811055469512944,600
COc1ccc2c(c1)C(=O)c1nccc3cc4c(c-2c13)OCO4,CHEMBL389400,4.50,nM,31900.0,uM,31.9,4.496209316942819,Low Activity,True,305.2890000000001,3.183500000000002,57.650000000000006,0,5,1,5,0,Pass,5.1733313,1.0,1.0,1.0,1.0,Favourable,0.34851205,0.897767398252352,0.6691443966574601,66.914439665746,O=C1c2ccccc2-c2c3c(cc4ccnc1c24)OCO3,0.1111111111111111,23,3,0,5,1.0,High Suitability,0.8,1.0,0.9600000000000001,Favourable,0.6276816383600236,62.76816383600236,601
O=C(NO)c1ccc(Nc2c3ccccc3nc3ccccc23)cc1,CHEMBL4762873,5.52,nM,3000.0,uM,3.0,5.522878745280337,Low Activity,True,329.35900000000004,4.250600000000002,74.25,3,4,3,4,0,Pass,5.1731343,1.0,1.0,1.0,1.0,Favourable,0.34847963,0.897767398252352,0.6691281841940812,66.91281841940811,c1ccc(Nc2c3ccccc3nc3ccccc23)cc1,0.0,25,4,3,5,1.0,High Suitability,0.8,1.0,0.9600000000000001,Favourable,0.6276638016700745,62.766380167007455,602
O=C(C[C@@H]1CC[C@@]2(S(=O)(=O)c3ccc(C(F)(F)F)cc3)c3c(F)ccc(F)c3OC[C@H]2C1)NCC(F)(F)F,CHEMBL3659995,7.60,nM,25.0,nM,25.0,7.6020599913279625,Highly Active,True,571.4860000000003,5.530100000000004,72.47,1,4,5,4,2,Fail,7.6748004,0.5,0.5,0.5,0.5,Unfavourable,0.76042676,0.897767398252352,0.6501017497725419,65.01017497725418,O=S(=O)(c1ccccc1)C12CCCCC1COc1ccccc12,0.4583333333333333,38,2,1,5,0.55,Moderate Suitability,0.15000000000000002,0.6,0.45499999999999996,Unfavourable,0.6274847357273102,62.74847357273102,603
O=C(CCN1CCN(Cc2ccccc2)CC1)Nc1n[nH]c2ncccc12,CHEMBL5199487,4.88,nM,13270.0,uM,13.27,4.877129077135565,Low Activity,True,364.4530000000001,2.1042999999999994,77.15,2,5,6,4,0,Pass,5.015342,1.0,1.0,1.0,1.0,Favourable,0.32249612,0.897767398252352,0.6561364279932907,65.61364279932907,O=C(CCN1CCN(Cc2ccccc2)CC1)Nc1n[nH]c2ncccc12,0.35,27,3,2,7,1.0,High Suitability,1.0,1.0,1.0,Favourable,0.6273728728294372,62.73728728294372,604
COc1ccc(/C=C/c2cccc(/C=C/c3ccc(OC)c(N)c3)c2)cc1N,CHEMBL248132,6.52,nM,300.0,uM,0.3,6.522878745280337,Moderately Active,True,372.46800000000013,5.209000000000004,70.5,2,4,6,3,1,Pass,6.315204,0.75,0.75,0.75,0.75,Moderate,0.53654325,0.897767398252352,0.6506599949545792,65.06599949545792,C(=Cc1cccc(C=Cc2ccccc2)c1)c1ccccc1,0.08333333333333333,28,3,4,4,0.8,High Suitability,0.55,0.85,0.7350000000000001,Moderate,0.6273487815856933,62.73487815856933,605
O=C(CCN1CCOCC1)Nc1n[nH]c2ncccc12,CHEMBL5194732,5.67,nM,2126.0,uM,2.126,5.6724367398127225,Low Activity,True,275.312,0.6186999999999999,83.14,2,5,4,3,0,Pass,5.1661963,1.0,1.0,1.0,1.0,Favourable,0.34733713,0.897767398252352,0.6685569332785538,66.85569332785538,O=C(CCN1CCOCC1)Nc1n[nH]c2ncccc12,0.46153846153846156,20,2,2,7,0.8,High Suitability,1.0,1.0,0.9600000000000001,Favourable,0.62703541970253,62.703541970253,606
Cc1cc2nc3n(c(=O)c2cc1NCc1cc(F)ccc1O)CCC3,CHEMBL4856085,5.20,nM,6330.0,uM,6.33,5.198596289982644,Low Activity,True,339.3700000000002,3.107920000000002,67.15,2,4,3,4,0,Pass,5.163985,1.0,1.0,1.0,1.0,Favourable,0.346973,0.897767398252352,0.6683748708910874,66.83748708910873,O=c1c2cc(NCc3ccccc3)ccc2nc2n1CCC2,0.2631578947368421,25,3,2,5,1.0,High Suitability,0.8,1.0,0.9600000000000001,Favourable,0.6268351480960846,62.68351480960847,607
C[P@]1(=O)OC[C@]2(CCC[C@@]3(S(=O)(=O)c4ccc(Cl)cc4)c4c(F)ccc(F)c4OC[C@@H]23)CO1,CHEMBL3899794,8.02,nM,9.5,nM,9.5,8.022276394711152,Highly Active,True,518.9020000000003,5.336000000000004,78.9,0,6,2,5,2,Fail,7.6663423,0.5,0.5,0.5,0.5,Unfavourable,0.75903404,0.897767398252352,0.649405388707631,64.94053887076309,O=[PH]1OCC2(CCCC3(S(=O)(=O)c4ccccc4)c4ccccc4OCC23)CO1,0.45454545454545453,33,2,0,6,0.55,Moderate Suitability,0.15000000000000002,0.6,0.45499999999999996,Unfavourable,0.6267187266349793,62.67187266349793,608
C[P@]1(=O)OC[C@@]2(CCC[C@@]3(S(=O)(=O)c4ccc(Cl)cc4)c4c(F)ccc(F)c4OC[C@@H]23)CO1,CHEMBL3936795,6.38,nM,421.0,nM,421.0,6.375717904164332,Moderately Active,True,518.9020000000003,5.336000000000004,78.9,0,6,2,5,2,Fail,7.6663423,0.5,0.5,0.5,0.5,Unfavourable,0.75903404,0.897767398252352,0.649405388707631,64.94053887076309,O=[PH]1OCC2(CCCC3(S(=O)(=O)c4ccccc4)c4ccccc4OCC23)CO1,0.45454545454545453,33,2,0,6,0.55,Moderate Suitability,0.15000000000000002,0.6,0.45499999999999996,Unfavourable,0.6267187266349793,62.67187266349793,609
COc1ccc(C(=O)/C=C/c2ccc(C(=O)N3CCN(C)CC3)cc2)c(O)c1,CHEMBL2408099,5.66,nM,2200.0,uM,2.2,5.657577319177793,Low Activity,True,380.44400000000013,2.6845000000000008,70.08000000000001,1,5,5,3,0,Pass,5.0070796,1.0,1.0,1.0,1.0,Favourable,0.32113552,0.897767398252352,0.6554561303801468,65.54561303801468,O=C(C=Cc1ccc(C(=O)N2CCNCC2)cc1)c1ccccc1,0.2727272727272727,28,2,1,6,1.0,High Suitability,1.0,1.0,1.0,Favourable,0.6266245365142822,62.662453651428216,610
COc1ccc(C(=O)/C=C/c2ccc(C(=O)N3CCCCC3)cc2)c(O)c1,CHEMBL2408100,5.23,nM,5900.0,uM,5.9,5.229147988357855,Low Activity,True,365.42900000000014,3.9230000000000027,66.84,1,4,5,3,0,Pass,5.159455,1.0,1.0,1.0,1.0,Favourable,0.34622705,0.897767398252352,0.6680018948264054,66.80018948264053,O=C(C=Cc1ccc(C(=O)N2CCCCC2)cc1)c1ccccc1,0.2727272727272727,27,2,1,5,1.0,High Suitability,0.8,1.0,0.9600000000000001,Favourable,0.6264248744249344,62.64248744249345,611
COc1cc(/C=C/C(=O)OCc2cn(-c3ccc(Oc4ccccc4)cc3)nn2)ccc1O,CHEMBL5596846,4.85,nM,14130.0,uM,14.13,4.849857838151442,Low Activity,True,443.4590000000001,4.530400000000004,95.7,1,7,8,4,0,Pass,5.8161926,1.0,0.7,1.0,0.9099999999999999,Favourable,0.45437145,0.897767398252352,0.695074096078389,69.5074096078389,O=C(C=Cc1ccccc1)OCc1cn(-c2ccc(Oc3ccccc3)cc2)nn1,0.08,33,4,1,8,0.65,Moderate Suitability,0.6000000000000001,1.0,0.79,Moderate,0.6264043047428131,62.6404304742813,612
COc1ccc(C(=O)/C=C/c2ccc(C(=O)N3CCOCC3)cc2)c(O)c1,CHEMBL2408101,5.50,nM,3200.0,uM,3.2,5.494850021680094,Low Activity,True,367.4010000000001,2.769300000000001,76.07000000000001,1,5,5,3,0,Pass,4.9967117,1.0,1.0,1.0,1.0,Favourable,0.31942827,0.897767398252352,0.6546025024599961,65.4602502459996,O=C(C=Cc1ccc(C(=O)N2CCOCC2)cc1)c1ccccc1,0.23809523809523808,27,2,1,6,1.0,High Suitability,1.0,1.0,1.0,Favourable,0.6256855547428131,62.568555474281304,613
C=CCSC(=O)/C=C/c1ccc(O)c(O)c1,CHEMBL5570318,4.90,nM,12500.0,uM,12.5,4.903089986991944,Low Activity,True,236.29199999999997,2.5568000000000017,57.53,2,4,4,1,0,Pass,4.9954205,1.0,1.0,1.0,1.0,Favourable,0.31921566,0.897767398252352,0.6544961975760392,65.44961975760391,c1ccccc1,0.08333333333333333,16,1,2,3,1.0,High Suitability,1.0,1.0,1.0,Favourable,0.6255686104297637,62.55686104297637,614
CCN(CC)CCCOc1ccc(-n2ccc(=O)c(O)c2C)cc1,CHEMBL4462662,4.76,nM,17230.0,uM,17.23,4.763714722551971,Low Activity,True,330.4280000000001,2.962220000000001,54.7,1,4,8,2,0,Pass,4.9942484,1.0,1.0,1.0,1.0,Favourable,0.31902266,0.897767398252352,0.6543996976561478,65.43996976561478,O=c1ccn(-c2ccccc2)cc1,0.42105263157894735,24,2,1,5,1.0,High Suitability,1.0,1.0,1.0,Favourable,0.62546246945858,62.546246945857995,615
O=C(NO)c1ccc(Nc2c3ccccc3nc3ccc(F)cc23)cc1,CHEMBL4757035,,nM,20000.0,uM,20.0,4.698970004336019,Low Activity,True,347.34900000000005,4.389700000000002,74.25,3,4,3,4,0,Pass,5.1364574,1.0,1.0,1.0,1.0,Favourable,0.34244007,0.897767398252352,0.6661084042735032,66.61084042735031,c1ccc(Nc2c3ccccc3nc3ccccc23)cc1,0.0,26,4,3,5,1.0,High Suitability,0.8,1.0,0.9600000000000001,Favourable,0.624342034816742,62.4342034816742,616
CN(C)c1cccc(Oc2cnc(Nc3cccc(O)c3)nc2)c1,CHEMBL2386874,4.00,nM,100000.0,uM,100.0,4.0,Low Activity,True,322.368,3.7841000000000022,70.51,2,6,5,3,0,Pass,5.1347976,1.0,1.0,1.0,1.0,Favourable,0.34216672,0.897767398252352,0.6659717308230332,66.59717308230331,c1ccc(Nc2ncc(Oc3ccccc3)cn2)cc1,0.1111111111111111,24,3,2,6,1.0,High Suitability,0.8,1.0,0.9600000000000001,Favourable,0.6241916970014573,62.41916970014573,617
O=c1cc(/C=C/c2ccccc2O)occ1O,CHEMBL4284208,5.08,nM,8290.0,uM,8.29,5.081445469449727,Low Activity,True,230.219,2.2214000000000005,70.67,2,4,2,2,0,Pass,4.9752574,1.0,1.0,1.0,1.0,Favourable,0.31589538,0.897767398252352,0.6528360592074326,65.28360592074326,O=c1ccoc(C=Cc2ccccc2)c1,0.0,17,2,2,4,1.0,High Suitability,1.0,1.0,1.0,Favourable,0.6237424582242965,62.37424582242965,618
CN(C)c1ccccc1CNc1ccc(/C=C/c2cc(O)cc(O)c2)cc1,CHEMBL2402161,4.85,nM,14160.0,uM,14.16,4.84893674664625,Low Activity,True,360.45700000000005,4.946300000000006,55.730000000000004,3,4,6,3,0,Pass,5.1253324,1.0,1.0,1.0,1.0,Favourable,0.34060812,0.897767398252352,0.6651924298949173,66.51924298949173,C(=Cc1ccc(NCc2ccccc2)cc1)c1ccccc1,0.13043478260869565,27,3,3,4,1.0,High Suitability,0.8,1.0,0.9600000000000001,Favourable,0.6233344630002976,62.33344630002976,619
O=c1cc(/C=C/c2ccc(O)cc2)occ1O,CHEMBL4287929,5.14,nM,7200.0,uM,7.2,5.142667503568731,Low Activity,True,230.219,2.2214000000000005,70.67,2,4,2,2,0,Pass,4.9622016,1.0,1.0,1.0,1.0,Favourable,0.3137455,0.897767398252352,0.6517611192412308,65.17611192412308,O=c1ccoc(C=Cc2ccccc2)c1,0.0,17,2,2,4,1.0,High Suitability,1.0,1.0,1.0,Favourable,0.6225600212812423,62.25600212812423,620
O=C(CN1CCN(Cc2ccccc2)CC1)Nc1n[nH]c2ncccc12,CHEMBL5174183,5.25,nM,5671.0,uM,5.671,5.246340352714001,Low Activity,True,350.42600000000004,1.714199999999999,77.15,2,5,5,4,0,Pass,4.9608426,1.0,1.0,1.0,1.0,Favourable,0.31352174,0.897767398252352,0.6516492413229874,65.16492413229874,O=C(CN1CCN(Cc2ccccc2)CC1)Nc1n[nH]c2ncccc12,0.3157894736842105,26,3,2,7,1.0,High Suitability,1.0,1.0,1.0,Favourable,0.6224369674921035,62.24369674921035,621
Oc1ccc(-c2cccc(-c3ccc(O)c(O)c3)c2)cc1O,CHEMBL2337293,5.43,nM,3700.0,uM,3.7,5.431798275933005,Low Activity,True,294.30600000000004,3.843000000000002,80.92,4,4,2,3,0,Pass,5.424553,1.0,0.8,1.0,0.94,Favourable,0.38988048,0.897767398252352,0.6718286091036728,67.18286091036728,c1ccc(-c2cccc(-c3ccccc3)c2)cc1,0.0,22,3,4,4,0.8,High Suitability,0.8,1.0,0.8800000000000001,Favourable,0.6224342660903931,62.24342660903931,622
COc1ccc(CC(=O)Nc2nc(-c3ccccc3)cs2)cc1,CHEMBL3751854,4.97,nM,10600.0,uM,10.6,4.97469413473523,Low Activity,True,324.40500000000003,3.999900000000003,51.22,1,4,5,3,0,Pass,5.113145,1.0,1.0,1.0,1.0,Favourable,0.33860123,0.897767398252352,0.6641889857001236,66.41889857001236,O=C(Cc1ccccc1)Nc1nc(-c2ccccc2)cs1,0.1111111111111111,23,3,1,4,1.0,High Suitability,0.8,1.0,0.9600000000000001,Favourable,0.6222306743860245,62.223067438602456,623
COc1ccc(CCNc2nc(O)nc3ccccc23)cc1OC,CHEMBL4100806,4.98,nM,10400.0,uM,10.4,4.982966660701219,Low Activity,True,325.3680000000001,3.007200000000001,76.5,2,6,6,3,0,Pass,5.109767,1.0,1.0,1.0,1.0,Favourable,0.338045,0.897767398252352,0.6639108704276017,66.39108704276016,c1ccc(CCNc2ncnc3ccccc23)cc1,0.2222222222222222,24,3,2,6,1.0,High Suitability,0.8,1.0,0.9600000000000001,Favourable,0.6219247535467148,62.19247535467149,624
Cc1cc2nc3n(c(=O)c2cc1NCc1cc(Br)ccc1O)CCC3,CHEMBL4853059,5.13,nM,7370.0,uM,7.37,5.132532512140949,Low Activity,True,400.2760000000002,3.731320000000002,67.15,2,4,3,4,0,Pass,5.263789,1.0,1.0,1.0,1.0,Favourable,0.36340767,0.897767398252352,0.6765922056384018,67.65922056384018,O=c1c2cc(NCc3ccccc3)ccc2nc2n1CCC2,0.2631578947368421,25,3,2,5,1.0,High Suitability,0.6000000000000001,1.0,0.92,Favourable,0.621874222278595,62.1874222278595,625
CC1=NC2(N=C1N)c1cc(-c3cncc(Cl)c3)ccc1CC21CCC(C(F)F)CC1,CHEMBL3657445,6.13,nM,748.0,nM,748.0,6.126098402135538,Moderately Active,True,428.91400000000027,5.384300000000004,63.629999999999995,1,4,2,5,1,Pass,6.4068284,0.75,0.75,0.75,0.75,Moderate,0.551631,0.897767398252352,0.6582038568205765,65.82038568205765,C1=NC2(N=C1)c1cc(-c3cccnc3)ccc1CC21CCCCC1,0.43478260869565216,30,2,2,4,0.8,High Suitability,0.35000000000000003,0.85,0.6950000000000001,Moderate,0.6216470296382903,62.16470296382903,626
O=S(=O)(Nc1ccc(N2CCCCC2)cc1)c1cc(Cl)sc1Cl,CHEMBL2179243,6.16,nM,700.0,uM,0.7,6.154901959985743,Moderately Active,True,391.345,4.846000000000004,49.410000000000004,1,4,4,3,0,Pass,5.083342,1.0,1.0,1.0,1.0,Favourable,0.33369362,0.897767398252352,0.6617351816840104,66.17351816840103,O=S(=O)(Nc1ccc(N2CCCCC2)cc1)c1ccsc1,0.3333333333333333,23,2,1,4,1.0,High Suitability,0.8,1.0,0.9600000000000001,Favourable,0.6195314929485322,61.95314929485322,627
COc1cc(O)ccc1/C=C/C(=O)CC(=O)/C=C/c1ccc(O)cc1OC,CHEMBL3942680,5.34,nM,4600.0,uM,4.6,5.337242168318426,Low Activity,True,368.3850000000001,3.369900000000002,93.06,2,6,8,2,0,Pass,5.581466,1.0,0.7,1.0,0.9099999999999999,Favourable,0.41571927,0.897767398252352,0.6757480052657059,67.57480052657058,O=C(C=Cc1ccccc1)CC(=O)C=Cc1ccccc1,0.14285714285714285,27,2,2,6,0.65,Moderate Suitability,0.8,1.0,0.8300000000000001,Favourable,0.6191456078290939,61.91456078290939,628
COc1ccccc1/C=C/c1cc(=O)c(O)cn1C,CHEMBL4086825,4.90,nM,12480.0,uM,12.48,4.903785414653595,Low Activity,True,257.289,2.2699,51.46,1,3,3,2,0,Pass,4.9241376,1.0,1.0,1.0,1.0,Favourable,0.30747753,0.897767398252352,0.6486271368212632,64.86271368212631,O=c1cc[nH]c(C=Cc2ccccc2)c1,0.13333333333333333,19,2,1,4,1.0,High Suitability,1.0,1.0,1.0,Favourable,0.6191126525402069,61.911265254020684,629
COc1ccc(C(=O)/C=C/c2ccc(C(=O)N3CCCC3)cc2)c(O)c1,CHEMBL2408098,4.84,nM,14600.0,uM,14.6,4.835647144215563,Low Activity,True,351.4020000000001,3.5329000000000024,66.84,1,4,5,3,0,Pass,5.066299,1.0,1.0,1.0,1.0,Favourable,0.33088714,0.897767398252352,0.6603319393343857,66.03319393343857,O=C(C=Cc1ccc(C(=O)N2CCCC2)cc1)c1ccccc1,0.23809523809523808,26,2,1,5,1.0,High Suitability,0.8,1.0,0.9600000000000001,Favourable,0.6179879263639451,61.79879263639451,630
COc1ccc(CCNc2nc(N)nc3ccccc23)cc1OC,CHEMBL4071318,5.57,nM,2700.0,uM,2.7,5.568636235841012,Low Activity,True,324.3840000000001,2.883800000000001,82.29,2,6,6,3,0,Pass,4.911561,1.0,1.0,1.0,1.0,Favourable,0.30540657,0.897767398252352,0.6475916551299027,64.75916551299026,c1ccc(CCNc2ncnc3ccccc23)cc1,0.2222222222222222,24,3,3,6,1.0,High Suitability,1.0,1.0,1.0,Favourable,0.6179736226797103,61.79736226797103,631
COc1ccc(C(=O)/C=C/c2ccc(C(=O)Nc3ccccc3OC)cc2)c(O)c1,CHEMBL2408263,5.14,nM,7300.0,uM,7.3,5.136677139879544,Low Activity,True,403.43400000000014,4.557800000000004,84.86000000000001,2,5,7,3,0,Pass,5.2203927,1.0,1.0,1.0,1.0,Favourable,0.3562616,0.897767398252352,0.6730191754050187,67.30191754050186,O=C(C=Cc1ccc(C(=O)Nc2ccccc2)cc1)c1ccccc1,0.08333333333333333,30,3,2,6,1.0,High Suitability,0.6000000000000001,1.0,0.92,Favourable,0.6179438920021058,61.794389200210574,632
CC12CC[C@@H](C1)C(C)(C)[C@@H]2NS(=O)(=O)c1ccc(Br)cc1,CHEMBL75183,5.00,nM,10000.0,uM,10.0,5.0,Low Activity,True,372.32800000000003,3.9422000000000033,46.17,1,2,3,3,0,Pass,5.0626483,1.0,1.0,1.0,1.0,Favourable,0.33028597,0.897767398252352,0.6600313531107834,66.00313531107834,O=S(=O)(NC1CC2CCC1C2)c1ccccc1,0.625,21,1,1,3,1.0,High Suitability,0.8,1.0,0.9600000000000001,Favourable,0.6176572844982148,61.76572844982148,633
COc1ccc(CNc2nc(N)nc3ccccc23)cc1OC,CHEMBL4097449,5.08,nM,8400.0,uM,8.4,5.075720713938118,Low Activity,True,310.3570000000001,2.8413000000000013,82.29,2,6,5,3,0,Pass,4.90221,1.0,1.0,1.0,1.0,Favourable,0.3038668,0.897767398252352,0.6468217717356614,64.68217717356613,c1ccc(CNc2ncnc3ccccc23)cc1,0.17647058823529413,23,3,3,6,1.0,High Suitability,1.0,1.0,1.0,Favourable,0.6171267449855804,61.71267449855804,634
Oc1ccc(-c2ccccc2-c2ccc(O)c(O)c2)cc1O,CHEMBL2337290,5.57,nM,2700.0,uM,2.7,5.568636235841012,Low Activity,True,294.30600000000004,3.843000000000002,80.92,4,4,2,3,0,Pass,5.358327,1.0,0.8,1.0,0.94,Favourable,0.3789751,0.897767398252352,0.6663759165949753,66.63759165949753,c1ccc(-c2ccccc2-c2ccccc2)cc1,0.0,22,3,4,4,0.8,High Suitability,0.8,1.0,0.8800000000000001,Favourable,0.6164363102912903,61.64363102912903,635
Clc1nc(NCCc2ccccc2)c2ccccc2n1,CHEMBL4065718,5.30,nM,5000.0,uM,5.0,5.301029995663981,Low Activity,True,283.76200000000006,3.937800000000002,37.81,1,3,4,3,0,Pass,5.0405145,1.0,1.0,1.0,1.0,Favourable,0.3266412,0.897767398252352,0.6582089708990982,65.82089708990982,c1ccc(CCNc2ncnc3ccccc23)cc1,0.125,20,3,1,3,1.0,High Suitability,0.8,1.0,0.9600000000000001,Favourable,0.6156526610851288,61.56526610851289,636
CCN1/C(=C/C=C/c2sc3ccccc3[n+]2CC)Sc2ccccc21.[I-],CHEMBL81782,5.48,nM,3300.0,uM,3.3,5.481486060122112,Low Activity,True,492.451,2.6995000000000013,7.12,0,3,4,4,0,Pass,5.4267416,1.0,0.75,1.0,0.925,Favourable,0.3902409,0.897767398252352,0.6675088237471513,66.75088237471513,C(=Cc1[nH+]c2ccccc2s1)C=C1Nc2ccccc2S1,0.19047619047619047,26,3,0,2,0.75,High Suitability,0.8,1.0,0.8600000000000001,Favourable,0.6156325111389159,61.563251113891596,637
COc1ccc(-c2ccc(N3N=C(C)CC3=O)cc2)cc1,CHEMBL3741268,5.47,nM,3400.0,uM,3.4,5.468521082957745,Low Activity,True,280.32699999999994,3.474800000000002,41.9,0,3,3,3,0,Pass,5.0323586,1.0,1.0,1.0,1.0,Favourable,0.3252982,0.897767398252352,0.6575374649710587,65.75374649710587,O=C1CC=NN1c1ccc(-c2ccccc2)cc1,0.17647058823529413,21,2,0,4,1.0,High Suitability,0.8,1.0,0.9600000000000001,Favourable,0.6149140105247498,61.491401052474984,638
Nc1nc(NCc2ccc(F)cc2)nc2ccccc12,CHEMBL3814189,,nM,25000.0,uM,25.0,4.6020599913279625,Low Activity,True,268.295,2.9632000000000014,63.83,2,4,3,3,0,Pass,4.8770356,1.0,1.0,1.0,1.0,Favourable,0.2997213,0.897767398252352,0.6447490202135971,64.47490202135971,c1ccc(CNc2ncc3ccccc3n2)cc1,0.06666666666666667,20,3,3,4,1.0,High Suitability,1.0,1.0,1.0,Favourable,0.6148467183113098,61.484671831130974,639
Nc1nc(NCc2cccc(F)c2)nc2ccccc12,CHEMBL3813837,4.83,nM,14700.0,uM,14.7,4.8326826652518236,Low Activity,True,268.295,2.9632000000000014,63.83,2,4,3,3,0,Pass,4.8770356,1.0,1.0,1.0,1.0,Favourable,0.2997213,0.897767398252352,0.6447490202135971,64.47490202135971,c1ccc(CNc2ncc3ccccc3n2)cc1,0.06666666666666667,20,3,3,4,1.0,High Suitability,1.0,1.0,1.0,Favourable,0.6148467183113098,61.484671831130974,640
COc1ccc(CCNc2nc(Cl)nc3ccccc23)cc1OC,CHEMBL4087140,5.09,nM,8200.0,uM,8.2,5.086186147616283,Low Activity,True,343.81400000000014,3.9550000000000027,56.269999999999996,1,5,6,3,0,Pass,5.02975,1.0,1.0,1.0,1.0,Favourable,0.32486862,0.897767398252352,0.6573226796336106,65.73226796336105,c1ccc(CCNc2ncnc3ccccc23)cc1,0.2222222222222222,24,3,1,5,1.0,High Suitability,0.8,1.0,0.9600000000000001,Favourable,0.6146777377128602,61.46777377128602,641
O=C(NO)c1ccc(Nc2c3c(nc4ccccc24)CCCC3)cc1,CHEMBL4799871,,nM,20000.0,uM,20.0,4.698970004336019,Low Activity,True,333.3910000000002,3.976200000000003,74.25,3,4,3,4,0,Pass,5.0255933,1.0,1.0,1.0,1.0,Favourable,0.32418418,0.897767398252352,0.6569804595656327,65.69804595656326,c1ccc(Nc2c3c(nc4ccccc24)CCCC3)cc1,0.2,25,3,3,5,1.0,High Suitability,0.8,1.0,0.9600000000000001,Favourable,0.6143013045787812,61.43013045787812,642
Nc1nc(NCc2ccccc2)nc2ccccc12,CHEMBL3814134,5.08,nM,8400.0,uM,8.4,5.075720713938118,Low Activity,True,250.305,2.8241000000000014,63.83,2,4,3,3,0,Pass,4.868986,1.0,1.0,1.0,1.0,Favourable,0.2983958,0.897767398252352,0.6440862761683396,64.40862761683395,c1ccc(CNc2ncc3ccccc3n2)cc1,0.06666666666666667,19,3,3,4,1.0,High Suitability,1.0,1.0,1.0,Favourable,0.614117693901062,61.411769390106194,643
Nc1nc(NCCc2ccccc2)nc2ccccc12,CHEMBL3814610,,nM,25000.0,uM,25.0,4.6020599913279625,Low Activity,True,264.33200000000005,2.866600000000002,63.83,2,4,4,3,0,Pass,4.8676214,1.0,1.0,1.0,1.0,Favourable,0.2981711,0.897767398252352,0.643973921412938,64.39739214129379,c1ccc(CCNc2ncc3ccccc3n2)cc1,0.125,20,3,3,4,1.0,High Suitability,1.0,1.0,1.0,Favourable,0.6139941036701202,61.39941036701202,644
COc1ccccc1/C=C/c1cc(=O)c(O)c[nH]1,CHEMBL4070599,4.78,nM,16500.0,uM,16.5,4.782516055786093,Low Activity,True,243.262,2.259499999999999,62.32,2,3,3,2,0,Pass,4.8657618,1.0,1.0,1.0,1.0,Favourable,0.29786485,0.897767398252352,0.64382079708051,64.382079708051,O=c1cc[nH]c(C=Cc2ccccc2)c1,0.07142857142857142,18,2,2,4,1.0,High Suitability,1.0,1.0,1.0,Favourable,0.6138256758451461,61.38256758451461,645
O=C(OC[C@H]1CCC[C@@H](c2ccccc2)N1S(=O)(=O)c1ccc(Cl)cc1)N1CCC(N2CCCCC2)CC1,CHEMBL396543,7.80,nM,16.0,nM,16.0,7.795880017344075,Highly Active,True,560.1600000000001,5.711400000000006,70.16,0,5,6,5,2,Fail,7.5236382,0.5,0.5,0.5,0.5,Unfavourable,0.735535,0.897767398252352,0.6376558827109269,63.76558827109269,O=C(OCC1CCCC(c2ccccc2)N1S(=O)(=O)c1ccccc1)N1CCC(N2CCCCC2)CC1,0.5517241379310345,38,2,0,7,0.55,Moderate Suitability,0.15000000000000002,0.6,0.45499999999999996,Unfavourable,0.6137942640781403,61.37942640781403,646
Cc1ccc2nc3c(c(NCCN4CCOCC4)c2c1)CCCC3,CHEMBL5199187,4.82,nM,15040.0,uM,15.04,4.822752163744377,Low Activity,True,325.45600000000013,3.166120000000002,37.39,1,4,4,4,0,Pass,5.019415,1.0,1.0,1.0,1.0,Favourable,0.3231668,0.897767398252352,0.6564717637247971,65.6471763724797,c1ccc2c(NCCN3CCOCC3)c3c(nc2c1)CCCC3,0.55,24,2,1,4,1.0,High Suitability,0.8,1.0,0.9600000000000001,Favourable,0.6137417361736298,61.374173617362985,647
Nc1nc(NCc2ccc(C(F)(F)F)cc2)nc2ccccc12,CHEMBL3814611,5.28,nM,5300.0,uM,5.3,5.275724130399211,Low Activity,True,318.30199999999996,3.842900000000001,63.83,2,4,3,3,0,Pass,5.019053,1.0,1.0,1.0,1.0,Favourable,0.32310718,0.897767398252352,0.6564419614024094,65.64419614024094,c1ccc(CNc2ncc3ccccc3n2)cc1,0.125,23,3,3,4,1.0,High Suitability,0.8,1.0,0.9600000000000001,Favourable,0.6137089536190034,61.37089536190034,648
CCO[C@@H]([C@H]1C[C@@H](C)[C@H]2[C@H](O1)[C@H](O)[C@@]1(C)[C@@H]3CC[C@H]4C(C)(C)[C@@H](O[C@H]5CN(CC6CN(CCO)C6)CCO5)CC[C@@]45C[C@@]35CC[C@]21C)C(C)(C)O,CHEMBL3403827,6.92,nM,120.0,nM,120.0,6.920818753952375,Moderately Active,True,717.0449999999998,4.943400000000007,104.09000000000002,3,9,10,8,1,Pass,6.8773546,0.75,0.44999999999999996,0.75,0.66,Moderate,0.6291121,0.897767398252352,0.6699444321341447,66.99444321341447,C1COC2CC3C(CCC45CC46CCC(OC4CN(CC7CNC7)CCO4)CC6CCC35)C2C1,1.0,51,0,3,9,0.4,Low Suitability,0.4000000000000001,0.75,0.55,Unfavourable,0.6135116684436799,61.35116684436799,649
CC(C)Nc1nc(N)nc2ccccc12,CHEMBL3814965,4.99,nM,10200.0,uM,10.2,4.991399828238082,Low Activity,True,202.26100000000002,2.0322999999999998,63.83,2,4,2,2,0,Pass,4.862133,1.0,1.0,1.0,1.0,Favourable,0.29726732,0.897767398252352,0.6435220287985733,64.35220287985733,c1ccc2ncncc2c1,0.2727272727272727,15,2,3,4,1.0,High Suitability,1.0,1.0,1.0,Favourable,0.6134970307350158,61.34970307350158,650
CC(C)Nc1nc(N)c2ccccc2n1,CHEMBL3815140,,nM,25000.0,uM,25.0,4.6020599913279625,Low Activity,True,202.26100000000002,2.0322999999999998,63.83,2,4,2,2,0,Pass,4.859837,1.0,1.0,1.0,1.0,Favourable,0.29688925,0.897767398252352,0.6433329926676682,64.33329926676682,c1ccc2ncncc2c1,0.2727272727272727,15,2,3,4,1.0,High Suitability,1.0,1.0,1.0,Favourable,0.6132890850305557,61.328908503055565,651
Nc1nc(NCc2ccc(Cl)cc2)nc2ccccc12,CHEMBL3815148,5.09,nM,8100.0,uM,8.1,5.0915149811213505,Low Activity,True,284.75,3.477500000000002,63.83,2,4,3,3,0,Pass,5.013982,1.0,1.0,1.0,1.0,Favourable,0.32227212,0.897767398252352,0.6560244308657578,65.60244308657578,c1ccc(CNc2ncc3ccccc3n2)cc1,0.06666666666666667,20,3,3,4,1.0,High Suitability,0.8,1.0,0.9600000000000001,Favourable,0.6132496700286866,61.32496700286866,652
COc1ccc(C(=O)/C=C/c2ccc(OCc3ccccc3)cc2)c(O)c1,CHEMBL2408093,5.11,nM,7800.0,uM,7.8,5.107905397309519,Low Activity,True,360.40900000000005,4.875900000000004,55.760000000000005,1,4,7,3,0,Pass,5.011995,1.0,1.0,1.0,1.0,Favourable,0.32194495,0.897767398252352,0.6558608459181717,65.58608459181717,O=C(C=Cc1ccc(OCc2ccccc2)cc1)c1ccccc1,0.08695652173913043,27,3,1,4,1.0,High Suitability,0.8,1.0,0.9600000000000001,Favourable,0.6130697236061097,61.30697236061097,653
COc1ccc(C(=O)/C=C/c2ccc(C(=O)N(C)c3ccccc3)cc2)c(O)c1,CHEMBL2408261,4.70,nM,20100.0,uM,20.1,4.696803942579511,Low Activity,True,387.43500000000006,4.573500000000004,66.84,1,4,6,3,0,Pass,5.0116277,1.0,1.0,1.0,1.0,Favourable,0.32188445,0.897767398252352,0.6558305965609482,65.58305965609482,O=C(C=Cc1ccc(C(=O)Nc2ccccc2)cc1)c1ccccc1,0.08333333333333333,29,3,1,5,1.0,High Suitability,0.8,1.0,0.9600000000000001,Favourable,0.6130364493131638,61.303644931316384,654
Cc1cc2nc3n(c(=O)c2cc1NCc1cccc(Br)c1O)CCC3,CHEMBL4879281,5.03,nM,9270.0,uM,9.27,5.032920265855503,Low Activity,True,400.2760000000002,3.731320000000002,67.15,2,4,3,4,0,Pass,5.1609316,1.0,1.0,1.0,1.0,Favourable,0.34647024,0.897767398252352,0.6681234883017472,66.81234883017471,O=c1c2cc(NCc3ccccc3)ccc2nc2n1CCC2,0.2631578947368421,25,3,2,5,1.0,High Suitability,0.6000000000000001,1.0,0.92,Favourable,0.6125586272478104,61.25586272478104,655
Clc1nc(NCc2ccccc2)c2ccccc2n1,CHEMBL118193,4.78,nM,16700.0,uM,16.7,4.777283528852417,Low Activity,True,269.735,3.8953000000000024,37.81,1,3,3,3,0,Pass,5.005222,1.0,1.0,1.0,1.0,Favourable,0.32082963,0.897767398252352,0.6553031848616532,65.53031848616531,c1ccc(CNc2ncnc3ccccc23)cc1,0.06666666666666667,19,3,1,3,1.0,High Suitability,0.8,1.0,0.9600000000000001,Favourable,0.6124563024044037,61.24563024044038,656
O=C(/C=C/c1ccc(O)c(O)c1)c1cccnc1,CHEMBL4166095,5.05,nM,9000.0,uM,9.0,5.045757490560675,Low Activity,True,241.246,2.3888999999999996,70.42,2,4,3,2,0,Pass,4.849033,1.0,1.0,1.0,1.0,Favourable,0.2951101,0.897767398252352,0.6424434231467179,64.24434231467178,O=C(C=Cc1ccccc1)c1cccnc1,0.0,18,2,2,4,1.0,High Suitability,1.0,1.0,1.0,Favourable,0.6123105555772781,61.23105555772781,657
CN1CCCC1CCNC(=O)OC[C@H]1CC[C@@H](c2ccccc2)N1S(=O)(=O)c1ccc(Cl)cc1,CHEMBL395313,6.22,nM,600.0,nM,600.0,6.221848749616356,Moderately Active,True,506.0680000000001,4.444900000000004,78.95000000000002,1,5,8,4,1,Pass,6.3617034,0.75,0.75,0.75,0.75,Moderate,0.5442003,0.897767398252352,0.654488520497792,65.4488520497792,O=C(NCCC1CCCN1)OCC1CCC(c2ccccc2)N1S(=O)(=O)c1ccccc1,0.48,34,2,1,7,0.75,High Suitability,0.4000000000000001,0.75,0.6800000000000002,Moderate,0.6123101775646209,61.231017756462094,658
COc1ccc(C(=O)/C=C/c2cc(OC)c(OC)cc2OC)c(O)c1,CHEMBL258752,4.99,nM,10200.0,uM,10.2,4.991399828238082,Low Activity,True,344.36300000000006,3.322700000000002,74.22000000000001,1,6,7,2,0,Pass,5.002633,1.0,1.0,1.0,1.0,Favourable,0.32040334,0.897767398252352,0.6550900386519364,65.50900386519363,O=C(C=Cc1ccccc1)c1ccccc1,0.21052631578947367,25,2,1,6,1.0,High Suitability,0.8,1.0,0.9600000000000001,Favourable,0.6122218326330185,61.22218326330186,659
C[C@]1(c2nc(NC(=O)c3ncc(OCC(F)F)nc3N)ccc2F)N=C(N)OCC1(F)F,CHEMBL2386725,6.36,nM,440.0,nM,440.0,6.356547323513812,Moderately Active,True,461.35100000000017,1.6844999999999999,150.63,3,9,6,3,0,Pass,6.343337,0.65,0.44999999999999996,1.0,0.6950000000000001,Moderate,0.54117584,0.897767398252352,0.6739762910551957,67.39762910551957,O=C(Nc1cccc(C2CCOC=N2)n1)c1cnccn1,0.35294117647058826,32,2,5,10,0.4,Low Suitability,0.8,0.8,0.6125,Moderate,0.6120217311382293,61.20217311382293,660
CCO[C@@H]([C@H]1C[C@@H](C)[C@H]2[C@H](O1)[C@H](O)[C@@]1(C)[C@@H]3CC[C@H]4C(C)(C)[C@@H](O[C@H]5CN(C6CNC6)CCO5)CC[C@@]45C[C@@]35CC[C@]21C)C(C)(C)O,CHEMBL2206993,7.00,nM,100.0,nM,100.0,7.0,Highly Active,True,658.965,4.991100000000006,92.65,3,8,7,8,1,Pass,6.8597836,0.75,0.44999999999999996,0.75,0.66,Moderate,0.6262187,0.897767398252352,0.6684977081961564,66.84977081961564,C1COC2CC3C(CCC45CC46CCC(OC4CN(C7CNC7)CCO4)CC6CCC35)C2C1,1.0,47,0,3,8,0.4,Low Suitability,0.4000000000000001,0.75,0.55,Unfavourable,0.6119202840328217,61.19202840328217,661
Oc1ccc(/C=C/c2ccc(O)c3ncccc23)cc1,CHEMBL3621634,5.07,nM,8500.0,uM,8.5,5.070581074285707,Low Activity,True,263.296,3.8164000000000025,53.35,2,3,2,3,0,Pass,4.9935083,1.0,1.0,1.0,1.0,Favourable,0.31890076,0.897767398252352,0.654338751906865,65.43387519068649,C(=Cc1cccc2ncccc12)c1ccccc1,0.0,20,3,2,3,1.0,High Suitability,0.8,1.0,0.9600000000000001,Favourable,0.611395429134369,61.1395429134369,662
CN1CCCC1CCNC(=O)OCCC1CCc2ccccc2N1S(=O)(=O)c1ccc(Cl)cc1,CHEMBL231446,6.28,nM,530.0,nM,530.0,6.275724130399211,Moderately Active,True,506.0680000000001,4.450700000000004,78.95000000000002,1,5,8,4,1,Pass,6.3496723,0.75,0.75,0.75,0.75,Moderate,0.54221916,0.897767398252352,0.6534979509062698,65.34979509062698,O=C(NCCC1CCCN1)OCCC1CCc2ccccc2N1S(=O)(=O)c1ccccc1,0.48,34,2,1,7,0.75,High Suitability,0.4000000000000001,0.75,0.6800000000000002,Moderate,0.611220545053482,61.1220545053482,663
CC1=NN(c2ccc(-c3cccnc3)cc2)C(=O)C1,CHEMBL3742091,4.84,nM,14500.0,uM,14.5,4.838631997765025,Low Activity,True,251.289,2.861200000000001,45.56,0,3,2,3,0,Pass,4.8326917,1.0,1.0,1.0,1.0,Favourable,0.29241925,0.897767398252352,0.6410979973025254,64.10979973025253,O=C1CC=NN1c1ccc(-c2cccnc2)cc1,0.13333333333333333,19,2,0,4,1.0,High Suitability,1.0,1.0,1.0,Favourable,0.6108305871486663,61.08305871486663,664
CCC[C@H](C(N)=O)[C@@H](CC(C)C)C(=O)N[C@H]1CCCCN(Cc2cccc(Nc3ccccc3)c2)C1=O,CHEMBL205907,7.82,nM,15.0,nM,15.0,7.823908740944319,Highly Active,True,506.69100000000026,4.991400000000003,104.53,3,4,12,3,1,Pass,7.1063957,0.6,0.44999999999999996,0.75,0.6,Moderate,0.66682804,0.897767398252352,0.6708023880667618,67.08023880667618,O=C1CCCCCN1Cc1cccc(Nc2ccccc2)c1,0.5,37,2,4,7,0.4,Low Suitability,0.4000000000000001,0.55,0.48250000000000004,Unfavourable,0.6106304259300233,61.06304259300232,665
COc1ccc(C(=O)/C=C/c2ccc(C(=O)NCc3ccccc3)cc2)c(O)c1,CHEMBL2408106,4.72,nM,18900.0,uM,18.9,4.723538195826756,Low Activity,True,387.43500000000006,4.226900000000004,75.63000000000001,2,4,7,3,0,Pass,4.9827404,1.0,1.0,1.0,1.0,Favourable,0.31712765,0.897767398252352,0.6534521924204758,65.34521924204758,O=C(C=Cc1ccc(C(=O)NCc2ccccc2)cc1)c1ccccc1,0.08333333333333333,29,3,2,5,1.0,High Suitability,0.8,1.0,0.9600000000000001,Favourable,0.6104202077388764,61.04202077388764,666
O=C(/C=C/c1ccc(F)cc1F)N1CCN(Cc2ccc(O)c3ncccc23)CC1,CHEMBL4227615,5.30,nM,5050.0,uM,5.05,5.296708621881338,Low Activity,True,409.43600000000015,3.576200000000002,56.67,1,4,4,4,0,Pass,5.135584,1.0,1.0,1.0,1.0,Favourable,0.34229624,0.897767398252352,0.6660364912695816,66.60364912695816,O=C(C=Cc1ccccc1)N1CCN(Cc2cccc3ncccc23)CC1,0.21739130434782608,30,3,1,5,1.0,High Suitability,0.6000000000000001,1.0,0.92,Favourable,0.610262939453125,61.0262939453125,667
Nc1nc(NCc2cccc(C(F)(F)F)c2)nc2ccccc12,CHEMBL3815150,4.86,nM,13800.0,uM,13.8,4.860120913598763,Low Activity,True,318.30199999999996,3.842900000000001,63.83,2,4,3,3,0,Pass,4.978136,1.0,1.0,1.0,1.0,Favourable,0.3163694,0.897767398252352,0.6530730770773819,65.30730770773819,c1ccc(CNc2ncc3ccccc3n2)cc1,0.125,23,3,3,4,1.0,High Suitability,0.8,1.0,0.9600000000000001,Favourable,0.6100031838417054,61.00031838417054,668
COc1cc(/C=C/CN2CCCCC2)ccc1OCc1ccccc1,CHEMBL4846673,4.97,nM,10640.0,uM,10.64,4.9730583720409705,Low Activity,True,337.463,4.773300000000004,21.700000000000003,0,3,7,3,0,Pass,4.975133,1.0,1.0,1.0,1.0,Favourable,0.31587493,0.897767398252352,0.6528258370108536,65.28258370108536,C(=Cc1ccc(OCc2ccccc2)cc1)CN1CCCCC1,0.36363636363636365,25,2,0,3,1.0,High Suitability,0.8,1.0,0.9600000000000001,Favourable,0.6097312227487565,60.97312227487565,669
CC1=NN(c2ccc(-c3ccccc3)cc2)C(=O)C1,CHEMBL3741909,5.25,nM,5600.0,uM,5.6,5.251811972993799,Low Activity,True,250.301,3.4662000000000024,32.67,0,2,2,3,0,Pass,4.9734144,1.0,1.0,1.0,1.0,Favourable,0.31559193,0.897767398252352,0.6526843355841568,65.26843355841568,O=C1CC=NN1c1ccc(-c2ccccc2)cc1,0.125,19,2,0,3,1.0,High Suitability,0.8,1.0,0.9600000000000001,Favourable,0.6095755652189255,60.957556521892556,670
N#Cc1ccc(/C=C/C(=O)N2CCN(Cc3ccc(O)c4ncccc34)CC2)cc1,CHEMBL4226505,4.77,nM,16810.0,uM,16.81,4.774432286560529,Low Activity,True,398.4660000000001,3.1696800000000014,80.46000000000001,1,5,4,4,0,Pass,4.972661,1.0,1.0,1.0,1.0,Favourable,0.31546783,0.897767398252352,0.6526222871489457,65.26222871489456,O=C(C=Cc1ccccc1)N1CCN(Cc2cccc3ncccc23)CC1,0.20833333333333334,30,3,1,6,1.0,High Suitability,0.8,1.0,0.9600000000000001,Favourable,0.6095073179006577,60.950731790065774,671
COc1cccc(CNc2nc(N)c3ccccc3n2)c1,CHEMBL3814324,,nM,25000.0,uM,25.0,4.6020599913279625,Low Activity,True,280.331,2.832700000000001,73.06,2,5,4,3,0,Pass,4.817796,1.0,1.0,1.0,1.0,Favourable,0.2899664,0.897767398252352,0.6398715721316269,63.987157213162696,c1ccc(CNc2ncc3ccccc3n2)cc1,0.125,21,3,3,5,1.0,High Suitability,1.0,1.0,1.0,Favourable,0.6094815254211425,60.94815254211425,672
CCOc1ccc(/C=C/c2cc(=O)c(O)cn2C)cc1,CHEMBL4097746,5.05,nM,8940.0,uM,8.94,5.048662481204082,Low Activity,True,271.316,2.660000000000001,51.46,1,3,4,2,0,Pass,4.812667,1.0,1.0,1.0,1.0,Favourable,0.28912175,0.897767398252352,0.6394492434210709,63.94492434210709,O=c1cc[nH]c(C=Cc2ccccc2)c1,0.1875,20,2,1,4,1.0,High Suitability,1.0,1.0,1.0,Favourable,0.6090169668197631,60.90169668197631,673
Nc1nc(NCCc2ccccc2)c2ccccc2n1,CHEMBL3814123,,nM,25000.0,uM,25.0,4.6020599913279625,Low Activity,True,264.332,2.866600000000001,63.83,2,4,4,3,0,Pass,4.811743,1.0,1.0,1.0,1.0,Favourable,0.28896958,0.897767398252352,0.6393731580920151,63.937315809201515,c1ccc(CCNc2ncnc3ccccc23)cc1,0.125,20,3,3,4,1.0,High Suitability,1.0,1.0,1.0,Favourable,0.6089332669973373,60.89332669973373,674
CCN(CC)CCCC(C)Nc1ccnc2cc(Cl)ccc12,CHEMBL76,5.16,nM,7000.0,uM,7.0,5.154901959985743,Low Activity,True,319.88000000000005,4.810600000000004,28.16,1,3,8,2,0,Pass,4.964154,1.0,1.0,1.0,1.0,Favourable,0.31406695,0.897767398252352,0.6519218431658677,65.19218431658676,c1ccc2ncccc2c1,0.5,22,2,1,3,1.0,High Suitability,0.8,1.0,0.9600000000000001,Favourable,0.6087368235588074,60.873682355880746,675
O=C(NCCCn1ccnc1)OCCCC1CCc2ccccc2N1S(=O)(=O)c1ccc(Cl)cc1,CHEMBL231544,7.07,nM,86.0,nM,86.0,7.0655015487564325,Highly Active,True,517.0510000000002,4.643300000000004,93.53,1,5,10,4,1,Pass,6.824263,0.75,0.44999999999999996,0.75,0.66,Moderate,0.62036955,0.897767398252352,0.6655731466956071,66.55731466956071,O=C(NCCCn1ccnc1)OCCCC1CCc2ccccc2N1S(=O)(=O)c1ccccc1,0.36,35,3,1,8,0.4,Low Suitability,0.4000000000000001,0.75,0.55,Unfavourable,0.608703272342682,60.870327234268196,676
OB1Oc2ccc3ccccc3c2C=C1c1cc(O)cc(O)c1,CHEMBL4588767,4.90,nM,12600.0,uM,12.6,4.8996294548824375,Low Activity,True,304.11,3.2037000000000013,69.92,3,4,1,4,0,Pass,4.959221,1.0,1.0,1.0,1.0,Favourable,0.31325465,0.897767398252352,0.6515156971163681,65.15156971163681,B1Oc2ccc3ccccc3c2C=C1c1ccccc1,0.0,23,3,3,4,1.0,High Suitability,0.8,1.0,0.9600000000000001,Favourable,0.6082900569438935,60.82900569438935,677
CN(C)CCNCc1cc(NC(=O)CN2CCCCC2)cc(Nc2ccnc3cc(Cl)ccc23)c1,CHEMBL319756,5.70,nM,2000.0,uM,2.0,5.698970004336019,Low Activity,True,495.0710000000002,4.707400000000003,72.53,3,6,10,4,0,Pass,5.4982333,1.0,0.75,1.0,0.925,Favourable,0.40201336,0.897767398252352,0.6733950506396226,67.33950506396226,O=C(CN1CCCCC1)Nc1cccc(Nc2ccnc3ccccc23)c1,0.4074074074074074,35,3,3,7,0.75,High Suitability,0.6000000000000001,1.0,0.8200000000000001,Favourable,0.6081073487997054,60.81073487997054,678
COc1cc2c(cc1OC)C(=O)/C(=C/c1ccc(N3CCN(c4ncccn4)CC3)cc1)C2,CHEMBL3951861,5.00,nM,9900.0,uM,9.9,5.00436480540245,Low Activity,True,442.51900000000023,3.642800000000003,67.79,0,7,5,5,0,Pass,5.1111717,1.0,1.0,1.0,1.0,Favourable,0.33827627,0.897767398252352,0.6640265034384659,66.40265034384659,O=C1C(=Cc2ccc(N3CCN(c4ncccn4)CC3)cc2)Cc2ccccc21,0.2692307692307692,33,3,0,7,1.0,High Suitability,0.6000000000000001,1.0,0.92,Favourable,0.6080519498586655,60.80519498586655,679
O=c1cc(/C=C/c2cccc(F)c2)occ1O,CHEMBL4282190,4.75,nM,17680.0,uM,17.68,4.752517739322946,Low Activity,True,232.20999999999998,2.654900000000002,50.44,1,3,2,2,0,Pass,4.7981434,1.0,1.0,1.0,1.0,Favourable,0.28673017,0.897767398252352,0.638253455037587,63.825345503758705,O=c1ccoc(C=Cc2ccccc2)c1,0.0,17,2,1,3,1.0,High Suitability,1.0,1.0,1.0,Favourable,0.6077015966176986,60.77015966176986,680
c1cc2ncc(Nc3ccc4cc[nH]c4n3)cc2[nH]1,CHEMBL4069995,4.62,nM,23800.0,uM,23.8,4.623423042943488,Low Activity,True,249.27700000000002,3.1828000000000003,69.39,3,3,2,4,0,Pass,4.95214,1.0,1.0,1.0,1.0,Favourable,0.31208867,0.897767398252352,0.65093270408582,65.093270408582,c1cc2ncc(Nc3ccc4cc[nH]c4n3)cc2[nH]1,0.0,19,4,3,5,1.0,High Suitability,0.8,1.0,0.9600000000000001,Favourable,0.6076487705707551,60.76487705707551,681
Nc1nc(NCC2CCCCC2)nc2ccccc12,CHEMBL3814397,,nM,25000.0,uM,25.0,4.6020599913279625,Low Activity,True,256.353,3.204200000000002,63.83,2,4,3,3,0,Pass,4.950574,1.0,1.0,1.0,1.0,Favourable,0.31183082,0.897767398252352,0.6508037792391709,65.08037792391708,c1ccc2nc(NCC3CCCCC3)ncc2c1,0.4666666666666667,19,2,3,4,1.0,High Suitability,0.8,1.0,0.9600000000000001,Favourable,0.6075069562196732,60.750695621967324,682
COc1ccc(C(=O)/C=C/c2ccc(C(=O)NCCc3ccccc3)cc2)c(O)c1,CHEMBL2408105,4.72,nM,19100.0,uM,19.1,4.718966632752273,Low Activity,True,401.4620000000001,4.269400000000004,75.63000000000001,2,4,8,3,0,Pass,5.1032076,1.0,1.0,1.0,1.0,Favourable,0.33696485,0.897767398252352,0.6633707927412918,66.33707927412918,O=C(C=Cc1ccc(C(=O)NCCc2ccccc2)cc1)c1ccccc1,0.12,30,3,2,5,1.0,High Suitability,0.6000000000000001,1.0,0.92,Favourable,0.6073306740522385,60.73306740522385,683
COc1ccc2cc(C(=O)CN3CCN(Cc4ccccc4)CC3)c(=O)oc2c1,CHEMBL2381401,4.44,nM,36000.0,uM,36.0,4.443697499232713,Low Activity,True,392.45500000000015,2.802100000000001,62.99,0,6,6,4,0,Pass,4.791859,1.0,1.0,1.0,1.0,Favourable,0.28569537,0.897767398252352,0.6377360569186142,63.77360569186143,O=C(CN1CCN(Cc2ccccc2)CC1)c1cc2ccccc2oc1=O,0.30434782608695654,29,3,0,6,1.0,High Suitability,1.0,1.0,1.0,Favourable,0.6071324616670608,60.71324616670608,684
CCOCCOc1ccc(/C=C/C(=O)c2ccc(OC)cc2O)cc1,CHEMBL2408094,4.72,nM,19100.0,uM,19.1,4.718966632752273,Low Activity,True,342.3910000000001,3.712200000000003,64.99000000000001,1,5,9,2,0,Pass,4.9446464,1.0,1.0,1.0,1.0,Favourable,0.31085473,0.897767398252352,0.65031573640775,65.031573640775,O=C(C=Cc1ccccc1)c1ccccc1,0.25,25,2,1,5,1.0,High Suitability,0.8,1.0,0.9600000000000001,Favourable,0.6069701120853425,60.69701120853425,685
C[C@@]12c3ccc4c(c3C(=O)c3occ(c31)[C@@H](O)C[C@@H]2O)CCC4=O,CHEMBL3582130,5.00,nM,10100.0,uM,10.1,4.995678626217358,Low Activity,True,324.3320000000001,2.0569,87.74000000000001,2,5,0,5,0,Pass,4.786957,1.0,1.0,1.0,1.0,Favourable,0.2848881,0.897767398252352,0.6373324142641953,63.73324142641953,O=C1CCc2c1ccc1c2C(=O)c2occ3c2C1CCC3,0.3684210526315789,24,2,2,5,1.0,High Suitability,1.0,1.0,1.0,Favourable,0.6066884517669677,60.66884517669677,686
Oc1ccc(/C=C/c2cc(O)cc(O)c2)cc1,CHEMBL165,4.82,nM,15110.0,uM,15.11,4.820735535660974,Low Activity,True,228.247,2.9738000000000016,60.69,3,3,2,2,0,Pass,4.7865753,1.0,1.0,1.0,1.0,Favourable,0.28482527,0.897767398252352,0.6373010026163987,63.73010026163987,C(=Cc1ccccc1)c1ccccc1,0.0,17,2,3,3,1.0,High Suitability,1.0,1.0,1.0,Favourable,0.6066538959741592,60.66538959741592,687
COc1ccc2cc(C(=O)CN3CCN(c4ccccc4)CC3)c(=O)oc2c1,CHEMBL2381403,5.19,nM,6500.0,uM,6.5,5.187086643357144,Low Activity,True,378.42800000000017,2.8065000000000007,62.99,0,6,5,4,0,Pass,4.785994,1.0,1.0,1.0,1.0,Favourable,0.2847296,0.897767398252352,0.6372531698889664,63.725316988896644,O=C(CN1CCN(c2ccccc2)CC1)c1cc2ccccc2oc1=O,0.2727272727272727,28,3,0,6,1.0,High Suitability,1.0,1.0,1.0,Favourable,0.6066012799739837,60.66012799739837,688
C=CCOC(=S)/C=C/c1ccc(O)c(O)c1,CHEMBL4175715,4.90,nM,12500.0,uM,12.5,4.903089986991944,Low Activity,True,236.292,2.641000000000002,49.69,2,4,4,1,0,Pass,4.780595,1.0,1.0,1.0,1.0,Favourable,0.28384048,0.897767398252352,0.6368086086459092,63.68086086459092,c1ccccc1,0.08333333333333333,16,1,2,3,1.0,High Suitability,1.0,1.0,1.0,Favourable,0.6061122685670852,60.61122685670852,689
NC(=O)Nc1nc(NCCc2ccccc2)c2ccccc2n1,CHEMBL4070380,6.00,nM,1000.0,uM,1.0,6.0,Moderately Active,True,307.357,2.7750000000000012,92.93,3,4,5,3,0,Pass,5.2805386,1.0,0.7,1.0,0.9099999999999999,Favourable,0.36616576,0.897767398252352,0.6509712485022476,65.09712485022476,c1ccc(CCNc2ncnc3ccccc23)cc1,0.11764705882352941,23,3,4,6,0.65,Moderate Suitability,1.0,1.0,0.8700000000000001,Favourable,0.6058911753892898,60.58911753892898,690
CC1=NC2(N=C1N)c1cc(Br)ccc1CC21CCC1,CHEMBL3653712,5.18,nM,6610.0,nM,6610.0,5.17979854051436,Low Activity,True,318.2180000000002,3.160000000000002,50.739999999999995,1,3,0,4,0,Pass,4.930212,1.0,1.0,1.0,1.0,Favourable,0.30847782,0.897767398252352,0.6491272793955735,64.91272793955734,C1=NC2(N=C1)c1ccccc1CC21CCC1,0.4666666666666667,19,1,2,3,1.0,High Suitability,0.8,1.0,0.9600000000000001,Favourable,0.6056628034114838,60.566280341148385,691
Nc1nc(NCc2cccc(Cl)c2)nc2ccccc12,CHEMBL3814191,4.87,nM,13400.0,uM,13.4,4.872895201635193,Low Activity,True,284.75,3.477500000000002,63.83,2,4,3,3,0,Pass,4.930003,1.0,1.0,1.0,1.0,Favourable,0.30844343,0.897767398252352,0.6491100834555558,64.91100834555557,c1ccc(CNc2ncc3ccccc3n2)cc1,0.06666666666666667,20,3,3,4,1.0,High Suitability,0.8,1.0,0.9600000000000001,Favourable,0.6056438938379288,60.564389383792886,692
Nc1nc(NCc2cccc(F)c2)c2ccccc2n1,CHEMBL3814748,,nM,25000.0,uM,25.0,4.6020599913279625,Low Activity,True,268.29499999999996,2.9632000000000014,63.83,2,4,3,3,0,Pass,4.768734,1.0,1.0,1.0,1.0,Favourable,0.28188735,0.897767398252352,0.6358320461459092,63.58320461459092,c1ccc(CNc2ncnc3ccccc23)cc1,0.06666666666666667,20,3,3,4,1.0,High Suitability,1.0,1.0,1.0,Favourable,0.6050380438566207,60.50380438566207,693
Nc1nc(NCc2ccc(F)cc2)c2ccccc2n1,CHEMBL3357256,,nM,25000.0,uM,25.0,4.6020599913279625,Low Activity,True,268.29499999999996,2.9632000000000014,63.83,2,4,3,3,0,Pass,4.768734,1.0,1.0,1.0,1.0,Favourable,0.28188735,0.897767398252352,0.6358320461459092,63.58320461459092,c1ccc(CNc2ncnc3ccccc23)cc1,0.06666666666666667,20,3,3,4,1.0,High Suitability,1.0,1.0,1.0,Favourable,0.6050380438566207,60.50380438566207,694
CC1=NC2(N=C1N)c1cc(Br)ccc1CC21CC1,CHEMBL3653729,4.79,nM,16300.0,nM,16300.0,4.787812395596042,Low Activity,True,304.19100000000014,2.7699000000000016,50.739999999999995,1,3,0,4,0,Pass,4.764916,1.0,1.0,1.0,1.0,Favourable,0.28125864,0.897767398252352,0.6355176912493637,63.55176912493638,C1=NC2(N=C1)c1ccccc1CC21CC1,0.42857142857142855,18,1,2,3,1.0,High Suitability,1.0,1.0,1.0,Favourable,0.6046922624111175,60.46922624111175,695
COc1ccc(Nc2nc(Cl)nc(Nc3ccc(F)c(Cl)c3)n2)cc1,CHEMBL4174114,4.62,nM,23800.0,uM,23.8,4.623423042943488,Low Activity,True,380.2100000000001,4.813300000000002,71.96000000000001,2,6,5,3,0,Pass,4.918699,1.0,1.0,1.0,1.0,Favourable,0.3065819,0.897767398252352,0.6481793271250657,64.81793271250656,c1ccc(Nc2ncnc(Nc3ccccc3)n2)cc1,0.0625,25,3,2,6,1.0,High Suitability,0.8,1.0,0.9600000000000001,Favourable,0.6046200499534607,60.46200499534608,696
Nc1nc(NCc2ccccc2)c2ccccc2n1,CHEMBL3815078,,nM,25000.0,uM,25.0,4.6020599913279625,Low Activity,True,250.305,2.8241000000000014,63.83,2,4,3,3,0,Pass,4.7586303,1.0,1.0,1.0,1.0,Favourable,0.2802236,0.897767398252352,0.6350001739211014,63.500017392110145,c1ccc(CNc2ncnc3ccccc23)cc1,0.06666666666666667,19,3,3,4,1.0,High Suitability,1.0,1.0,1.0,Favourable,0.604122993350029,60.41229933500289,697
COc1cccc(CNc2nc(N)nc3ccccc23)c1,CHEMBL3814429,4.69,nM,20600.0,uM,20.6,4.686132779630847,Low Activity,True,280.331,2.832700000000001,73.06,2,5,4,3,0,Pass,4.755906,1.0,1.0,1.0,1.0,Favourable,0.27977502,0.897767398252352,0.6347758816428116,63.477588164281165,c1ccc(CNc2ncnc3ccccc23)cc1,0.125,21,3,3,5,1.0,High Suitability,1.0,1.0,1.0,Favourable,0.6038762599229812,60.38762599229812,698
Cn1cc(O)c(=O)cc1/C=C/c1ccc(O)cc1,CHEMBL4068105,4.81,nM,15380.0,uM,15.38,4.813043664534588,Low Activity,True,243.262,1.9668999999999996,62.46000000000001,2,3,2,2,0,Pass,4.755208,1.0,1.0,1.0,1.0,Favourable,0.27966005,0.897767398252352,0.6347183929629258,63.47183929629258,O=c1cc[nH]c(C=Cc2ccccc2)c1,0.07142857142857142,18,2,2,4,1.0,High Suitability,1.0,1.0,1.0,Favourable,0.6038130342960357,60.38130342960357,699
COc1ccc(C(=O)/C=C/c2ccc(C(=O)O)cc2)c(O)c1,CHEMBL2408097,4.73,nM,18500.0,uM,18.5,4.732828271596986,Low Activity,True,298.29400000000004,2.9951000000000008,83.83000000000001,2,4,5,2,0,Pass,4.7537684,1.0,1.0,1.0,1.0,Favourable,0.279423,0.897767398252352,0.6345998691267899,63.45998691267899,O=C(C=Cc1ccccc1)c1ccccc1,0.058823529411764705,22,2,2,5,1.0,High Suitability,1.0,1.0,1.0,Favourable,0.6036826491355896,60.36826491355895,700
COc1ccc(C(=O)/C=C/c2cc(OC)c(OC)c(OC)c2)c(O)c1,CHEMBL260867,5.01,nM,9700.0,uM,9.7,5.013228265733755,Low Activity,True,344.36300000000006,3.322700000000002,74.22000000000001,1,6,7,2,0,Pass,4.9081683,1.0,1.0,1.0,1.0,Favourable,0.3048479,0.897767398252352,0.6473123179621628,64.73123179621628,O=C(C=Cc1ccccc1)c1ccccc1,0.21052631578947367,25,2,1,6,1.0,High Suitability,0.8,1.0,0.9600000000000001,Favourable,0.6036663458347321,60.366634583473214,701
O=C1C(=Cc2ccc(N3CCN(c4ncccn4)CC3)cc2)C(=O)c2ccccc21,CHEMBL3818053,5.00,nM,10110.0,uM,10.11,4.995248844408999,Low Activity,True,396.45000000000016,3.2658000000000023,66.4,0,6,3,5,0,Pass,4.907721,1.0,1.0,1.0,1.0,Favourable,0.30477422,0.897767398252352,0.6472754822916916,64.72754822916916,O=C1C(=Cc2ccc(N3CCN(c4ncccn4)CC3)cc2)C(=O)c2ccccc21,0.16666666666666666,30,3,0,6,1.0,High Suitability,0.8,1.0,0.9600000000000001,Favourable,0.603625829577446,60.36258295774461,702
Oc1ccc(-c2cc(-c3c(O)cccc3O)[nH]n2)cc1O,CHEMBL3594078,5.89,nM,1300.0,uM,1.3,5.886056647693163,Low Activity,True,284.2710000000001,2.5661,109.6,5,5,2,3,0,Pass,5.563415,1.0,0.49999999999999994,1.0,0.8500000000000001,Favourable,0.4127468,0.897767398252352,0.6562617634482316,65.62617634482316,c1ccc(-c2cc(-c3ccccc3)[nH]n2)cc1,0.0,21,3,5,6,0.45,Low Suitability,1.0,1.0,0.79,Moderate,0.6035107418298721,60.351074182987205,703
O=C(/C=C/c1ccc(F)cc1)N1CCN(Cc2ccc(O)c3ncccc23)CC1,CHEMBL4227890,4.94,nM,11440.0,uM,11.44,4.941573975542995,Low Activity,True,391.44600000000014,3.437100000000002,56.67,1,4,4,4,0,Pass,4.9063315,1.0,1.0,1.0,1.0,Favourable,0.30454546,0.897767398252352,0.6471611009783677,64.71611009783676,O=C(C=Cc1ccccc1)N1CCN(Cc2cccc3ncccc23)CC1,0.21739130434782608,29,3,1,5,1.0,High Suitability,0.8,1.0,0.9600000000000001,Favourable,0.6035000041723252,60.35000041723252,704
O=c1cc(/C=C/c2ccccc2O)[nH]cc1O,CHEMBL4095488,4.66,nM,21760.0,uM,21.76,4.662341108973858,Low Activity,True,229.235,1.9564999999999997,73.32,3,3,2,2,0,Pass,4.7506866,1.0,1.0,1.0,1.0,Favourable,0.27891552,0.897767398252352,0.6343461321539811,63.43461321539811,O=c1cc[nH]c(C=Cc2ccccc2)c1,0.0,17,2,3,4,1.0,High Suitability,1.0,1.0,1.0,Favourable,0.6034035354852676,60.34035354852676,705
O=C(CN1CCCCC1)Nc1cc(CN2CCOCC2)cc(Nc2ccnc3cc(Cl)ccc23)c1,CHEMBL94521,5.51,nM,3100.0,uM,3.1,5.508638306165727,Low Activity,True,494.03900000000016,4.888400000000004,69.73,2,6,7,5,0,Pass,5.444565,1.0,0.75,1.0,0.925,Favourable,0.39317584,0.897767398252352,0.6689762901015214,66.89762901015214,O=C(CN1CCCCC1)Nc1cc(CN2CCOCC2)cc(Nc2ccnc3ccccc23)c1,0.4074074074074074,35,3,2,7,0.75,High Suitability,0.6000000000000001,1.0,0.8200000000000001,Favourable,0.603246724128723,60.3246724128723,706
FC(F)(F)c1cccc(Nc2nc(NC3CC3)nc(N3CCNCC3)n2)c1,CHEMBL4167322,4.63,nM,23540.0,uM,23.54,4.628193541492584,Low Activity,True,379.39000000000016,2.6178999999999997,78.0,3,7,5,4,0,Pass,4.7482953,1.0,1.0,1.0,1.0,Favourable,0.27852178,0.897767398252352,0.6341492580122879,63.4149258012288,c1ccc(Nc2nc(NC3CC3)nc(N3CCNCC3)n2)cc1,0.47058823529411764,27,2,3,7,1.0,High Suitability,1.0,1.0,1.0,Favourable,0.6031869769096374,60.31869769096374,707
CCOCCOc1cccc(/C=C/C(=O)c2ccc(OC)cc2O)c1,CHEMBL2408092,4.98,nM,10500.0,uM,10.5,4.978810700930062,Low Activity,True,342.3910000000001,3.712200000000003,64.99000000000001,1,5,9,2,0,Pass,4.9028516,1.0,1.0,1.0,1.0,Favourable,0.30397242,0.897767398252352,0.6468745814509324,64.68745814509323,O=C(C=Cc1ccccc1)c1ccccc1,0.25,25,2,1,5,1.0,High Suitability,0.8,1.0,0.9600000000000001,Favourable,0.6031848297119141,60.318482971191415,708
COc1cc(/C=C/C(=O)N2CC(C(=O)N3CC(F)(F)C3)C2)ccc1OCc1ccccc1,CHEMBL4876605,4.66,nM,21830.0,uM,21.83,4.660946264290861,Low Activity,True,442.46200000000016,3.223300000000002,59.08,0,4,7,4,0,Pass,5.0508146,1.0,1.0,1.0,1.0,Favourable,0.32833737,0.897767398252352,0.6590570555872849,65.90570555872849,O=C(C=Cc1ccc(OCc2ccccc2)cc1)N1CC(C(=O)N2CCC2)C1,0.3333333333333333,32,2,0,6,1.0,High Suitability,0.6000000000000001,1.0,0.92,Favourable,0.6025855631828309,60.258556318283084,709
CN(C)c1ccc(/C=C/c2cc(=O)c(O)c[nH]2)cc1,CHEMBL4092433,4.53,nM,29220.0,uM,29.22,4.534319788401722,Low Activity,True,256.30499999999995,2.3169000000000004,56.330000000000005,2,3,3,2,0,Pass,4.7416444,1.0,1.0,1.0,1.0,Favourable,0.27742654,0.897767398252352,0.633601640338414,63.36016403384141,O=c1cc[nH]c(C=Cc2ccccc2)c1,0.13333333333333333,19,2,2,4,1.0,High Suitability,1.0,1.0,1.0,Favourable,0.6025845974683761,60.25845974683761,710
Oc1ccc(-c2cc(-c3c(O)cccc3O)[nH]n2)cc1,CHEMBL3594077,4.80,nM,15800.0,uM,15.8,4.801342913045577,Low Activity,True,268.27200000000005,2.860500000000001,89.36999999999999,4,4,2,3,0,Pass,5.0503507,1.0,0.8,1.0,0.94,Favourable,0.32826096,0.897767398252352,0.6410188490099838,64.10188490099839,c1ccc(-c2cc(-c3ccccc3)[nH]n2)cc1,0.0,20,3,4,5,0.8,High Suitability,1.0,1.0,0.9200000000000002,Favourable,0.602543527007103,60.2543527007103,711
O=[N+]([O-])c1cccc(C2C=C(c3cccc4ccccc34)Nc3nncn32)c1,CHEMBL4436866,4.76,nM,17440.0,uM,17.44,4.758453519403451,Low Activity,True,369.38400000000007,4.395500000000003,85.88,1,5,3,5,0,Pass,4.886623,1.0,1.0,1.0,1.0,Favourable,0.30130005,0.897767398252352,0.64553839432668,64.553839432668,C1=C(c2cccc3ccccc23)Nc2nncn2C1c1ccccc1,0.047619047619047616,28,4,1,7,1.0,High Suitability,0.8,1.0,0.9600000000000001,Favourable,0.6017150238752366,60.17150238752366,712
CCCNC(=O)c1ccc(/C=C/C(=O)c2ccc(OC)cc2O)cc1,CHEMBL2408103,4.70,nM,19900.0,uM,19.9,4.701146923590294,Low Activity,True,339.3910000000001,3.436700000000002,75.63000000000001,2,4,7,2,0,Pass,4.8804865,1.0,1.0,1.0,1.0,Favourable,0.30028957,0.897767398252352,0.6450331555552414,64.50331555552414,O=C(C=Cc1ccccc1)c1ccccc1,0.2,25,2,2,5,1.0,High Suitability,0.8,1.0,0.9600000000000001,Favourable,0.6011592701673508,60.115927016735085,713
Cn1cc(O)c(=O)cc1/C=C/c1cccc(F)c1,CHEMBL4077009,4.71,nM,19440.0,uM,19.44,4.711303739409744,Low Activity,True,245.253,2.4004000000000003,42.230000000000004,1,2,2,2,0,Pass,4.723419,1.0,1.0,1.0,1.0,Favourable,0.27442545,0.897767398252352,0.6321010934061936,63.21010934061936,O=c1cc[nH]c(C=Cc2ccccc2)c1,0.07142857142857142,18,2,1,3,1.0,High Suitability,1.0,1.0,1.0,Favourable,0.6009339958429336,60.09339958429336,714
COc1ccc(C(=O)/C=C/c2ccc(C(=O)NC(C)C)cc2)c(O)c1,CHEMBL2408102,4.75,nM,17800.0,uM,17.8,4.749579997691106,Low Activity,True,339.3910000000001,3.435100000000002,75.63000000000001,2,4,6,2,0,Pass,4.877773,1.0,1.0,1.0,1.0,Favourable,0.29984272,0.897767398252352,0.6448097275443009,64.48097275443008,O=C(C=Cc1ccccc1)c1ccccc1,0.2,25,2,2,5,1.0,High Suitability,0.8,1.0,0.9600000000000001,Favourable,0.6009134904146195,60.09134904146195,715
CN(C)c1ccc(O)c(CNc2ccc(/C=C/c3cc(O)cc(O)c3)cc2)c1,CHEMBL2402160,5.19,nM,6510.0,uM,6.51,5.186419011431808,Low Activity,True,376.4560000000001,4.651900000000005,75.96000000000001,4,5,6,3,0,Pass,5.1853147,1.0,0.8,1.0,0.94,Favourable,0.35048532,0.897767398252352,0.6521310323424271,65.21310323424271,C(=Cc1ccc(NCc2ccccc2)cc1)c1ccccc1,0.13043478260869565,28,3,4,5,0.8,High Suitability,0.8,1.0,0.8800000000000001,Favourable,0.600766934633255,60.076693463325505,716
c1ccc(CCNc2ncnc3ccccc23)cc1,CHEMBL117804,4.92,nM,11900.0,uM,11.9,4.924453038607469,Low Activity,True,249.31700000000004,3.2844000000000015,37.81,1,3,4,3,0,Pass,4.874702,1.0,1.0,1.0,1.0,Favourable,0.29933703,0.897767398252352,0.6445568846411637,64.45568846411636,c1ccc(CCNc2ncnc3ccccc23)cc1,0.125,19,3,1,3,1.0,High Suitability,0.8,1.0,0.9600000000000001,Favourable,0.6006353751420975,60.063537514209756,717
COc1ccc(CNc2nc(N)c3ccccc3n2)cc1,CHEMBL3814909,,nM,25000.0,uM,25.0,4.6020599913279625,Low Activity,True,280.331,2.832700000000001,73.06,2,5,4,3,0,Pass,4.7187724,1.0,1.0,1.0,1.0,Favourable,0.27366024,0.897767398252352,0.6317184911913803,63.17184911913804,c1ccc(CNc2ncc3ccccc3n2)cc1,0.125,21,3,3,5,1.0,High Suitability,1.0,1.0,1.0,Favourable,0.6005131423473358,60.051314234733574,718
COc1ccc(CCNc2ncnc3ccccc23)cc1OC,CHEMBL4092601,4.92,nM,12000.0,uM,12.0,4.920818753952375,Low Activity,True,309.3690000000001,3.3016000000000014,56.269999999999996,1,5,6,3,0,Pass,4.8693767,1.0,1.0,1.0,1.0,Favourable,0.29846013,0.897767398252352,0.6441184328741959,64.41184328741959,c1ccc(CCNc2ncnc3ccccc23)cc1,0.2222222222222222,23,3,1,5,1.0,High Suitability,0.8,1.0,0.9600000000000001,Favourable,0.6001530692577363,60.01530692577363,719
Nc1nc(NCc2ccc(Br)cc2)c2ccccc2n1,CHEMBL3814631,4.83,nM,14800.0,uM,14.8,4.8297382846050425,Low Activity,True,329.201,3.5866000000000016,63.83,2,4,3,3,0,Pass,4.8672028,1.0,1.0,1.0,1.0,Favourable,0.29810214,0.897767398252352,0.6439394401259354,64.39394401259354,c1ccc(CNc2ncnc3ccccc23)cc1,0.06666666666666667,20,3,3,4,1.0,High Suitability,0.8,1.0,0.9600000000000001,Favourable,0.599956180214882,59.9956180214882,720
CCOCCCOc1ccc(/C=C/C(=O)c2ccc(OC)cc2O)cc1OC,CHEMBL2407101,5.24,nM,5800.0,uM,5.8,5.236572006437063,Low Activity,True,386.4440000000002,4.1109000000000036,74.22000000000001,1,6,11,2,0,Pass,5.123876,0.85,1.0,1.0,0.94,Favourable,0.34036833,0.897767398252352,0.6470725351519516,64.70725351519516,O=C(C=Cc1ccccc1)c1ccccc1,0.3181818181818182,28,2,1,6,1.0,High Suitability,0.8,0.8,0.8925,Favourable,0.5995775877237319,59.9577587723732,721
CCOc1ccc(/C=C/c2cc(=O)c(O)c[nH]2)cc1,CHEMBL4074429,4.63,nM,23390.0,uM,23.39,4.630969778190847,Low Activity,True,257.289,2.6496000000000004,62.32,2,3,4,2,0,Pass,4.7018313,1.0,1.0,1.0,1.0,Favourable,0.27087057,0.897767398252352,0.630323653096669,63.03236530966691,O=c1cc[nH]c(C=Cc2ccccc2)c1,0.13333333333333333,19,2,2,4,1.0,High Suitability,1.0,1.0,1.0,Favourable,0.5989788144826889,59.89788144826888,722
C[C@@]12c3ccc4c(c3C(=O)c3occ(c31)C(=O)C[C@H]2O)CCC4=O,CHEMBL549959,4.87,nM,13400.0,uM,13.4,4.872895201635193,Low Activity,True,322.3160000000001,2.2062,84.58000000000001,1,5,0,5,0,Pass,4.6993594,1.0,1.0,1.0,1.0,Favourable,0.27046353,0.897767398252352,0.6301201330370835,63.01201330370835,O=C1CCc2c1ccc1c2C(=O)c2occ3c2C1CCC3=O,0.3157894736842105,24,2,1,5,1.0,High Suitability,1.0,1.0,1.0,Favourable,0.5987549394369125,59.87549394369125,723
Nc1ccc(NC[C@@H]2CCCN3CCCC[C@H]23)c2c(=O)c3ccccc3sc12,CHEMBL5401774,4.85,nM,14000.0,uM,14.0,4.853871964321762,Low Activity,True,393.5560000000001,4.673300000000005,58.36,2,5,3,5,0,Pass,4.853329,1.0,1.0,1.0,1.0,Favourable,0.2958176,0.897767398252352,0.6427971767134598,64.27971767134598,O=c1c2ccccc2sc2cccc(NCC3CCCN4CCCCC34)c12,0.43478260869565216,28,3,3,4,1.0,High Suitability,0.8,1.0,0.9600000000000001,Favourable,0.5986996845006943,59.869968450069436,724
O=C(/C=C/c1ccccc1Cl)N1CCN(Cc2ccc(O)c3ncccc23)CC1,CHEMBL4227357,5.13,nM,7350.0,uM,7.35,5.133712660915805,Low Activity,True,407.9010000000001,3.951400000000003,56.67,1,4,4,4,0,Pass,5.0064087,1.0,1.0,1.0,1.0,Favourable,0.32102507,0.897767398252352,0.6554009066767624,65.54009066767624,O=C(C=Cc1ccccc1)N1CCN(Cc2cccc3ncccc23)CC1,0.21739130434782608,29,3,1,5,1.0,High Suitability,0.6000000000000001,1.0,0.92,Favourable,0.5985637993812561,59.85637993812561,725
O=C(CCc1ccc(F)cc1)N1CCN(Cc2ccc(O)c3ncccc23)CC1,CHEMBL4225989,4.69,nM,20610.0,uM,20.61,4.685922008220787,Low Activity,True,393.46200000000016,3.3565000000000023,56.67,1,4,5,4,0,Pass,4.8493714,1.0,1.0,1.0,1.0,Favourable,0.2951659,0.897767398252352,0.6424713181204728,64.24713181204727,O=C(CCc1ccccc1)N1CCN(Cc2cccc3ncccc23)CC1,0.30434782608695654,29,3,1,5,1.0,High Suitability,0.8,1.0,0.9600000000000001,Favourable,0.5983412519693375,59.834125196933755,726
CCCNc1nc(N)nc2ccccc12,CHEMBL3814813,4.83,nM,14900.0,uM,14.9,4.826813731587726,Low Activity,True,202.26100000000002,2.0339,63.83,2,4,3,2,0,Pass,4.692655,1.0,1.0,1.0,1.0,Favourable,0.26935953,0.897767398252352,0.6295681344218186,62.95681344218186,c1ccc2ncncc2c1,0.2727272727272727,15,2,3,4,1.0,High Suitability,1.0,1.0,1.0,Favourable,0.5981477469205856,59.814774692058556,727
CCCNc1nc(N)c2ccccc2n1,CHEMBL3814981,,nM,25000.0,uM,25.0,4.6020599913279625,Low Activity,True,202.26100000000002,2.0339,63.83,2,4,3,2,0,Pass,4.690203,1.0,1.0,1.0,1.0,Favourable,0.26895577,0.897767398252352,0.6293662534899643,62.93662534899644,c1ccc2ncncc2c1,0.2727272727272727,15,2,3,4,1.0,High Suitability,1.0,1.0,1.0,Favourable,0.5979256749153137,59.792567491531365,728
CCC[C@H](C(N)=O)[C@@H](CC(C)C)C(=O)N[C@H]1CCCCN(Cc2cccc(NN3CCCCC3)c2)C1=O,CHEMBL208230,7.13,nM,74.0,nM,74.0,7.130768280269024,Highly Active,True,513.7270000000004,4.060600000000002,107.76999999999998,3,5,12,3,1,Pass,6.9650373,0.6,0.44999999999999996,0.75,0.6,Moderate,0.64355075,0.897767398252352,0.65916374670934,65.91637467093399,O=C1CCCCCN1Cc1cccc(NN2CCCCC2)c1,0.6896551724137931,37,1,4,8,0.4,Low Suitability,0.4000000000000001,0.55,0.48250000000000004,Unfavourable,0.5978279144763947,59.78279144763947,729
CN1CCN(c2cc(Nc3ccnc4cc(Cl)ccc34)cc(N3CCN(C)CC3)c2)CC1,CHEMBL4226945,5.64,nM,2300.0,uM,2.3,5.638272163982407,Low Activity,True,451.01800000000037,4.135400000000002,37.88,1,6,4,5,0,Pass,5.3845596,1.0,0.75,1.0,0.925,Favourable,0.38329482,0.897767398252352,0.6640357803053788,66.40357803053789,c1ccc2c(Nc3cc(N4CCNCC4)cc(N4CCNCC4)c3)ccnc2c1,0.4,32,3,1,6,0.75,High Suitability,0.6000000000000001,1.0,0.8200000000000001,Favourable,0.5978121514320374,59.78121514320374,730
C[C@]1(c2nc(NC(=O)c3ncc(OCC(F)(F)F)nc3N)ccc2F)N=C(N)OCC1(F)F,CHEMBL4108635,6.22,nM,600.0,nM,600.0,6.221848749616356,Moderately Active,True,479.3410000000002,1.9817,150.63,3,9,5,3,0,Pass,6.1856112,0.65,0.44999999999999996,1.0,0.6950000000000001,Moderate,0.51520336,0.897767398252352,0.6609900482840471,66.0990048284047,O=C(Nc1cccc(C2CCOC=N2)n1)c1cnccn1,0.35294117647058826,33,2,5,10,0.4,Low Suitability,0.8,0.8,0.6125,Moderate,0.5977368521690368,59.77368521690368,731
Clc1ccc(/C=N/c2ccc3cn[nH]c3c2)cc1Cl,CHEMBL5199489,4.71,nM,19500.0,uM,19.5,4.709965388637482,Low Activity,True,290.153,4.620300000000002,41.04,1,2,2,3,0,Pass,4.8388824,1.0,1.0,1.0,1.0,Favourable,0.29343867,0.897767398252352,0.6416077064223221,64.16077064223221,C(=Nc1ccc2cn[nH]c2c1)c1ccccc1,0.0,19,3,1,3,1.0,High Suitability,0.8,1.0,0.9600000000000001,Favourable,0.5973912731409073,59.73912731409074,732
Cc1ccccc1/C=C/C(=O)N1CCN(Cc2ccc(O)c3ncccc23)CC1,CHEMBL4228027,4.76,nM,17330.0,uM,17.33,4.761201437286083,Low Activity,True,387.4830000000001,3.6064200000000026,56.67,1,4,4,4,0,Pass,4.8356433,1.0,1.0,1.0,1.0,Favourable,0.29290527,0.897767398252352,0.6413410054392746,64.13410054392746,O=C(C=Cc1ccccc1)N1CCN(Cc2cccc3ncccc23)CC1,0.25,29,3,1,5,1.0,High Suitability,0.8,1.0,0.9600000000000001,Favourable,0.5970978990793229,59.70978990793229,733
Nc1nc(NCc2cccc(Br)c2)c2ccccc2n1,CHEMBL3814270,4.65,nM,22300.0,uM,22.3,4.651695136951839,Low Activity,True,329.201,3.5866000000000016,63.83,2,4,3,3,0,Pass,4.8347597,1.0,1.0,1.0,1.0,Favourable,0.29275978,0.897767398252352,0.6412682579703263,64.12682579703262,c1ccc(CNc2ncnc3ccccc23)cc1,0.06666666666666667,20,3,3,4,1.0,High Suitability,0.8,1.0,0.9600000000000001,Favourable,0.5970178798437119,59.701787984371194,734
COC(=O)c1ccc(/C=C/C(=O)c2ccc(OC)cc2O)cc1,CHEMBL2408096,4.62,nM,23800.0,uM,23.8,4.623423042943488,Low Activity,True,312.321,3.0835000000000017,72.83000000000001,1,5,5,2,0,Pass,4.8294177,1.0,1.0,1.0,1.0,Favourable,0.29188013,0.897767398252352,0.6408284352965287,64.08284352965286,O=C(C=Cc1ccccc1)c1ccccc1,0.1111111111111111,23,2,1,5,1.0,High Suitability,0.8,1.0,0.9600000000000001,Favourable,0.5965340689420701,59.65340689420701,735
O=c1cc(/C=C/c2ccc(O)cc2)[nH]cc1O,CHEMBL4074006,4.97,nM,10720.0,uM,10.72,4.969805214643249,Low Activity,True,229.235,1.9564999999999997,73.32,3,3,2,2,0,Pass,4.672419,1.0,1.0,1.0,1.0,Favourable,0.26602727,0.897767398252352,0.6279020057864121,62.79020057864121,O=c1cc[nH]c(C=Cc2ccccc2)c1,0.0,17,2,3,4,1.0,High Suitability,1.0,1.0,1.0,Favourable,0.5963150084018707,59.631500840187066,736
COc1ccc(/C=C/C(=O)c2ccc(OC)cc2O)cc1,CHEMBL229907,5.08,nM,8400.0,uM,8.4,5.075720713938118,Low Activity,True,284.311,3.305500000000002,55.760000000000005,1,4,5,2,0,Pass,4.8249536,1.0,1.0,1.0,1.0,Favourable,0.29114503,0.897767398252352,0.6404608832545212,64.04608832545212,O=C(C=Cc1ccccc1)c1ccccc1,0.11764705882352941,21,2,1,4,1.0,High Suitability,0.8,1.0,0.9600000000000001,Favourable,0.5961297706365586,59.61297706365586,737
CC1=NC2(N=C1N)c1cc(Br)ccc1CC21CCC(C(F)(F)F)CC1,CHEMBL3657441,4.71,nM,19300.0,nM,19300.0,4.714442690992226,Low Activity,True,414.26900000000023,4.728600000000004,50.739999999999995,1,3,0,4,0,Pass,4.9772053,1.0,1.0,1.0,1.0,Favourable,0.31621617,0.897767398252352,0.6529964553065232,65.29964553065231,C1=NC2(N=C1)c1ccccc1CC21CCCCC1,0.5555555555555556,25,1,2,3,1.0,High Suitability,0.6000000000000001,1.0,0.92,Favourable,0.595918902873993,59.591890287399295,738
COc1ccc2cc(C(=O)CN3CCC(c4ccccc4)CC3)c(=O)oc2c1,CHEMBL2381402,4.85,nM,14000.0,uM,14.0,4.853871964321762,Low Activity,True,377.44000000000017,3.8639000000000028,59.75,0,5,5,4,0,Pass,4.8220816,1.0,1.0,1.0,1.0,Favourable,0.29067206,0.897767398252352,0.6402244018263749,64.02244018263748,O=C(CN1CCC(c2ccccc2)CC1)c1cc2ccccc2oc1=O,0.30434782608695654,28,3,0,5,1.0,High Suitability,0.8,1.0,0.9600000000000001,Favourable,0.5958696410655976,59.58696410655976,739
O=C(/C=C/c1ccccc1)N1CCN(Cc2ccc(O)c3ncccc23)CC1,CHEMBL4228823,5.05,nM,8860.0,uM,8.86,5.052566278112949,Low Activity,True,373.45600000000013,3.298000000000002,56.67,1,4,4,4,0,Pass,4.817978,1.0,1.0,1.0,1.0,Favourable,0.28999633,0.897767398252352,0.6398865328974656,63.98865328974656,O=C(C=Cc1ccccc1)N1CCN(Cc2cccc3ncccc23)CC1,0.21739130434782608,28,3,1,5,1.0,High Suitability,0.8,1.0,0.9600000000000001,Favourable,0.5954979763031006,59.54979763031007,740
COc1ccc(CNc2nc(N)nc3ccccc23)cc1,CHEMBL3813788,,nM,25000.0,uM,25.0,4.6020599913279625,Low Activity,True,280.331,2.832700000000001,73.06,2,5,4,3,0,Pass,4.661913,1.0,1.0,1.0,1.0,Favourable,0.26429725,0.897767398252352,0.6270369933791092,62.703699337910926,c1ccc(CNc2ncnc3ccccc23)cc1,0.125,21,3,3,5,1.0,High Suitability,1.0,1.0,1.0,Favourable,0.5953634947538375,59.53634947538375,741
CNc1ccc(/C=C/c2cccc(/C=C/c3ccc(NC)c(OC)c3)n2)cc1OC,CHEMBL247674,6.30,nM,500.0,uM,0.5,6.301029995663981,Moderately Active,True,401.51000000000016,5.523000000000006,55.41,2,5,8,3,1,Pass,6.1141624,0.75,0.75,0.75,0.75,Moderate,0.5034379,0.897767398252352,0.634107308263295,63.4107308263295,C(=Cc1cccc(C=Cc2ccccc2)n1)c1ccccc1,0.16,30,3,2,5,0.8,High Suitability,0.35000000000000003,0.85,0.6950000000000001,Moderate,0.5951408441066741,59.51408441066741,742
COC1=CC(=O)c2c(cc3c4c(cc5c(c24)OCO5)CCN3C)C1=O,CHEMBL5435367,,nM,50000.0,uM,50.0,4.301029995663981,Low Activity,True,337.3310000000001,2.4701000000000004,65.07000000000001,0,6,1,5,0,Pass,4.658915,1.0,1.0,1.0,1.0,Favourable,0.2638036,0.897767398252352,0.6267901705450943,62.67901705450944,O=C1C=CC(=O)c2c1cc1c3c(cc4c(c23)OCO4)CCN1,0.2631578947368421,25,2,0,6,1.0,High Suitability,1.0,1.0,1.0,Favourable,0.5950919806957244,59.50919806957244,743
Nc1n[nH]c2nc(-c3ccc(Br)cc3)cc(-c3ccc(Br)cc3)c12,CHEMBL5639827,6.34,nM,460.0,uM,0.46,6.337242168318426,Moderately Active,True,444.1300000000001,5.3991000000000025,67.59,2,3,2,4,1,Pass,6.1133795,0.75,0.75,0.75,0.75,Moderate,0.503309,0.897767398252352,0.6340428756422928,63.40428756422928,c1ccc(-c2cc(-c3ccccc3)c3cn[nH]c3n2)cc1,0.0,24,4,3,4,0.8,High Suitability,0.35000000000000003,0.85,0.6950000000000001,Moderate,0.5950699741840362,59.506997418403614,744
Cc1ccc(CNc2nc(N)c3ccccc3n2)cc1,CHEMBL3813859,4.65,nM,22500.0,uM,22.5,4.647817481888637,Low Activity,True,264.33200000000005,3.1325200000000013,63.83,2,4,3,3,0,Pass,4.8009152,1.0,1.0,1.0,1.0,Favourable,0.28718662,0.897767398252352,0.638481681222432,63.8481681222432,c1ccc(CNc2ncc3ccccc3n2)cc1,0.125,20,3,3,4,1.0,High Suitability,0.8,1.0,0.9600000000000001,Favourable,0.5939526513814927,59.39526513814927,745
Cc1cccc(CNc2nc(N)c3ccccc3n2)c1,CHEMBL3814103,,nM,25000.0,uM,25.0,4.6020599913279625,Low Activity,True,264.332,3.1325200000000013,63.83,2,4,3,3,0,Pass,4.800455,1.0,1.0,1.0,1.0,Favourable,0.28711087,0.897767398252352,0.6384438024706772,63.844380247067726,c1ccc(CNc2ncc3ccccc3n2)cc1,0.125,20,3,3,4,1.0,High Suitability,0.8,1.0,0.9600000000000001,Favourable,0.5939109728336335,59.39109728336335,746
CCN(CC)C(=O)/C=C/c1ccc(OS(=O)(=O)c2ccc(C)cc2)c(OC)c1,CHEMBL4865997,4.97,nM,10640.0,uM,10.64,4.9730583720409705,Low Activity,True,403.50000000000017,3.6529200000000026,72.91,0,5,8,2,0,Pass,4.955024,1.0,1.0,1.0,1.0,Favourable,0.31256354,0.897767398252352,0.6511701391882828,65.11701391882828,O=S(=O)(Oc1ccccc1)c1ccccc1,0.2857142857142857,28,2,0,6,1.0,High Suitability,0.6000000000000001,1.0,0.92,Favourable,0.5939099432229996,59.39099432229996,747
Nc1nc(NCc2ccc(Cl)cc2)c2ccccc2n1,CHEMBL3813811,,nM,25000.0,uM,25.0,4.6020599913279625,Low Activity,True,284.75,3.477500000000002,63.83,2,4,3,3,0,Pass,4.799455,1.0,1.0,1.0,1.0,Favourable,0.28694618,0.897767398252352,0.63836145865392,63.836145865392005,c1ccc(CNc2ncnc3ccccc23)cc1,0.06666666666666667,20,3,3,4,1.0,High Suitability,0.8,1.0,0.9600000000000001,Favourable,0.5938204035758973,59.38204035758973,748
COc1cc(/C=C/c2cccc(/C=C/c3ccc(N(C)C)c(OC)c3)n2)ccc1N(C)C,CHEMBL391205,6.10,nM,800.0,uM,0.8,6.096910013008056,Moderately Active,True,429.5640000000002,5.571600000000006,37.830000000000005,0,5,8,3,1,Pass,6.096694,0.75,0.75,0.75,0.75,Moderate,0.50056136,0.897767398252352,0.6326690481848648,63.26690481848648,C(=Cc1cccc(C=Cc2ccccc2)n1)c1ccccc1,0.2222222222222222,32,3,0,5,0.8,High Suitability,0.35000000000000003,0.85,0.6950000000000001,Moderate,0.5935587580204009,59.35587580204009,749
COc1cc(/C=C/C(=O)NCCC(=O)N2CCCCC2)ccc1OCc1ccccc1,CHEMBL4872439,5.09,nM,8170.0,uM,8.17,5.087777943467584,Low Activity,True,422.52500000000015,3.8062000000000022,67.87,1,4,9,3,0,Pass,4.949264,1.0,1.0,1.0,1.0,Favourable,0.3116151,0.897767398252352,0.6506959246344498,65.06959246344498,O=C(C=Cc1ccc(OCc2ccccc2)cc1)NCCC(=O)N1CCCCC1,0.36,31,2,1,6,1.0,High Suitability,0.6000000000000001,1.0,0.92,Favourable,0.5933883131742478,59.33883131742478,750
O=C(CCc1ccccc1Cl)N1CCN(Cc2ccc(O)c3ncccc23)CC1,CHEMBL4226827,5.25,nM,5640.0,uM,5.64,5.248720896016658,Low Activity,True,409.91700000000014,3.8708000000000027,56.67,1,4,5,4,0,Pass,4.9458585,1.0,1.0,1.0,1.0,Favourable,0.3110543,0.897767398252352,0.650415514583104,65.0415514583104,O=C(CCc1ccccc1)N1CCN(Cc2cccc3ncccc23)CC1,0.30434782608695654,29,3,1,5,1.0,High Suitability,0.6000000000000001,1.0,0.92,Favourable,0.5930798591375351,59.30798591375351,751
Cl.O=c1c2c(F)cccc2[se]n1-c1cc(Cl)c(O)c2ncccc12,CHEMBL4438040,5.02,nM,9600.0,uM,9.6,5.017728766960431,Low Activity,True,430.1240000000002,3.5158000000000005,55.120000000000005,1,3,1,4,0,Pass,4.9418817,1.0,1.0,1.0,1.0,Favourable,0.31039947,0.897767398252352,0.6500881062693528,65.00881062693527,O=c1c2ccccc2[se]n1-c1cccc2ncccc12,0.0,24,4,1,4,1.0,High Suitability,0.6000000000000001,1.0,0.92,Favourable,0.592719712972641,59.2719712972641,752
Nc1nc(NCC2CCCCC2)c2ccccc2n1,CHEMBL3815002,,nM,25000.0,uM,25.0,4.6020599913279625,Low Activity,True,256.35299999999995,3.204200000000002,63.83,2,4,3,3,0,Pass,4.7851887,1.0,1.0,1.0,1.0,Favourable,0.28459698,0.897767398252352,0.6371868597216538,63.71868597216538,c1ccc2c(NCC3CCCCC3)ncnc2c1,0.4666666666666667,19,2,3,4,1.0,High Suitability,0.8,1.0,0.9600000000000001,Favourable,0.5925283387899399,59.252833878994,753
C[C@]1(c2nc(NC(=O)c3ncc(OCCCF)nc3N)ccc2F)N=C(N)OCC1(F)F,CHEMBL4114995,6.51,nM,310.0,nM,310.0,6.508638306165727,Moderately Active,True,457.38800000000015,1.7790000000000001,150.63,3,9,7,3,0,Pass,6.1274896,0.65,0.44999999999999996,1.0,0.6950000000000001,Moderate,0.5056325,0.897767398252352,0.65620462977361,65.620462977361,O=C(Nc1cccc(C2CCOC=N2)n1)c1cnccn1,0.3888888888888889,32,2,5,10,0.4,Low Suitability,0.8,0.8,0.6125,Moderate,0.5924728977680206,59.247289776802056,754
COc1cc(/C=C/C(=O)N2CC(C(=O)N3CCCCC3)C2)ccc1OCc1ccccc1,CHEMBL4868565,4.98,nM,10550.0,uM,10.55,4.976747540366288,Low Activity,True,434.5360000000002,3.758300000000003,59.08,0,4,7,4,0,Pass,4.9385056,1.0,1.0,1.0,1.0,Favourable,0.30984354,0.897767398252352,0.6498101400084427,64.98101400084427,O=C(C=Cc1ccc(OCc2ccccc2)cc1)N1CC(C(=O)N2CCCCC2)C1,0.38461538461538464,32,2,0,6,1.0,High Suitability,0.6000000000000001,1.0,0.92,Favourable,0.5924139560461045,59.241395604610446,755
CNc1cccc(CCNc2cccc(CCNc3ccccn3)n2)n1,CHEMBL3814563,,nM,280000.0,uM,280.0,3.5528419686577806,Low Activity,True,348.454,3.222500000000001,74.75999999999999,3,6,9,3,0,Pass,4.777884,1.0,1.0,1.0,1.0,Favourable,0.2833941,0.897767398252352,0.6365854190535477,63.658541905354774,c1ccc(CCNc2cccc(CCNc3ccccn3)n2)nc1,0.25,26,3,3,6,1.0,High Suitability,0.8,1.0,0.9600000000000001,Favourable,0.5918667570352555,59.18667570352555,756
O=c1cc(/C=C/c2cccc(F)c2)[nH]cc1O,CHEMBL4059796,4.72,nM,18970.0,uM,18.97,4.721932669111338,Low Activity,True,231.226,2.39,53.09,2,2,2,2,0,Pass,4.6221757,1.0,1.0,1.0,1.0,Favourable,0.25775373,0.897767398252352,0.6237652348227433,62.37652348227433,O=c1cc[nH]c(C=Cc2ccccc2)c1,0.0,17,2,2,3,1.0,High Suitability,1.0,1.0,1.0,Favourable,0.5917645514011383,59.17645514011382,757
COc1ccc(Nc2ccc3c(C4CCN(C)CC4)c[nH]c3c2)cc1OC,CHEMBL4084675,4.60,nM,25000.0,uM,25.0,4.6020599913279625,Low Activity,True,365.47700000000003,4.737900000000003,49.519999999999996,2,4,5,4,0,Pass,4.7766905,1.0,1.0,1.0,1.0,Favourable,0.28319758,0.897767398252352,0.6364871607966355,63.64871607966355,c1ccc(Nc2ccc3c(C4CCNCC4)c[nH]c3c2)cc1,0.36363636363636365,27,3,2,5,1.0,High Suitability,0.8,1.0,0.9600000000000001,Favourable,0.5917586789131165,59.175867891311654,758
COc1cc2c(cc1O)CC[n+]1cc3c(OC)c(O)ccc3cc1-2,CHEMBL5434024,4.30,nM,50000.0,uM,50.0,4.301029995663981,Low Activity,True,324.356,2.7788000000000013,62.80000000000001,2,4,2,4,0,Pass,4.621106,1.0,1.0,1.0,1.0,Favourable,0.2575776,0.897767398252352,0.6236771689600876,62.367716896008766,c1ccc2c(c1)CC[n+]1cc3ccccc3cc1-2,0.21052631578947367,24,3,2,5,1.0,High Suitability,1.0,1.0,1.0,Favourable,0.5916676789522171,59.1667678952217,759
O=C(CCc1ccccc1)N1CCN(Cc2ccc(O)c3ncccc23)CC1,CHEMBL4225986,4.71,nM,19740.0,uM,19.74,4.704652851666382,Low Activity,True,375.4720000000001,3.2174000000000023,56.67,1,4,5,4,0,Pass,4.774806,1.0,1.0,1.0,1.0,Favourable,0.28288722,0.897767398252352,0.6363319801039627,63.63319801039628,O=C(CCc1ccccc1)N1CCN(Cc2cccc3ncccc23)CC1,0.30434782608695654,28,3,1,5,1.0,High Suitability,0.8,1.0,0.9600000000000001,Favourable,0.5915879712104798,59.15879712104798,760
COc1ccc(CCNc2nc(NC(N)=O)nc3ccccc23)cc1OC,CHEMBL4099046,4.84,nM,14400.0,uM,14.4,4.841637507904751,Low Activity,True,367.4090000000001,2.792200000000001,111.39000000000001,3,6,7,3,0,Pass,5.119874,1.0,0.7,1.0,0.9099999999999999,Favourable,0.33970928,0.897767398252352,0.6377430108733109,63.77430108733109,c1ccc(CCNc2ncnc3ccccc23)cc1,0.21052631578947367,27,3,4,8,0.65,Moderate Suitability,1.0,1.0,0.8700000000000001,Favourable,0.5913401020765304,59.13401020765304,761
O=C1C(=Cc2ccc(N3CCN(C(=O)c4ccco4)CC3)cc2)C(=O)c2ccccc21,CHEMBL3818600,5.04,nM,9200.0,uM,9.2,5.036212172654444,Low Activity,True,412.44500000000016,3.704600000000003,70.83000000000001,0,5,3,5,0,Pass,4.9250126,1.0,1.0,1.0,1.0,Favourable,0.30762166,0.897767398252352,0.6486991988367966,64.86991988367966,O=C1C(=Cc2ccc(N3CCN(C(=O)c4ccco4)CC3)cc2)C(=O)c2ccccc21,0.16,31,3,0,6,1.0,High Suitability,0.6000000000000001,1.0,0.92,Favourable,0.591191911816597,59.1191911816597,762
COc1ccc(CNc2nc(NC(N)=O)nc3ccccc23)cc1OC,CHEMBL4060687,5.08,nM,8300.0,uM,8.3,5.080921907623926,Low Activity,True,353.3820000000001,2.7497000000000007,111.39000000000001,3,6,6,3,0,Pass,5.1145053,1.0,0.7,1.0,0.9099999999999999,Favourable,0.33882523,0.897767398252352,0.6373009828276566,63.73009828276566,c1ccc(CNc2ncnc3ccccc23)cc1,0.16666666666666666,26,3,4,8,0.65,Moderate Suitability,1.0,1.0,0.8700000000000001,Favourable,0.5908538771867752,59.08538771867752,763
COc1ccc(/C=C/C(=O)N2CCN(Cc3ccc(O)c4ncccc34)CC2)cc1OC,CHEMBL4226059,4.72,nM,18940.0,uM,18.94,4.722620025332746,Low Activity,True,433.50800000000015,3.3152000000000017,75.13000000000001,1,6,6,4,0,Pass,4.9206266,1.0,1.0,1.0,1.0,Favourable,0.30689943,0.897767398252352,0.6483380840964249,64.83380840964249,O=C(C=Cc1ccccc1)N1CCN(Cc2cccc3ncccc23)CC1,0.28,32,3,1,7,1.0,High Suitability,0.6000000000000001,1.0,0.92,Favourable,0.5907946915626526,59.07946915626526,764
C[P@]1(=O)OC[C@@]2(CCC[C@@]3(S(=O)(=O)c4ccc(C(F)(F)F)cc4)c4c(F)ccc(F)c4OC[C@@H]23)CO1,CHEMBL3905228,6.40,nM,397.0,nM,397.0,6.401209493236885,Moderately Active,True,552.4540000000002,5.701400000000004,78.9,0,6,2,5,2,Fail,7.2688775,0.5,0.5,0.5,0.5,Unfavourable,0.69358385,0.897767398252352,0.6166802929587296,61.66802929587296,O=[PH]1OCC2(CCCC3(S(=O)(=O)c4ccccc4)c4ccccc4OCC23)CO1,0.4782608695652174,36,2,0,6,0.55,Moderate Suitability,0.15000000000000002,0.6,0.45499999999999996,Unfavourable,0.5907211272716523,59.072112727165226,765
C[P@]1(=O)OC[C@]2(CCC[C@@]3(S(=O)(=O)c4ccc(C(F)(F)F)cc4)c4c(F)ccc(F)c4OC[C@@H]23)CO1,CHEMBL3942223,7.10,nM,79.0,nM,79.0,7.102372908709558,Highly Active,True,552.4540000000002,5.701400000000004,78.9,0,6,2,5,2,Fail,7.2688775,0.5,0.5,0.5,0.5,Unfavourable,0.69358385,0.897767398252352,0.6166802929587296,61.66802929587296,O=[PH]1OCC2(CCCC3(S(=O)(=O)c4ccccc4)c4ccccc4OCC23)CO1,0.4782608695652174,36,2,0,6,0.55,Moderate Suitability,0.15000000000000002,0.6,0.45499999999999996,Unfavourable,0.5907211272716523,59.072112727165226,766
COc1ccc(/C=C/c2occc(=O)c2O)cc1O,CHEMBL5419566,4.36,nM,43730.0,uM,43.73,4.359220522655143,Low Activity,True,260.24499999999995,2.230000000000001,79.9,2,5,3,2,0,Pass,4.6079135,1.0,1.0,1.0,1.0,Favourable,0.2554052,0.897767398252352,0.6225909637160233,62.25909637160233,O=c1ccoc(C=Cc2ccccc2)c1,0.07142857142857142,19,2,2,5,1.0,High Suitability,1.0,1.0,1.0,Favourable,0.5904728591442108,59.047285914421074,767
O=C(/C=C/c1ccc(Cl)cc1)N1CCN(Cc2ccc(O)c3ncccc23)CC1,CHEMBL4225226,4.65,nM,22550.0,uM,22.55,4.64685345378602,Low Activity,True,407.9010000000001,3.951400000000003,56.67,1,4,4,4,0,Pass,4.9156585,1.0,1.0,1.0,1.0,Favourable,0.3060813,0.897767398252352,0.6479290174193314,64.79290174193314,O=C(C=Cc1ccccc1)N1CCN(Cc2cccc3ncccc23)CC1,0.21739130434782608,29,3,1,5,1.0,High Suitability,0.6000000000000001,1.0,0.92,Favourable,0.590344721198082,59.0344721198082,768
Nc1nc(NCc2cccc(C(F)(F)F)c2)c2ccccc2n1,CHEMBL3814349,4.68,nM,21000.0,uM,21.0,4.6777807052660805,Low Activity,True,318.30199999999996,3.842900000000001,63.83,2,4,3,3,0,Pass,4.7598305,1.0,1.0,1.0,1.0,Favourable,0.28042126,0.897767398252352,0.635098998422139,63.509899842213905,c1ccc(CNc2ncnc3ccccc23)cc1,0.125,23,3,3,4,1.0,High Suitability,0.8,1.0,0.9600000000000001,Favourable,0.5902316973209382,59.02316973209382,769
COc1cc(/C=C/c2cc(C)cc(/C=C/c3ccc(O)c(OC)c3)n2)ccc1O,CHEMBL247727,5.85,nM,1400.0,uM,1.4,5.853871964321762,Low Activity,True,389.4510000000001,5.159220000000005,71.81,2,5,6,3,1,Pass,5.9016275,0.75,0.75,0.75,0.75,Moderate,0.46843994,0.897767398252352,0.6166083382315567,61.66083382315567,C(=Cc1cccc(C=Cc2ccccc2)n1)c1ccccc1,0.125,29,3,2,5,0.8,High Suitability,0.55,0.85,0.7350000000000001,Moderate,0.5898919711112975,58.989197111129755,770
COc1cc(/C=C/C(=O)N2CC(C(=O)NCc3ccccc3)C2)ccc1OCc1ccccc1,CHEMBL4850421,5.50,nM,3130.0,uM,3.13,5.504455662453552,Low Activity,True,456.54200000000014,4.062200000000003,67.87,1,4,9,4,0,Pass,5.292822,1.0,0.75,1.0,0.925,Favourable,0.36818844,0.897767398252352,0.6564825903124741,65.64825903124742,O=C(NCc1ccccc1)C1CN(C(=O)C=Cc2ccc(OCc3ccccc3)cc2)C1,0.21428571428571427,34,3,1,6,0.75,High Suitability,0.6000000000000001,1.0,0.8200000000000001,Favourable,0.589503651380539,58.9503651380539,771
O=C(/C=C/c1ccc(O)cc1)c1ccc(O)cc1O,CHEMBL129795,4.71,nM,19700.0,uM,19.7,4.705533773838407,Low Activity,True,256.257,2.699500000000001,77.76,3,4,3,2,0,Pass,4.596864,1.0,1.0,1.0,1.0,Favourable,0.25358576,0.897767398252352,0.6216812478251389,62.16812478251389,O=C(C=Cc1ccccc1)c1ccccc1,0.0,19,2,3,4,1.0,High Suitability,1.0,1.0,1.0,Favourable,0.5894721716642379,58.94721716642379,772
COc1cc(-c2cc(-c3c(O)cccc3O)[nH]n2)cc(OC)c1O,CHEMBL3594079,5.54,nM,2900.0,uM,2.9,5.537602002101044,Low Activity,True,328.3240000000001,2.8777000000000013,107.83,4,6,4,3,0,Pass,5.408179,1.0,0.49999999999999994,1.0,0.8500000000000001,Favourable,0.3871842,0.897767398252352,0.6434804712481431,64.34804712481431,c1ccc(-c2cc(-c3ccccc3)[nH]n2)cc1,0.11764705882352941,24,3,4,7,0.45,Low Suitability,1.0,1.0,0.79,Moderate,0.5894513174295425,58.945131742954246,773
CCN(CC)CCNc1ccc(C)c2sc3ccccc3c(=O)c12,CHEMBL279014,4.62,nM,24000.0,uM,24.0,4.619788758288394,Low Activity,True,340.49200000000013,4.476820000000004,32.34,1,4,6,3,0,Pass,4.7497325,1.0,1.0,1.0,1.0,Favourable,0.2787584,0.897767398252352,0.6342675732321671,63.42675732321671,O=c1c2ccccc2sc2ccccc12,0.35,24,3,1,3,1.0,High Suitability,0.8,1.0,0.9600000000000001,Favourable,0.5893171236515046,58.93171236515046,774
COc1cc(-c2cc(-c3c(O)cccc3O)[nH]n2)ccc1O,CHEMBL3594076,5.37,nM,4300.0,uM,4.3,5.366531544420413,Low Activity,True,298.29800000000006,2.8691,98.6,4,5,3,3,0,Pass,5.4049935,1.0,0.49999999999999994,1.0,0.8500000000000001,Favourable,0.38665968,0.897767398252352,0.6432182108111314,64.32182108111314,c1ccc(-c2cc(-c3ccccc3)[nH]n2)cc1,0.0625,22,3,4,6,0.45,Low Suitability,1.0,1.0,0.79,Moderate,0.5891628309488296,58.91628309488296,775
Cc1ccc(-n2cc(C(=O)Nc3ccc(C(O)(C(F)(F)F)C(F)(F)F)cc3)nn2)cc1C,CHEMBL4878996,5.34,nM,4600.0,uM,4.6,5.337242168318426,Low Activity,True,458.3620000000001,4.448640000000002,80.04,2,4,4,3,0,Pass,5.288772,1.0,0.75,1.0,0.925,Favourable,0.36752158,0.897767398252352,0.6561491619296006,65.61491619296007,O=C(Nc1ccccc1)c1cn(-c2ccccc2)nn1,0.25,32,3,2,6,0.75,High Suitability,0.6000000000000001,1.0,0.8200000000000001,Favourable,0.5891368741989136,58.91368741989136,776
COc1cc(/C=C/C(=O)N2CC(C(=O)NCc3ccc(F)cc3)C2)ccc1OCc1ccccc1,CHEMBL4849121,5.47,nM,3350.0,uM,3.35,5.474955192963154,Low Activity,True,474.53200000000015,4.201300000000003,67.87,1,4,9,4,0,Pass,5.282134,1.0,0.75,1.0,0.925,Favourable,0.3664285,0.897767398252352,0.6556026171393327,65.56026171393327,O=C(NCc1ccccc1)C1CN(C(=O)C=Cc2ccc(OCc3ccccc3)cc2)C1,0.21428571428571427,35,3,1,6,0.75,High Suitability,0.6000000000000001,1.0,0.8200000000000001,Favourable,0.5885356719493866,58.85356719493866,777
CC1=NN(c2ccc3ccccc3c2)C(=O)C1,CHEMBL3739456,,nM,50000.0,uM,50.0,4.301029995663981,Low Activity,True,224.26299999999998,2.952400000000001,32.67,0,2,1,3,0,Pass,4.5846086,1.0,1.0,1.0,1.0,Favourable,0.2515676,0.897767398252352,0.6206721709914139,62.067217099141395,O=C1CC=NN1c1ccc2ccccc2c1,0.14285714285714285,17,2,0,3,1.0,High Suitability,1.0,1.0,1.0,Favourable,0.5883621841669082,58.83621841669082,778
CN(C)c1ccc(/C=C/c2cc3ccc(Cl)cc3o2)cc1,CHEMBL490798,5.49,nM,3210.0,uM,3.21,5.493494967595128,Low Activity,True,297.78499999999997,5.322600000000004,16.380000000000003,0,2,3,3,1,Pass,5.883355,0.75,0.75,0.75,0.75,Moderate,0.46543103,0.897767398252352,0.6151038871951034,61.510388719510345,C(=Cc1cc2ccccc2o1)c1ccccc1,0.1111111111111111,21,3,0,2,0.8,High Suitability,0.55,0.85,0.7350000000000001,Moderate,0.5882370779514312,58.82370779514312,779
Nc1nc(NCc2ccc(C(F)(F)F)cc2)c2ccccc2n1,CHEMBL3814660,,nM,25000.0,uM,25.0,4.6020599913279625,Low Activity,True,318.30199999999996,3.842900000000001,63.83,2,4,3,3,0,Pass,4.7374744,1.0,1.0,1.0,1.0,Favourable,0.2767399,0.897767398252352,0.6332583175845078,63.32583175845078,c1ccc(CNc2ncnc3ccccc23)cc1,0.125,23,3,3,4,1.0,High Suitability,0.8,1.0,0.9600000000000001,Favourable,0.5882069424390793,58.82069424390794,780
CNc1cccc(NCCc2cccc(NCCc3ccccn3)n2)n1,CHEMBL3814719,4.60,nM,25000.0,uM,25.0,4.6020599913279625,Low Activity,True,348.454,3.222500000000001,74.75999999999999,3,6,9,3,0,Pass,4.7374454,1.0,1.0,1.0,1.0,Favourable,0.27673513,0.897767398252352,0.6332559333987168,63.32559333987168,c1ccc(CCNc2cccc(CCNc3ccccn3)n2)nc1,0.25,26,3,3,6,1.0,High Suitability,0.8,1.0,0.9600000000000001,Favourable,0.5882043198347092,58.820431983470925,781
CNc1cccc(CCNc2cccc(NCCc3ccccn3)n2)n1,CHEMBL3815004,4.46,nM,35000.0,uM,35.0,4.455931955649724,Low Activity,True,348.454,3.222500000000001,74.75999999999999,3,6,9,3,0,Pass,4.7374454,1.0,1.0,1.0,1.0,Favourable,0.27673513,0.897767398252352,0.6332559333987168,63.32559333987168,c1ccc(CCNc2cccc(NCCc3ccccn3)n2)nc1,0.25,26,3,3,6,1.0,High Suitability,0.8,1.0,0.9600000000000001,Favourable,0.5882043198347092,58.820431983470925,782
Oc1cc(O)cc(/C=C/c2ccc(NCc3ccccc3O)cc2)c1,CHEMBL2402157,4.99,nM,10220.0,uM,10.22,4.990549104201306,Low Activity,True,333.387,4.585900000000003,72.72,4,4,5,3,0,Pass,5.0339885,1.0,0.8,1.0,0.94,Favourable,0.3255666,0.897767398252352,0.6396716648287705,63.96716648287705,C(=Cc1ccc(NCc2ccccc2)cc1)c1ccccc1,0.047619047619047616,25,3,4,4,0.8,High Suitability,0.8,1.0,0.8800000000000001,Favourable,0.587061621427536,58.706162142753605,783
COc1ccc(CNC(=O)C2CN(C(=O)/C=C/c3ccc(OCc4ccccc4)c(OC)c3)C2)cc1,CHEMBL4863966,5.32,nM,4780.0,uM,4.78,5.320572103387882,Low Activity,True,486.56800000000027,4.070800000000003,77.10000000000001,1,5,10,4,0,Pass,5.2652407,1.0,0.75,1.0,0.925,Favourable,0.3636467,0.897767398252352,0.6542117129511765,65.42117129511766,O=C(NCc1ccccc1)C1CN(C(=O)C=Cc2ccc(OCc3ccccc3)cc2)C1,0.2413793103448276,36,3,1,7,0.75,High Suitability,0.6000000000000001,1.0,0.8200000000000001,Favourable,0.5870056803226471,58.70056803226471,784
CN(C)c1ccc(/C=C/c2occc(=O)c2O)cc1,CHEMBL5412178,4.33,nM,47150.0,uM,47.15,4.326518302926653,Low Activity,True,257.28899999999993,2.5818000000000003,53.68000000000001,1,4,3,2,0,Pass,4.5695896,1.0,1.0,1.0,1.0,Favourable,0.24909443,0.897767398252352,0.6194355832285813,61.94355832285813,O=c1ccoc(C=Cc2ccccc2)c1,0.13333333333333333,19,2,1,4,1.0,High Suitability,1.0,1.0,1.0,Favourable,0.5870019316673278,58.70019316673278,785
Nc1nc(NCc2cccc(Cl)c2)c2ccccc2n1,CHEMBL3814383,,nM,25000.0,uM,25.0,4.6020599913279625,Low Activity,True,284.75,3.477500000000002,63.83,2,4,3,3,0,Pass,4.721144,1.0,1.0,1.0,1.0,Favourable,0.27405083,0.897767398252352,0.6319137858099869,63.191378580998695,c1ccc(CNc2ncnc3ccccc23)cc1,0.06666666666666667,20,3,3,4,1.0,High Suitability,0.8,1.0,0.9600000000000001,Favourable,0.5867279574871064,58.67279574871064,786
C[C@]1(O)c2ccc3c(c2C(=O)c2occ(CCCO)c21)CCC3=O,CHEMBL3582127,4.55,nM,28000.0,uM,28.0,4.552841968657781,Low Activity,True,326.34800000000007,2.1336000000000004,87.74000000000001,2,5,3,4,0,Pass,4.5660305,1.0,1.0,1.0,1.0,Favourable,0.2485084,0.897767398252352,0.6191425667948655,61.91425667948655,O=C1CCc2c1ccc1c2C(=O)c2occc2C1,0.3684210526315789,24,2,2,5,1.0,High Suitability,1.0,1.0,1.0,Favourable,0.5866796195507049,58.66796195507049,787
C[C@]12CCC(=O)c3coc(c31)C(=O)C1=C2[C@@H](O)C[C@]2(C)C(=O)CC[C@@H]12,CHEMBL3582132,5.92,nM,1200.0,uM,1.2,5.920818753952375,Low Activity,True,340.3750000000001,2.7567000000000013,84.58000000000001,1,5,0,5,0,Pass,4.565096,1.0,1.0,1.0,1.0,Favourable,0.2483545,0.897767398252352,0.6190656171984604,61.906561719846046,O=C1CCC2C3=C(C(=O)c4occ1c42)C1CCC(=O)C1CC3,0.55,25,1,1,5,1.0,High Suitability,1.0,1.0,1.0,Favourable,0.5865949809551239,58.65949809551238,788
O=C(O)/C=C/c1ccc(O)c(O)c1,CHEMBL145,4.48,nM,32800.0,uM,32.8,4.484126156288321,Low Activity,True,180.159,1.1956,77.76,3,3,2,1,0,Pass,4.563289,1.0,1.0,1.0,1.0,Favourable,0.24805695,0.897767398252352,0.618916844005101,61.89168440051011,c1ccccc1,0.0,13,1,3,4,1.0,High Suitability,1.0,1.0,1.0,Favourable,0.5864313215017318,58.64313215017318,789
COc1ccc(/C=C/c2cccc(/C=C/c3ccc(OC)c(N(C)C)c3)n2)cc1N(C)C,CHEMBL394713,6.05,nM,900.0,uM,0.9,6.045757490560675,Moderately Active,True,429.5640000000002,5.571600000000005,37.830000000000005,0,5,8,3,1,Pass,6.017876,0.75,0.75,0.75,0.75,Moderate,0.4875825,0.897767398252352,0.6261796222872665,62.617962228726654,C(=Cc1cccc(C=Cc2ccccc2)n1)c1ccccc1,0.2222222222222222,32,3,0,5,0.8,High Suitability,0.35000000000000003,0.85,0.6950000000000001,Moderate,0.5864203865528106,58.642038655281056,790
CCN(CC)C(=O)C1CN(C(=O)/C=C/c2ccc(OCc3ccccc3)c(OC)c2)C1,CHEMBL4877193,4.89,nM,12780.0,uM,12.78,4.893469146177619,Low Activity,True,422.5250000000002,3.614200000000003,59.08000000000001,0,4,9,3,0,Pass,4.8712673,1.0,1.0,1.0,1.0,Favourable,0.29877144,0.897767398252352,0.6442740904040268,64.42740904040268,O=C(C=Cc1ccc(OCc2ccccc2)cc1)N1CCC1,0.36,31,2,0,6,1.0,High Suitability,0.6000000000000001,1.0,0.92,Favourable,0.5863242985010148,58.632429850101474,791
CC1=NN(c2cccc(N3CCCC3)c2)C(=O)C1,CHEMBL3740581,4.78,nM,16800.0,uM,16.8,4.774690718274137,Low Activity,True,243.3099999999999,2.399400000000001,35.91,0,3,2,3,0,Pass,4.562098,1.0,1.0,1.0,1.0,Favourable,0.24786079,0.897767398252352,0.6188187645621231,61.88187645621232,O=C1CC=NN1c1cccc(N2CCCC2)c1,0.42857142857142855,18,1,0,4,1.0,High Suitability,1.0,1.0,1.0,Favourable,0.5863234370946884,58.632343709468834,792
CNc1cc(/C=C/c2cccc(/C=C/c3ccc(OC)c(NC)c3)n2)ccc1OC,CHEMBL248122,5.96,nM,1100.0,uM,1.1,5.958607314841775,Low Activity,True,401.51000000000016,5.523000000000005,55.41,2,5,8,3,1,Pass,6.015464,0.75,0.75,0.75,0.75,Moderate,0.4871853,0.897767398252352,0.6259810196108749,62.598101961087494,C(=Cc1cccc(C=Cc2ccccc2)n1)c1ccccc1,0.16,30,3,2,5,0.8,High Suitability,0.35000000000000003,0.85,0.6950000000000001,Moderate,0.5862019057273864,58.620190572738636,793
C[C@]1(O)c2ccc3c(c2C(=O)c2occ(CCO)c21)CCC3=O,CHEMBL3582128,4.46,nM,34300.0,uM,34.3,4.464705879957229,Low Activity,True,312.3210000000001,1.7435000000000003,87.74000000000001,2,5,2,4,0,Pass,4.5579967,1.0,1.0,1.0,1.0,Favourable,0.24718547,0.897767398252352,0.6184811042494706,61.84811042494706,O=C1CCc2c1ccc1c2C(=O)c2occc2C1,0.3333333333333333,23,2,2,5,1.0,High Suitability,1.0,1.0,1.0,Favourable,0.5859520107507705,58.59520107507705,794
Cc1ccc(CNc2nc(N)nc3ccccc23)cc1,CHEMBL3813971,,nM,25000.0,uM,25.0,4.6020599913279625,Low Activity,True,264.33200000000005,3.1325200000000004,63.83,2,4,3,3,0,Pass,4.710175,1.0,1.0,1.0,1.0,Favourable,0.2722445,0.897767398252352,0.6310106264300278,63.101062643002784,c1ccc(CNc2ncnc3ccccc23)cc1,0.125,20,3,3,4,1.0,High Suitability,0.8,1.0,0.9600000000000001,Favourable,0.5857344821691514,58.57344821691514,795
COCC[C@]1(c2nc(NC(=O)c3ncc(C(F)(F)F)cc3Cl)ccc2F)N=C(N)OCC1(F)F,CHEMBL4108431,6.42,nM,380.0,nM,380.0,6.42021640338319,Moderately Active,True,511.8100000000001,3.752200000000001,111.72,2,7,6,3,1,Pass,6.5703435,0.75,0.44999999999999996,0.75,0.66,Moderate,0.5785568,0.897767398252352,0.644666757935994,64.4666757935994,O=C(Nc1cccc(C2CCOC=N2)n1)c1ccccn1,0.3684210526315789,34,2,3,8,0.4,Low Suitability,0.4000000000000001,0.75,0.55,Unfavourable,0.5857062208652497,58.57062208652497,796
Cc1cccc(CNc2nc(N)nc3ccccc23)c1,CHEMBL3814363,,nM,25000.0,uM,25.0,4.6020599913279625,Low Activity,True,264.332,3.1325200000000013,63.83,2,4,3,3,0,Pass,4.709715,1.0,1.0,1.0,1.0,Favourable,0.27216876,0.897767398252352,0.630972747678273,63.09727476782731,c1ccc(CNc2ncnc3ccccc23)cc1,0.125,20,3,3,4,1.0,High Suitability,0.8,1.0,0.9600000000000001,Favourable,0.5856928185224534,58.56928185224534,797
OB1Oc2ccc3ccc(O)cc3c2C=C1c1ccc(O)c(O)c1,CHEMBL4444573,5.47,nM,3400.0,uM,3.4,5.468521082957745,Low Activity,True,320.10900000000004,2.9093000000000018,90.15,4,5,1,4,0,Pass,5.361902,1.0,0.49999999999999994,1.0,0.8500000000000001,Favourable,0.37956387,0.897767398252352,0.639670303935521,63.96703039355211,B1Oc2ccc3ccccc3c2C=C1c1ccccc1,0.0,24,3,4,5,0.45,Low Suitability,1.0,1.0,0.79,Moderate,0.5852601274251937,58.52601274251937,798
O=C([C@@H]1C[C@H](N2CCN(c3ncccn3)CC2)CN1)N1CCC(F)(F)C1,CHEMBL515387,,nM,30000.0,nM,30000.0,4.522878745280337,Low Activity,True,366.4160000000001,0.19670000000000054,64.60000000000001,1,6,3,4,0,Pass,4.7042246,1.0,1.0,1.0,1.0,Favourable,0.27126467,0.897767398252352,0.6305207060522965,63.05207060522965,O=C(C1CC(N2CCN(c3ncccn3)CC2)CN1)N1CCCC1,0.7058823529411765,26,1,1,7,0.8,High Suitability,1.0,1.0,0.9600000000000001,Favourable,0.5851955667734147,58.51955667734147,799
CC1=NN(c2ccc(-n3cccc3)cc2)C(=O)C1,CHEMBL3741643,4.58,nM,26000.0,uM,26.0,4.585026652029182,Low Activity,True,239.278,2.5899,37.6,0,2,2,3,0,Pass,4.548881,1.0,1.0,1.0,1.0,Favourable,0.24568439,0.897767398252352,0.6177305625624588,61.77305625624589,O=C1CC=NN1c1ccc(-n2cccc2)cc1,0.14285714285714285,18,2,0,4,1.0,High Suitability,1.0,1.0,1.0,Favourable,0.5851264119148254,58.51264119148254,800
CCN(CC)CCCNc1ccc(N)c2sc3ccc(OC)cc3c(=O)c12,CHEMBL5418214,4.68,nM,21000.0,uM,21.0,4.6777807052660805,Low Activity,True,385.5330000000002,4.149300000000002,67.59,2,6,8,3,0,Pass,4.7019835,1.0,1.0,1.0,1.0,Favourable,0.2708956,0.897767398252352,0.6303361700720719,63.03361700720719,O=c1c2ccccc2sc2ccccc12,0.38095238095238093,27,3,3,5,1.0,High Suitability,0.8,1.0,0.9600000000000001,Favourable,0.5849925831556321,58.49925831556321,801
NC(=O)Nc1nc(NCc2ccccc2)c2ccccc2n1,CHEMBL4081013,4.88,nM,13300.0,uM,13.3,4.876148359032914,Low Activity,True,293.33000000000004,2.732500000000001,92.93,3,4,4,3,0,Pass,5.047982,1.0,0.7,1.0,0.9099999999999999,Favourable,0.3278709,0.897767398252352,0.6318238226122788,63.18238226122788,c1ccc(CNc2ncnc3ccccc23)cc1,0.0625,22,3,4,6,0.65,Moderate Suitability,1.0,1.0,0.8700000000000001,Favourable,0.5848289949893951,58.48289949893951,802
O=C(/C(=C/C=C/c1ccccc1)c1cccc(C(F)(F)F)c1)N1CCN(c2ncccn2)CC1,CHEMBL4215895,5.30,nM,5000.0,uM,5.0,5.301029995663981,Low Activity,True,464.4910000000002,4.941000000000004,49.330000000000005,0,4,5,4,0,Pass,5.238685,1.0,0.75,1.0,0.925,Favourable,0.3592738,0.897767398252352,0.6520252655692033,65.20252655692033,O=C(C(=CC=Cc1ccccc1)c1ccccc1)N1CCN(c2ncccn2)CC1,0.19230769230769232,34,3,0,5,0.75,High Suitability,0.6000000000000001,1.0,0.8200000000000001,Favourable,0.5846005882024765,58.46005882024765,803
O=C(OCCCC1CCc2ccccc2N1S(=O)(=O)c1ccc(Cl)cc1)N1CCC(N2CCCCC2)CC1,CHEMBL231248,7.22,nM,60.0,nM,60.0,7.221848749616356,Highly Active,True,560.1600000000001,5.717200000000006,70.16,0,5,7,5,2,Fail,7.197347,0.5,0.5,0.5,0.5,Unfavourable,0.681805,0.897767398252352,0.6107908772177628,61.07908772177628,O=C(OCCCC1CCc2ccccc2N1S(=O)(=O)c1ccccc1)N1CCC(N2CCCCC2)CC1,0.5517241379310345,38,2,0,7,0.55,Moderate Suitability,0.15000000000000002,0.6,0.45499999999999996,Unfavourable,0.5842427580356598,58.42427580356598,804
COc1ccc(CNc2nc(N=[N+]=[N-])nc3ccccc23)cc1OC,CHEMBL4089722,5.14,nM,7200.0,uM,7.2,5.142667503568731,Low Activity,True,336.35500000000013,4.2009000000000025,105.03,1,6,6,3,0,Pass,5.1958227,1.0,0.7,1.0,0.9099999999999999,Favourable,0.3522157,0.897767398252352,0.6439962235636643,64.39962235636642,c1ccc(CNc2ncnc3ccccc23)cc1,0.17647058823529413,25,3,1,8,0.65,Moderate Suitability,0.8,1.0,0.8300000000000001,Favourable,0.5842186419963836,58.421864199638364,805
COc1cc2c(cc1O)[C@@H]1Cc3ccc(OC)c(O)c3CN1CC2,CHEMBL1235966,,nM,50000.0,uM,50.0,4.301029995663981,Low Activity,True,327.3800000000001,2.770500000000001,62.160000000000004,2,5,2,4,0,Pass,4.5384703,1.0,1.0,1.0,1.0,Favourable,0.24397004,0.897767398252352,0.616873388165944,61.6873388165944,c1ccc2c(c1)CC1c3ccccc3CCN1C2,0.3684210526315789,24,2,2,5,1.0,High Suitability,1.0,1.0,1.0,Favourable,0.5841835260391235,58.418352603912346,806
O=C(NO)c1ccc(Nc2ccnc3ccccc23)cc1,CHEMBL4752558,,nM,20000.0,uM,20.0,4.698970004336019,Low Activity,True,279.29900000000004,3.0974000000000013,74.25,3,4,3,3,0,Pass,4.681907,1.0,1.0,1.0,1.0,Favourable,0.2675897,0.897767398252352,0.6286832140631607,62.86832140631608,c1ccc(Nc2ccnc3ccccc23)cc1,0.0,21,3,3,5,1.0,High Suitability,0.8,1.0,0.9600000000000001,Favourable,0.5831743285655976,58.31743285655976,807
OB1Oc2ccc3cc(O)ccc3c2C=C1c1ccc(O)c(O)c1,CHEMBL4476718,5.34,nM,4600.0,uM,4.6,5.337242168318426,Low Activity,True,320.10900000000004,2.9093000000000018,90.15,4,5,1,4,0,Pass,5.3372755,1.0,0.49999999999999994,1.0,0.8500000000000001,Favourable,0.3755086,0.897767398252352,0.6376426731295518,63.764267312955184,B1Oc2ccc3ccccc3c2C=C1c1ccccc1,0.0,24,3,4,5,0.45,Low Suitability,1.0,1.0,0.79,Moderate,0.5830297365188598,58.30297365188598,808
Cc1ccc(NS(=O)(=O)c2ccc(Cl)cc2)c(N)c1,CHEMBL2063874,4.52,nM,30000.0,uM,30.0,4.522878745280337,Low Activity,True,296.77900000000005,3.03142,72.19,2,3,3,2,0,Pass,4.679841,1.0,1.0,1.0,1.0,Favourable,0.26724946,0.897767398252352,0.6285131024069718,62.85131024069718,O=S(=O)(Nc1ccccc1)c1ccccc1,0.07692307692307693,19,2,3,4,1.0,High Suitability,0.8,1.0,0.9600000000000001,Favourable,0.5829872146844864,58.29872146844865,809
CC1=NN(c2cccc(COCc3ccccc3)c2)C(=O)C1,CHEMBL3741680,4.57,nM,27000.0,uM,27.0,4.568636235841013,Low Activity,True,294.35400000000004,3.516000000000002,41.9,0,3,5,3,0,Pass,4.6747036,1.0,1.0,1.0,1.0,Favourable,0.2664035,0.897767398252352,0.6280901180453232,62.809011804532325,O=C1CC=NN1c1cccc(COCc2ccccc2)c1,0.2222222222222222,22,2,0,4,1.0,High Suitability,0.8,1.0,0.9600000000000001,Favourable,0.5825219259262086,58.25219259262086,810
COc1cc(/C=C/C(=O)N2CC(C(=O)N3CCOCC3)C2)ccc1OCc1ccccc1,CHEMBL4874507,4.45,nM,35670.0,uM,35.67,4.447696890661646,Low Activity,True,436.5080000000002,2.6045999999999996,68.31,0,5,7,4,0,Pass,4.67271,1.0,1.0,1.0,1.0,Favourable,0.2660752,0.897767398252352,0.6279259668536118,62.79259668536118,O=C(C=Cc1ccc(OCc2ccccc2)cc1)N1CC(C(=O)N2CCOCC2)C1,0.36,32,2,0,7,1.0,High Suitability,0.8,1.0,0.9600000000000001,Favourable,0.5823413536548615,58.23413536548615,811
COc1ccc(C(=O)/C=C/c2ccc(C(=O)Nc3ccccc3O)cc2)c(O)c1,CHEMBL2408264,5.00,nM,10100.0,uM,10.1,4.995678626217358,Low Activity,True,389.4070000000001,4.254800000000004,95.86000000000001,3,5,6,3,0,Pass,5.173058,1.0,0.7,1.0,0.9099999999999999,Favourable,0.34846705,0.897767398252352,0.6421218959040573,64.21218959040573,O=C(C=Cc1ccc(C(=O)Nc2ccccc2)cc1)c1ccccc1,0.043478260869565216,29,3,3,6,0.65,Moderate Suitability,0.8,1.0,0.8300000000000001,Favourable,0.5821568875312805,58.21568875312805,812
COc1ccc2cc(C(=O)CN3CCC(Cc4ccccc4)CC3)c(=O)oc2c1,CHEMBL2381386,4.44,nM,36000.0,uM,36.0,4.443697499232713,Low Activity,True,391.46700000000016,3.9390000000000027,59.75,0,5,6,4,0,Pass,4.6622934,1.0,1.0,1.0,1.0,Favourable,0.2643599,0.897767398252352,0.6270683156199387,62.70683156199387,O=C(CN1CCC(Cc2ccccc2)CC1)c1cc2ccccc2oc1=O,0.3333333333333333,29,3,0,5,1.0,High Suitability,0.8,1.0,0.9600000000000001,Favourable,0.5813979462385178,58.139794623851785,813
O=c1ccoc(/C=C/c2ccc(N3CCCCC3)cc2)c1O,CHEMBL5413248,4.48,nM,33430.0,uM,33.43,4.475863623407432,Low Activity,True,297.354,3.506100000000002,53.68000000000001,1,4,3,3,0,Pass,4.6622205,1.0,1.0,1.0,1.0,Favourable,0.2643479,0.897767398252352,0.6270623253531388,62.70623253531388,O=c1ccoc(C=Cc2ccc(N3CCCCC3)cc2)c1,0.2777777777777778,22,2,1,4,1.0,High Suitability,0.8,1.0,0.9600000000000001,Favourable,0.5813913599252701,58.13913599252702,814
O=C(CCCCCCC(=O)Nc1ccccc1)NO,CHEMBL98,,nM,20000.0,uM,20.0,4.698970004336019,Low Activity,True,264.32500000000005,2.4711,78.43,3,3,8,1,0,Pass,4.5022774,1.0,1.0,1.0,1.0,Favourable,0.23801017,0.897767398252352,0.6138934539503983,61.38934539503983,c1ccccc1,0.42857142857142855,19,1,3,5,1.0,High Suitability,1.0,1.0,1.0,Favourable,0.5809055984020233,58.090559840202324,815
Cc1nc2ccc(/C=C/C(=O)NO)cc2c(=O)n1-c1ccccc1,CHEMBL2425954,,nM,50000.0,uM,50.0,4.301029995663981,Low Activity,True,321.336,2.21272,84.22,2,4,3,3,0,Pass,4.50097,1.0,1.0,1.0,1.0,Favourable,0.23779488,0.897767398252352,0.6137858079619339,61.3785807961934,O=c1c2ccccc2ncn1-c1ccccc1,0.05555555555555555,24,3,2,6,1.0,High Suitability,1.0,1.0,1.0,Favourable,0.5807871788740158,58.078717887401574,816
O=c1c2ccccc2sc2c([N+](=O)[O-])ccc(NC[C@@H]3CCCN4CCCC[C@H]34)c12,CHEMBL5434315,4.70,nM,20000.0,uM,20.0,4.698970004336019,Low Activity,True,423.53800000000035,4.999300000000004,75.47999999999999,1,6,4,5,0,Pass,4.8085623,1.0,1.0,1.0,1.0,Favourable,0.2884459,0.897767398252352,0.6391113148875168,63.911131488751685,O=c1c2ccccc2sc2cccc(NCC3CCCN4CCCCC34)c12,0.43478260869565216,30,3,1,6,1.0,High Suitability,0.6000000000000001,1.0,0.92,Favourable,0.5806452424526215,58.06452424526215,817
O=c1ccoc(/C=C/c2ccc(N3CCOCC3)cc2)c1O,CHEMBL5431087,4.31,nM,49370.0,uM,49.37,4.306536872780469,Low Activity,True,299.32599999999996,2.3524000000000007,62.91000000000001,1,5,3,3,0,Pass,4.494201,1.0,1.0,1.0,1.0,Favourable,0.23668027,0.897767398252352,0.613228504533284,61.32285045332841,O=c1ccoc(C=Cc2ccc(N3CCOCC3)cc2)c1,0.23529411764705882,22,2,1,5,1.0,High Suitability,1.0,1.0,1.0,Favourable,0.5801741451025009,58.017414510250084,818
CN(C)c1ccc(/C=C/c2cc3ccc(Br)cc3o2)cc1,CHEMBL490799,5.87,nM,1340.0,uM,1.34,5.872895201635192,Low Activity,True,342.23600000000005,5.431700000000004,16.380000000000003,0,2,3,3,1,Pass,5.7911806,0.75,0.75,0.75,0.75,Moderate,0.45025277,0.897767398252352,0.6075147556013992,60.75147556013992,C(=Cc1cc2ccccc2o1)c1ccccc1,0.1111111111111111,21,3,0,2,0.8,High Suitability,0.55,0.85,0.7350000000000001,Moderate,0.5798890302181243,57.98890302181243,819
COc1cc([C@H]2C[C@@H]2C(=O)N2CCCCC2)ccc1OCc1ccccc1,CHEMBL4873786,4.73,nM,18650.0,uM,18.65,4.729321163855293,Low Activity,True,365.47300000000007,4.3902000000000045,38.769999999999996,0,3,6,4,0,Pass,4.641567,1.0,1.0,1.0,1.0,Favourable,0.26094693,0.897767398252352,0.6253618346400193,62.53618346400193,O=C(C1CC1c1ccc(OCc2ccccc2)cc1)N1CCCCC1,0.43478260869565216,27,2,0,4,1.0,High Suitability,0.8,1.0,0.9600000000000001,Favourable,0.5795208171606064,57.95208171606065,820
CN(C)c1ccc(/C=C/c2cc3ccc(I)cc3o2)cc1,CHEMBL492023,5.55,nM,2800.0,uM,2.8,5.552841968657781,Low Activity,True,389.23600000000005,5.273800000000004,16.380000000000003,0,2,3,3,1,Pass,5.7860103,0.75,0.75,0.75,0.75,Moderate,0.44940138,0.897767398252352,0.6070890592284134,60.70890592284134,C(=Cc1cc2ccccc2o1)c1ccccc1,0.1111111111111111,21,3,0,2,0.8,High Suitability,0.55,0.85,0.7350000000000001,Moderate,0.5794207612276077,57.94207612276077,821
O=c1cc(/C=C/c2cc(O)cc(O)c2)occ1O,CHEMBL4294830,4.75,nM,17950.0,uM,17.95,4.745935547085662,Low Activity,True,246.218,1.927,90.9,3,5,2,2,0,Pass,4.9868937,1.0,0.7,1.0,0.9099999999999999,Favourable,0.31781155,0.897767398252352,0.6267941442675522,62.67941442675522,O=c1ccoc(C=Cc2ccccc2)c1,0.0,18,2,3,5,0.65,Moderate Suitability,1.0,1.0,0.8700000000000001,Favourable,0.5792963577508926,57.92963577508926,822
COc1ccc(C[C@H]2c3c(ccc(OC)c3O)CCN2C)cc1,CHEMBL5414196,,nM,50000.0,uM,50.0,4.301029995663981,Low Activity,True,313.39700000000005,3.1811000000000016,41.93,1,4,4,3,0,Pass,4.63595,1.0,1.0,1.0,1.0,Favourable,0.26002198,0.897767398252352,0.624899362201207,62.489936220120704,c1ccc(CC2NCCc3ccccc32)cc1,0.3684210526315789,23,2,1,4,1.0,High Suitability,0.8,1.0,0.9600000000000001,Favourable,0.5790120915174485,57.90120915174485,823
CCC[C@H](C(N)=O)[C@@H](CC(C)C)C(=O)N[C@H]1CCCCN(Cc2cccc(Nc3ccc4c(c3)OCO4)c2)C1=O,CHEMBL205970,6.82,nM,152.0,nM,152.0,6.818156412055227,Moderately Active,True,550.7000000000004,4.720100000000003,122.99000000000001,3,6,12,4,1,Pass,6.752803,0.6,0.44999999999999996,0.75,0.6,Moderate,0.6086023,0.897767398252352,0.6416895126051835,64.16895126051834,O=C1CCCCCN1Cc1cccc(Nc2ccc3c(c2)OCO3)c1,0.5161290322580645,40,2,4,9,0.4,Low Suitability,0.4000000000000001,0.55,0.48250000000000004,Unfavourable,0.5786062510013581,57.860625100135806,824
COc1cc(N2N=C(C)CC2=O)nc(OC)n1,CHEMBL3742036,,nM,50000.0,uM,50.0,4.301029995663981,Low Activity,True,236.231,0.6063999999999998,76.91,0,6,3,2,0,Pass,4.630935,1.0,1.0,1.0,1.0,Favourable,0.25919616,0.897767398252352,0.6244864510245255,62.44864510245255,O=C1CC=NN1c1ccncn1,0.4,17,1,0,7,0.8,High Suitability,1.0,1.0,0.9600000000000001,Favourable,0.5785578892230988,57.855788922309884,825
COC1=C(CC(=O)CCc2ccccc2)C(=O)O[C@@H]1O,CHEMBL5411138,4.58,nM,26600.0,uM,26.6,4.575118363368933,Low Activity,True,276.288,1.3541,72.83000000000001,1,5,6,2,0,Pass,4.4723735,1.0,1.0,1.0,1.0,Favourable,0.23308593,0.897767398252352,0.6114313350863388,61.14313350863389,O=C(CCc1ccccc1)CC1=CCOC1=O,0.3333333333333333,20,1,1,5,1.0,High Suitability,1.0,1.0,1.0,Favourable,0.5781972676515579,57.819726765155785,826
COc1ccccc1OCCNCC(O)COc1cccc2[nH]c3ccccc3c12,CHEMBL723,4.52,nM,30000.0,uM,30.0,4.522878745280337,Low Activity,True,406.482,3.738000000000002,75.74000000000001,3,5,10,4,0,Pass,4.7801423,1.0,1.0,1.0,1.0,Favourable,0.28376597,0.897767398252352,0.6367713557429245,63.67713557429246,c1ccc(OCCNCCCOc2cccc3[nH]c4ccccc4c23)cc1,0.25,30,4,3,6,1.0,High Suitability,0.6000000000000001,1.0,0.92,Favourable,0.5780712903738022,57.80712903738022,827
CNc1cccc(NCCc2cccc(NCc3ccccn3)n2)n1,CHEMBL3814159,4.89,nM,13000.0,uM,13.0,4.886056647693163,Low Activity,True,334.427,3.1800000000000006,74.75999999999999,3,6,8,3,0,Pass,4.620273,1.0,1.0,1.0,1.0,Favourable,0.25744045,0.897767398252352,0.6236085938162735,62.36085938162736,c1ccc(CNc2cccc(CCNc3ccccn3)n2)nc1,0.21052631578947367,25,3,3,6,1.0,High Suitability,0.8,1.0,0.9600000000000001,Favourable,0.5775922492742539,57.75922492742539,828
CO[C@H]1CC[C@]2(CC1)Cc1ccc(NC(=O)c3oc4cc(Cl)ccc4c3C)cc1C21N=C(C)C(N)=N1,CHEMBL3922553,7.77,nM,17.0,nM,17.0,7.769551078621726,Highly Active,True,505.01800000000026,5.7629200000000065,102.21,2,6,3,6,2,Fail,7.62409,0.5,0.19999999999999996,0.5,0.41000000000000003,Unfavourable,0.7520764,0.897767398252352,0.6189265636153153,61.89265636153153,O=C(Nc1ccc2c(c1)C1(N=CC=N1)C1(CCCCC1)C2)c1cc2ccccc2o1,0.39285714285714285,36,3,3,7,0.2,Low Suitability,0.15000000000000002,0.6,0.32499999999999996,Unfavourable,0.5773920190334321,57.73920190334321,829
COc1cc(/C=c2\sc3nc(-c4cccc(OC(F)(F)F)c4)cn3c2=O)cc(F)c1O,CHEMBL3286990,,nM,10000.0,nM,10000.0,5.0,Low Activity,True,452.3850000000001,3.7226000000000012,73.06,1,6,4,4,0,Pass,5.157773,1.0,0.75,1.0,0.925,Favourable,0.34595007,0.897767398252352,0.6453634034342698,64.53634034342699,O=c1c(=Cc2ccccc2)sc2nc(-c3ccccc3)cn12,0.1,31,4,1,6,0.75,High Suitability,0.6000000000000001,1.0,0.8200000000000001,Favourable,0.5772725398540497,57.72725398540497,830
CCOC(=O)C(C(=O)/C=C/c1ccc(O)c(OC(F)(F)F)c1)C(=O)/C=C/c1ccc(O)c(OC(F)(F)F)c1,CHEMBL3667027,6.85,nM,140.0,nM,140.0,6.853871964321762,Moderately Active,True,548.3880000000003,4.939100000000003,119.36000000000001,2,8,10,2,1,Pass,6.476952,0.75,0.44999999999999996,0.75,0.66,Moderate,0.5631782,0.897767398252352,0.6369774607367448,63.69774607367448,O=C(C=Cc1ccccc1)CC(=O)C=Cc1ccccc1,0.20833333333333334,38,2,2,8,0.4,Low Suitability,0.4000000000000001,0.75,0.55,Unfavourable,0.5772479939460755,57.72479939460755,831
CCN(CC)CCCNc1ccc([N+](=O)[O-])c2sc3ccc(OC)cc3c(=O)c12,CHEMBL5439128,4.77,nM,17000.0,uM,17.0,4.769551078621726,Low Activity,True,415.5150000000002,4.475300000000003,84.71000000000001,1,7,9,3,0,Pass,4.768741,1.0,1.0,1.0,1.0,Favourable,0.28188854,0.897767398252352,0.6358326421923569,63.583264219235694,O=c1c2ccccc2sc2ccccc12,0.38095238095238093,29,3,1,7,1.0,High Suitability,0.6000000000000001,1.0,0.92,Favourable,0.5770386995077134,57.703869950771335,832
COc1cc(O)cc2c1-c1c3c(cc4c1[C@@H](C2)N(C)CC4)OCO3,CHEMBL5427350,4.45,nM,35700.0,uM,35.7,4.447331783887806,Low Activity,True,325.36400000000015,2.8816000000000015,51.16000000000001,1,5,1,5,0,Pass,4.4541698,1.0,1.0,1.0,1.0,Favourable,0.23008835,0.897767398252352,0.6099325464911393,60.99325464911393,c1ccc2c(c1)CC1NCCc3cc4c(c-2c31)OCO4,0.3684210526315789,24,2,1,5,1.0,High Suitability,1.0,1.0,1.0,Favourable,0.5765486031770706,57.654860317707055,833
COc1cc(/C=C/C(=O)N2CCC[C@H]2C(=O)N2CCCCC2)ccc1OCc1ccccc1,CHEMBL4846812,4.77,nM,17080.0,uM,17.08,4.767512133647013,Low Activity,True,448.5630000000002,4.290900000000003,59.08,0,4,7,4,0,Pass,4.763083,1.0,1.0,1.0,1.0,Favourable,0.2809568,0.897767398252352,0.6353667722887925,63.53667722887925,O=C(C1CCCN1C(=O)C=Cc1ccc(OCc2ccccc2)cc1)N1CCCCC1,0.4074074074074074,33,2,0,6,1.0,High Suitability,0.6000000000000001,1.0,0.92,Favourable,0.5765262485742569,57.65262485742569,834
COc1cc2c(cc1OC)[C@@H]1Cc3ccc(O)c(OC)c3CN1CC2,CHEMBL448891,,nM,50000.0,uM,50.0,4.301029995663981,Low Activity,True,341.40700000000015,3.073500000000001,51.160000000000004,1,5,3,4,0,Pass,4.6079793,1.0,1.0,1.0,1.0,Favourable,0.25541604,0.897767398252352,0.6225963877386979,62.25963877386979,c1ccc2c(c1)CC1c3ccccc3CCN1C2,0.4,25,2,1,5,1.0,High Suitability,0.8,1.0,0.9600000000000001,Favourable,0.5764788196086884,57.647881960868844,835
Fc1ccc(Nc2ccc3c(C4CCNCC4)c[nH]c3n2)cc1F,CHEMBL4098927,4.52,nM,30000.0,uM,30.0,4.522878745280337,Low Activity,True,328.366,4.051700000000002,52.739999999999995,3,3,3,4,0,Pass,4.6064525,1.0,1.0,1.0,1.0,Favourable,0.25516462,0.897767398252352,0.6224706815428666,62.24706815428666,c1ccc(Nc2ccc3c(C4CCNCC4)c[nH]c3n2)cc1,0.2777777777777778,24,3,3,4,1.0,High Suitability,0.8,1.0,0.9600000000000001,Favourable,0.5763405517339707,57.63405517339707,836
COc1cc(O)cc(C(=O)O)c1C(=O)c1c(O)cc(CO)cc1O,CHEMBL5276533,5.97,nM,1070.0,uM,1.07,5.97061622231479,Low Activity,True,334.2800000000001,1.2334999999999998,144.52,5,7,5,2,0,Pass,5.7148833,0.65,0.49999999999999994,1.0,0.71,Moderate,0.43768895,0.897767398252352,0.6267328432745866,62.67328432745865,O=C(c1ccccc1)c1ccccc1,0.125,24,2,5,8,0.45,Low Suitability,1.0,0.8,0.6725,Moderate,0.5761039296388626,57.610392963886255,837
O=c1ccoc(/C=C/c2ccc(N3CCSCC3)cc2)c1O,CHEMBL5434040,4.33,nM,46750.0,uM,46.75,4.330218384791463,Low Activity,True,315.39400000000006,3.069000000000002,53.68000000000001,1,5,3,3,0,Pass,4.6002107,1.0,1.0,1.0,1.0,Favourable,0.2541368,0.897767398252352,0.6219567702956131,62.19567702956132,O=c1ccoc(C=Cc2ccc(N3CCSCC3)cc2)c1,0.23529411764705882,22,2,1,4,1.0,High Suitability,0.8,1.0,0.9600000000000001,Favourable,0.5757752463817597,57.57752463817597,838
COc1ccc2c(c1OC)c1c3c4c(cc5c(c42)OCO5)CCN3C(=O)C1=O,CHEMBL5404812,,nM,50000.0,uM,50.0,4.301029995663981,Low Activity,True,377.3520000000002,2.824300000000001,74.30000000000001,0,6,2,6,0,Pass,4.4438634,1.0,1.0,1.0,1.0,Favourable,0.22839123,0.897767398252352,0.6090839849657944,60.908398496579444,O=C1C(=O)N2CCc3cc4c(c5c3c2c1c1ccccc15)OCO4,0.23809523809523808,28,3,0,7,1.0,High Suitability,1.0,1.0,1.0,Favourable,0.5756151795387268,57.561517953872674,839
COc1cc(/C=C/C(=O)N2CC(C(=O)NCCOc3ccccc3)C2)ccc1OCc1ccccc1,CHEMBL4863296,5.75,nM,1800.0,uM,1.8,5.7447274948966935,Low Activity,True,486.56800000000015,3.9410000000000025,77.10000000000001,1,5,11,4,0,Pass,5.39583,0.85,0.75,1.0,0.865,Favourable,0.38515073,0.897767398252352,0.6469637352175645,64.69637352175644,O=C(NCCOc1ccccc1)C1CN(C(=O)C=Cc2ccc(OCc3ccccc3)cc2)C1,0.2413793103448276,36,3,1,7,0.75,High Suitability,0.6000000000000001,0.8,0.7525000000000001,Moderate,0.5752079107761383,57.52079107761383,840
O=C(NCCCn1ccnc1)OC[C@H]1CC[C@@H](c2ccccc2)N1S(=O)(=O)c1ccc(Cl)cc1,CHEMBL231351,6.19,nM,650.0,nM,650.0,6.187086643357144,Moderately Active,True,503.0240000000001,4.247400000000004,93.53,1,5,9,4,1,Pass,6.4531465,0.75,0.44999999999999996,0.75,0.66,Moderate,0.5592581,0.897767398252352,0.6350174215979508,63.501742159795086,O=C(NCCCn1ccnc1)OCC1CCC(c2ccccc2)N1S(=O)(=O)c1ccccc1,0.3333333333333333,34,3,1,8,0.4,Low Suitability,0.4000000000000001,0.75,0.55,Unfavourable,0.5750919747352601,57.50919747352601,841
COc1cc(/C=C/c2cc(Cl)cc(/C=C/c3ccc(O)c(OC)c3)n2)ccc1O,CHEMBL247530,5.96,nM,1100.0,uM,1.1,5.958607314841775,Low Activity,True,409.86900000000014,5.504200000000005,71.81,2,5,6,3,1,Pass,5.8868384,0.75,0.75,0.75,0.75,Moderate,0.46600467,0.897767398252352,0.6153907047457626,61.53907047457626,C(=Cc1cccc(C=Cc2ccccc2)n1)c1ccccc1,0.08695652173913043,29,3,2,5,0.8,High Suitability,0.35000000000000003,0.85,0.6950000000000001,Moderate,0.5745525653362273,57.45525653362273,842
COc1cc(O)c2c(c1)C[C@H]1NCCc3c(OC)c4c(c-2c31)OCO4,CHEMBL5408625,,nM,50000.0,uM,50.0,4.301029995663981,Low Activity,True,341.3630000000001,2.548000000000001,69.18,2,6,2,5,0,Pass,4.427794,1.0,1.0,1.0,1.0,Favourable,0.22574508,0.897767398252352,0.6077609108633927,60.77609108633927,c1ccc2c(c1)CC1NCCc3cc4c(c-2c31)OCO4,0.3684210526315789,25,2,2,6,1.0,High Suitability,1.0,1.0,1.0,Favourable,0.5741597980260849,57.41597980260848,843
CC1=NN(c2cccnc2)C(=O)C1,CHEMBL3740667,,nM,50000.0,uM,50.0,4.301029995663981,Low Activity,True,175.19099999999997,1.1942,45.56,0,3,1,2,0,Pass,4.4273124,1.0,1.0,1.0,1.0,Favourable,0.22566575,0.897767398252352,0.6077212439722947,60.77212439722947,O=C1CC=NN1c1cccnc1,0.2222222222222222,13,1,0,4,1.0,High Suitability,1.0,1.0,1.0,Favourable,0.5741161674261093,57.411616742610924,844
O=C1/C(=C/c2ccc(O)c(O)c2)Oc2c1ccc(O)c2O,CHEMBL3298066,5.57,nM,2700.0,uM,2.7,5.568636235841012,Low Activity,True,286.239,2.1252000000000004,107.22000000000001,4,6,1,3,0,Pass,5.238761,1.0,0.49999999999999994,1.0,0.8500000000000001,Favourable,0.3592863,0.897767398252352,0.6295315240569047,62.953152405690474,O=C1C(=Cc2ccccc2)Oc2ccccc21,0.0,21,2,4,6,0.45,Low Suitability,1.0,1.0,0.79,Moderate,0.574107472538948,57.4107472538948,845
Cc1nc2cccc(/C=C/C(=O)NO)c2c(=O)n1-c1ccccc1,CHEMBL2425953,,nM,50000.0,uM,50.0,4.301029995663981,Low Activity,True,321.336,2.21272,84.22,2,4,3,3,0,Pass,4.425877,1.0,1.0,1.0,1.0,Favourable,0.22542942,0.897767398252352,0.6076030777640274,60.76030777640275,O=c1c2ccccc2ncn1-c1ccccc1,0.05555555555555555,24,3,2,6,1.0,High Suitability,1.0,1.0,1.0,Favourable,0.5739861845970153,57.39861845970153,846
CC1=NN(c2ccc(C)c(F)c2)C(=O)C1,CHEMBL3741408,,nM,50000.0,uM,50.0,4.301029995663981,Low Activity,True,206.21999999999994,2.24672,32.67,0,2,1,2,0,Pass,4.4240365,1.0,1.0,1.0,1.0,Favourable,0.22512633,0.897767398252352,0.607451532954686,60.745153295468604,O=C1CC=NN1c1ccccc1,0.2727272727272727,15,1,0,3,1.0,High Suitability,1.0,1.0,1.0,Favourable,0.5738194853067398,57.381948530673974,847
COc1cc(/C=C/c2cc(/C=C/c3ccc(OCC(=O)O)c(OC)c3)on2)ccc1OCC(=O)O,CHEMBL5195740,,nM,1000.0,nM,1000.0,6.0,Moderately Active,True,481.4570000000002,3.9594000000000014,137.55,2,8,12,3,0,Pass,5.8824162,0.85,0.44999999999999996,1.0,0.7749999999999999,Moderate,0.46527648,0.897767398252352,0.6600266097731522,66.00266097731522,C(=Cc1cc(C=Cc2ccccc2)on1)c1ccccc1,0.16,35,3,2,10,0.4,Low Suitability,0.6000000000000001,0.8,0.6224999999999999,Moderate,0.5737770817279815,57.37770817279815,848
O=C(OCCC1CCc2ccccc2N1S(=O)(=O)c1ccc(Cl)cc1)N1CCC(N2CCCCC2)CC1,CHEMBL395312,6.44,nM,360.0,nM,360.0,6.443697499232712,Moderately Active,True,546.1330000000002,5.327100000000006,70.16,0,5,6,5,2,Fail,7.080064,0.5,0.5,0.5,0.5,Unfavourable,0.66249204,0.897767398252352,0.6011343883223466,60.11343883223466,O=C(OCCC1CCc2ccccc2N1S(=O)(=O)c1ccccc1)N1CCC(N2CCCCC2)CC1,0.5357142857142857,37,2,0,7,0.55,Moderate Suitability,0.15000000000000002,0.6,0.45499999999999996,Unfavourable,0.5736206142902375,57.36206142902375,849
C[C@@]1(c2nc(NC(=O)c3ncc(OCC(F)(F)F)nc3N)ccc2F)CO[C@@](C)(C(F)(F)F)C(N)=N1,CHEMBL3670367,6.55,nM,284.0,uM,0.284,6.546681659952963,Moderately Active,True,525.3850000000002,2.7099,150.63,3,9,5,3,1,Pass,6.7319937,0.4,0.44999999999999996,0.75,0.52,Unfavourable,0.6051756,0.897767398252352,0.6159761770911149,61.59761770911148,O=C(Nc1cccc(C2COCC=N2)n1)c1cnccn1,0.42105263157894735,36,2,5,10,0.4,Low Suitability,0.6000000000000001,0.55,0.4725000000000001,Unfavourable,0.5732215819358826,57.32215819358826,850
CCC[C@H](C(=O)NO)[C@@H](CC(C)C)C(=O)N[C@H]1CCCCN(Cc2ccccc2)C1=O,CHEMBL206766,5.17,nM,6800.0,nM,6800.0,5.167491087293763,Low Activity,True,431.5770000000003,3.267900000000001,98.74000000000001,3,4,10,2,0,Pass,5.2208943,1.0,0.7,1.0,0.9099999999999999,Favourable,0.35634422,0.897767398252352,0.646060481423848,64.6060481423848,O=C1CCCCCN1Cc1ccccc1,0.625,31,1,3,7,0.65,Moderate Suitability,0.6000000000000001,1.0,0.79,Moderate,0.5724893256425857,57.24893256425857,851
COc1ccc(CCC(=O)N2CCN(Cc3ccc(O)c4ncccc34)CC2)cc1,CHEMBL4226831,4.74,nM,18280.0,uM,18.28,4.738023808602187,Low Activity,True,405.49800000000016,3.2260000000000018,65.9,1,5,6,4,0,Pass,4.717201,1.0,1.0,1.0,1.0,Favourable,0.2734015,0.897767398252352,0.6315891193098954,63.15891193098954,O=C(CCc1ccccc1)N1CCN(Cc2cccc3ncccc23)CC1,0.3333333333333333,30,3,1,6,1.0,High Suitability,0.6000000000000001,1.0,0.92,Favourable,0.5723708213567734,57.23708213567734,852
O=C(NCCCn1ccnc1)OCCC1CCc2ccccc2N1S(=O)(=O)c1ccc(Cl)cc1,CHEMBL389549,6.55,nM,280.0,nM,280.0,6.552841968657781,Moderately Active,True,503.0240000000001,4.253200000000004,93.53,1,5,9,4,1,Pass,6.420687,0.75,0.44999999999999996,0.75,0.66,Moderate,0.5539131,0.897767398252352,0.6323449281401566,63.23449281401567,O=C(NCCCn1ccnc1)OCCC1CCc2ccccc2N1S(=O)(=O)c1ccccc1,0.3333333333333333,34,3,1,8,0.4,Low Suitability,0.4000000000000001,0.75,0.55,Unfavourable,0.572152214050293,57.215221405029304,853
COc1cc(O)c2c(=O)c(O)c(-c3ccc(O)c(O)c3)oc2c1,CHEMBL312163,5.64,nM,2300.0,uM,2.3,5.638272163982407,Low Activity,True,316.26500000000004,2.2910000000000013,120.36000000000001,4,7,2,3,0,Pass,5.209058,1.0,0.49999999999999994,1.0,0.8500000000000001,Favourable,0.3543951,0.897767398252352,0.627085915679448,62.70859156794481,O=c1cc(-c2ccccc2)oc2ccccc12,0.0625,23,3,4,7,0.45,Low Suitability,1.0,1.0,0.79,Moderate,0.5714173063039779,57.14173063039779,854
CNc1cccc(NCCCc2cccc(NCCCc3ccccn3)n2)n1,CHEMBL3814529,4.77,nM,17000.0,uM,17.0,4.769551078621726,Low Activity,True,376.5080000000001,4.002700000000003,74.75999999999999,3,6,11,3,0,Pass,4.8106236,0.85,1.0,1.0,0.94,Favourable,0.28878528,0.897767398252352,0.6212810093111923,62.128100931119235,c1ccc(CCCNc2cccc(CCCNc3ccccn3)n2)nc1,0.3181818181818182,28,3,3,6,1.0,High Suitability,0.8,0.8,0.8925,Favourable,0.5712069092988967,57.120690929889676,855
Cc1nc2c(/C=C/C(=O)NO)cccc2c(=O)n1-c1ccccc1,CHEMBL2425956,,nM,50000.0,uM,50.0,4.301029995663981,Low Activity,True,321.336,2.21272,84.22,2,4,3,3,0,Pass,4.393337,1.0,1.0,1.0,1.0,Favourable,0.22007102,0.897767398252352,0.604923878783696,60.492387878369605,O=c1c2ccccc2ncn1-c1ccccc1,0.05555555555555555,24,3,2,6,1.0,High Suitability,1.0,1.0,1.0,Favourable,0.5710390627384185,57.10390627384185,856
COc1cccc(N2N=C(C)CC2=O)c1,CHEMBL3740705,,nM,50000.0,uM,50.0,4.301029995663981,Low Activity,True,204.22899999999998,1.8077999999999999,41.9,0,3,2,2,0,Pass,4.388433,1.0,1.0,1.0,1.0,Favourable,0.21926355,0.897767398252352,0.6045201467223099,60.452014672230995,O=C1CC=NN1c1ccccc1,0.2727272727272727,15,1,0,4,1.0,High Suitability,1.0,1.0,1.0,Favourable,0.5705949559807777,57.05949559807777,857
CSc1nc(/C=C/c2ccc(N(C)C)c(O)c2)cc(/C=C/c2ccc(N(C)C)c(O)c2)n1,CHEMBL2059218,5.96,nM,1100.0,uM,1.1,5.958607314841775,Low Activity,True,448.59200000000016,5.082500000000006,72.72,2,7,7,3,1,Pass,5.8419642,0.75,0.75,0.75,0.75,Moderate,0.45861524,0.897767398252352,0.6116959916300705,61.16959916300705,C(=Cc1cc(C=Cc2ccccc2)ncn1)c1ccccc1,0.2,32,3,2,6,0.8,High Suitability,0.35000000000000003,0.85,0.6950000000000001,Moderate,0.5704883928298949,57.04883928298949,858
COc1cc(/C=C/C(=O)N2CCCCC2)ccc1OCc1ccccc1,CHEMBL4862182,4.55,nM,27940.0,uM,27.94,4.553773598221837,Low Activity,True,351.446,4.299900000000004,38.769999999999996,0,3,6,3,0,Pass,4.539349,1.0,1.0,1.0,1.0,Favourable,0.24411476,0.897767398252352,0.6169457482047013,61.69457482047013,O=C(C=Cc1ccc(OCc2ccccc2)cc1)N1CCCCC1,0.3181818181818182,26,2,0,4,1.0,High Suitability,0.8,1.0,0.9600000000000001,Favourable,0.5702631131410599,57.026311314105996,859
Cc1ccc(NC[C@@H]2CCCN3CCCC[C@H]23)c2c(=O)c3ccccc3oc12,CHEMBL5409312,4.32,nM,48000.0,uM,48.0,4.318758762624412,Low Activity,True,376.5000000000001,4.931020000000005,45.480000000000004,1,4,3,5,0,Pass,4.5298476,1.0,1.0,1.0,1.0,Favourable,0.24255013,0.897767398252352,0.6161634372420243,61.61634372420243,O=c1c2ccccc2oc2cccc(NCC3CCCN4CCCCC34)c12,0.4583333333333333,28,3,1,4,1.0,High Suitability,0.8,1.0,0.9600000000000001,Favourable,0.5694025710821152,56.940257108211526,860
COc1cc(/C=C/C(=O)N(C)OC)ccc1OCc1ccccc1,CHEMBL4878181,4.10,nM,79870.0,uM,79.87,4.097616315567529,Low Activity,True,327.38,3.3072000000000017,48.0,0,4,7,2,0,Pass,4.526487,1.0,1.0,1.0,1.0,Favourable,0.24199677,0.897767398252352,0.6158867524809769,61.588675248097694,c1ccc(COc2ccccc2)cc1,0.21052631578947367,24,2,0,5,1.0,High Suitability,0.8,1.0,0.9600000000000001,Favourable,0.5690982297658921,56.90982297658921,861
COc1c(-c2ccc(O)c(O)c2)oc2c(O)c(O)ccc2c1=O,CHEMBL3297746,5.27,nM,5400.0,uM,5.4,5.267606240177031,Low Activity,True,316.26500000000004,2.2910000000000013,120.36000000000001,4,7,2,3,0,Pass,5.182255,1.0,0.49999999999999994,1.0,0.8500000000000001,Favourable,0.3499815,0.897767398252352,0.624879113311284,62.4879113311284,O=c1cc(-c2ccccc2)oc2ccccc12,0.0625,23,3,4,7,0.45,Low Suitability,1.0,1.0,0.79,Moderate,0.568989817738533,56.89898177385329,862
COCCOc1cnc(C(=O)Nc2ccc(F)c([C@]3(C)CO[C@@](C)(C(F)(F)F)C(N)=N3)n2)c(N)n1,CHEMBL5080033,7.64,nM,23.0,uM,0.023,7.638272163982407,Highly Active,True,501.44100000000026,1.7939999999999998,159.86,3,10,7,3,1,Pass,6.6834826,0.4,0.44999999999999996,0.75,0.52,Unfavourable,0.5971874,0.897767398252352,0.6119820698447159,61.19820698447159,O=C(Nc1cccc(C2COCC=N2)n1)c1cnccn1,0.45,35,2,5,11,0.4,Low Suitability,0.6000000000000001,0.55,0.4725000000000001,Unfavourable,0.5688280639648438,56.882806396484376,863
FC(F)(F)c1ccc(Nc2ccc3c(C4CCNCC4)c[nH]c3c2)cn1,CHEMBL4104620,4.62,nM,24000.0,uM,24.0,4.619788758288394,Low Activity,True,360.3830000000001,4.792300000000004,52.739999999999995,3,3,3,4,0,Pass,4.522748,1.0,1.0,1.0,1.0,Favourable,0.24138105,0.897767398252352,0.615578894490712,61.557889449071205,c1cncc(Nc2ccc3c(C4CCNCC4)c[nH]c3c2)c1,0.3157894736842105,26,3,3,4,1.0,High Suitability,0.8,1.0,0.9600000000000001,Favourable,0.5687595859766007,56.87595859766007,864
Cn1cc(C2CCNCC2)c2ccc(Nc3ccc(F)c(F)c3)cc21,CHEMBL4101130,4.38,nM,42000.0,uM,42.0,4.376750709602099,Low Activity,True,341.4050000000001,4.667100000000004,28.990000000000002,2,2,3,4,0,Pass,4.5226455,1.0,1.0,1.0,1.0,Favourable,0.24136418,0.897767398252352,0.6155704604334763,61.55704604334763,c1ccc(Nc2ccc3c(C4CCNCC4)c[nH]c3c2)cc1,0.3,25,3,2,3,1.0,High Suitability,0.8,1.0,0.9600000000000001,Favourable,0.5687503025531769,56.8750302553177,865
COc1cc(OCc2ccccn2)ccc1/C=C/c1cc(/C=C/c2ccc3cc[nH]c3c2)[nH]n1,CHEMBL3953399,5.92,nM,1200.0,uM,1.2,5.920818753952375,Low Activity,True,448.5260000000001,6.214400000000006,75.82,2,4,8,5,1,Pass,5.937064,0.75,0.75,0.75,0.75,Moderate,0.4742753,0.897767398252352,0.6195260153956345,61.952601539563446,C(=Cc1cc(C=Cc2ccc3cc[nH]c3c2)[nH]n1)c1ccc(OCc2ccccn2)cc1,0.07142857142857142,34,5,2,6,0.8,High Suitability,0.20000000000000004,0.85,0.665,Moderate,0.5686014130115509,56.86014130115509,866
O=C(OC[C@H]1CC[C@@H](c2ccccc2)N1S(=O)(=O)c1ccc(Cl)cc1)N1CCN(CCO)CC1,CHEMBL231448,6.27,nM,540.0,nM,540.0,6.267606240177031,Moderately Active,True,508.04000000000036,2.980900000000002,90.39,1,6,7,4,1,Pass,6.225467,0.75,0.44999999999999996,0.75,0.66,Moderate,0.5217663,0.897767398252352,0.6162715223975114,61.62715223975114,O=C(OCC1CCC(c2ccccc2)N1S(=O)(=O)c1ccccc1)N1CCNCC1,0.4583333333333333,34,2,1,8,0.4,Low Suitability,0.6000000000000001,0.75,0.59,Unfavourable,0.5684714796543122,56.84714796543122,867
CCCN(CCC)C(=O)/C=C/c1ccc(OCc2ccccc2)c(OC)c1,CHEMBL4876981,4.91,nM,12380.0,uM,12.38,4.907279355315901,Low Activity,True,367.4890000000001,4.936000000000004,38.77,0,3,10,2,0,Pass,4.5159817,1.0,1.0,1.0,1.0,Favourable,0.24026686,0.897767398252352,0.6150217996783188,61.502179967831886,c1ccc(COc2ccccc2)cc1,0.34782608695652173,27,2,0,4,1.0,High Suitability,0.8,1.0,0.9600000000000001,Favourable,0.5681467757225037,56.814677572250375,868
CN1c2ccccc2Sc2cc(/C=C3/SC(=S)N(CC(=O)OCC4COC(C)(C)O4)C3=O)ccc21,CHEMBL4475538,7.22,nM,60.0,uM,0.06,7.221848749616356,Highly Active,True,528.6770000000004,4.815000000000005,68.31,0,9,5,5,1,Pass,5.873118,0.75,0.75,0.75,0.75,Moderate,0.4637453,0.897767398252352,0.6142610179133347,61.426101791333465,O=C(CN1C(=O)C(=Cc2ccc3c(c2)Sc2ccccc2N3)SC1=S)OCC1COCO1,0.32,35,2,0,7,0.75,High Suitability,0.4000000000000001,0.75,0.6800000000000002,Moderate,0.5680599277019501,56.80599277019501,869
COc1cc(/C=C/c2cc(/C=C/c3ccc(O)c(OC)c3)n(-c3ccccc3)n2)ccc1O,CHEMBL258741,,nM,1000.0,nM,1000.0,6.0,Moderately Active,True,440.4990000000001,5.641500000000006,76.74,2,5,7,4,1,Pass,5.814315,0.75,0.75,0.75,0.75,Moderate,0.45406228,0.897767398252352,0.609419511432164,60.9419511432164,C(=Cc1cc(C=Cc2ccccc2)n(-c2ccccc2)n1)c1ccccc1,0.07407407407407407,33,4,2,6,0.8,High Suitability,0.35000000000000003,0.85,0.6950000000000001,Moderate,0.56798426759243,56.798426759243,870
COc1cc(/C=C/C(=O)N2CCOCC2)ccc1OCc1ccccc1,CHEMBL1511811,4.11,nM,78070.0,uM,78.07,4.107515820635312,Low Activity,True,353.418,3.146200000000002,48.0,0,4,6,3,0,Pass,4.5136557,1.0,1.0,1.0,1.0,Favourable,0.23988384,0.897767398252352,0.6148302899546555,61.48302899546555,O=C(C=Cc1ccc(OCc2ccccc2)cc1)N1CCOCC1,0.2857142857142857,26,2,0,5,1.0,High Suitability,0.8,1.0,0.9600000000000001,Favourable,0.5679361180067063,56.79361180067063,871
C[C@@]12C(=O)CC[C@H]1C1=C(C[C@H]2O)[C@@]2(C)CC[C@H](O)c3coc(c32)C1=O,CHEMBL3582133,4.36,nM,43500.0,uM,43.5,4.361510743045363,Low Activity,True,342.39100000000013,2.607400000000001,87.74000000000001,2,5,0,5,0,Pass,4.3554215,1.0,1.0,1.0,1.0,Favourable,0.21382755,0.897767398252352,0.6018021451182297,60.180214511822975,O=C1C2=C(CCC3C(=O)CCC23)C2CCCc3coc1c32,0.6,25,1,2,5,1.0,High Suitability,1.0,1.0,1.0,Favourable,0.5676051571965217,56.76051571965217,872
COc1cc(/C=C/C(=O)N2CCCC2)ccc1OCc1ccccc1,CHEMBL4849442,4.19,nM,65090.0,uM,65.09,4.186485728458117,Low Activity,True,337.419,3.9098000000000033,38.769999999999996,0,3,6,3,0,Pass,4.5083146,1.0,1.0,1.0,1.0,Favourable,0.23900431,0.897767398252352,0.6143905268855027,61.43905268855027,O=C(C=Cc1ccc(OCc2ccccc2)cc1)N1CCCC1,0.2857142857142857,25,2,0,4,1.0,High Suitability,0.8,1.0,0.9600000000000001,Favourable,0.5674523816108704,56.745238161087045,873
CC1=NN(c2cc(F)ccc2C)C(=O)C1,CHEMBL3742186,,nM,50000.0,uM,50.0,4.301029995663981,Low Activity,True,206.21999999999997,2.24672,32.67,0,2,1,2,0,Pass,4.353428,1.0,1.0,1.0,1.0,Favourable,0.21349931,0.897767398252352,0.6016380237288407,60.16380237288407,O=C1CC=NN1c1ccccc1,0.2727272727272727,15,1,0,3,1.0,High Suitability,1.0,1.0,1.0,Favourable,0.5674246221780777,56.74246221780776,874
CCCOc1ccc2c(c1)N(CC)/C(=C/C=C/c1sc3ccccc3[n+]1CC)S2.[I-],CHEMBL3593282,6.10,nM,800.0,uM,0.8,6.096910013008056,Moderately Active,True,550.5310000000002,3.4883000000000024,16.35,0,4,7,4,1,Pass,5.861835,0.75,0.75,0.75,0.75,Moderate,0.46188736,0.897767398252352,0.6133320497221878,61.33320497221878,C(=Cc1[nH+]c2ccccc2s1)C=C1Nc2ccccc2S1,0.2916666666666667,30,3,0,3,0.75,High Suitability,0.4000000000000001,0.75,0.6800000000000002,Moderate,0.5670380656719208,56.70380656719208,875
COc1cc(O)c2c(c1)C[C@@H]1c3c(cc4c(c3-2)OCO4)CC[N@+]1(C)[O-],CHEMBL5427951,,nM,50000.0,uM,50.0,4.301029995663981,Low Activity,True,341.3630000000001,2.8942000000000014,70.98,1,5,1,5,0,Pass,4.3462253,1.0,1.0,1.0,1.0,Favourable,0.21231323,0.897767398252352,0.6010449873156479,60.104498731564796,c1ccc2c(c1)CC1[NH2+]CCc3cc4c(c-2c31)OCO4,0.3684210526315789,25,2,1,6,1.0,High Suitability,1.0,1.0,1.0,Favourable,0.5667722791433334,56.677227914333336,876
COc1cc(O)c2c(c1)C[C@@H]1c3c(cc4c(c3-2)OCO4)CC[N@@+]1(C)[O-],CHEMBL5415340,,nM,50000.0,uM,50.0,4.301029995663981,Low Activity,True,341.3630000000001,2.8942000000000014,70.98,1,5,1,5,0,Pass,4.3462253,1.0,1.0,1.0,1.0,Favourable,0.21231323,0.897767398252352,0.6010449873156479,60.104498731564796,c1ccc2c(c1)CC1[NH2+]CCc3cc4c(c-2c31)OCO4,0.3684210526315789,25,2,1,6,1.0,High Suitability,1.0,1.0,1.0,Favourable,0.5667722791433334,56.677227914333336,877
COc1cc(/C=C/c2cccc(/C=C/c3ccc(N(C)C)c(OC)c3)c2)ccc1N(C)C,CHEMBL247932,6.00,nM,1000.0,uM,1.0,6.0,Moderately Active,True,428.5760000000002,6.176600000000008,24.940000000000005,0,4,8,3,1,Pass,5.7955627,0.75,0.75,0.75,0.75,Moderate,0.45097435,0.897767398252352,0.6078755425162247,60.78755425162247,C(=Cc1cccc(C=Cc2ccccc2)c1)c1ccccc1,0.21428571428571427,32,3,0,4,0.8,High Suitability,0.35000000000000003,0.85,0.6950000000000001,Moderate,0.5662858928442001,56.62858928442,878
COc1cc(/C=C/C(=O)O)ccc1O,CHEMBL32749,,nM,100000.0,uM,100.0,4.0,Low Activity,True,194.186,1.4986,66.76,2,3,3,1,0,Pass,4.3408384,1.0,1.0,1.0,1.0,Favourable,0.2114262,0.897767398252352,0.6006014691538742,60.06014691538743,c1ccccc1,0.1,14,1,2,4,1.0,High Suitability,1.0,1.0,1.0,Favourable,0.5662844151258468,56.62844151258468,879
O=c1ccoc(/C=C/c2ccc(O)c(O)c2)c1O,CHEMBL5412904,4.95,nM,11150.0,uM,11.15,4.952725132615821,Low Activity,True,246.21800000000002,1.927000000000001,90.9,3,5,2,2,0,Pass,4.8385744,1.0,0.7,1.0,0.9099999999999999,Favourable,0.29338795,0.897767398252352,0.6145823446459702,61.45823446459702,O=c1ccoc(C=Cc2ccccc2)c1,0.0,18,2,3,5,0.65,Moderate Suitability,1.0,1.0,0.8700000000000001,Favourable,0.5658633781671524,56.586337816715236,880
CN(C)c1ccc(-c2cc(NCCNc3cc(-c4ccc(N(C)C)cc4)[nH]n3)n[nH]2)cc1,CHEMBL3781022,5.12,nM,7500.0,uM,7.5,5.1249387366083,Low Activity,True,430.56000000000006,4.1228000000000025,87.9,4,6,9,4,0,Pass,4.9538374,1.0,0.8,1.0,0.94,Favourable,0.3123682,0.897767398252352,0.6330724769778183,63.30724769778183,c1ccc(-c2cc(NCCNc3cc(-c4ccccc4)[nH]n3)n[nH]2)cc1,0.25,32,4,4,8,0.8,High Suitability,0.6000000000000001,1.0,0.8400000000000001,Favourable,0.5658025207519531,56.58025207519531,881
COc1ccc2c(c1)C[C@H]1NCCc3cc4c(c-2c31)OCO4,CHEMBL452201,,nM,50000.0,uM,50.0,4.301029995663981,Low Activity,True,295.338,2.833800000000001,39.72,1,4,1,5,0,Pass,4.333867,1.0,1.0,1.0,1.0,Favourable,0.21027821,0.897767398252352,0.6000274764246872,60.00274764246873,c1ccc2c(c1)CC1NCCc3cc4c(c-2c31)OCO4,0.3333333333333333,22,2,1,4,1.0,High Suitability,1.0,1.0,1.0,Favourable,0.5656530231237411,56.56530231237411,882
Cc1cc(N2CCN(c3nc(Cl)nc(Nc4ccc(F)cc4)n3)CC2)n2ncnc2n1,CHEMBL4161552,4.80,nM,15890.0,uM,15.89,4.798876102792621,Low Activity,True,440.8740000000002,2.4804199999999996,100.26,1,9,4,5,0,Pass,4.9893384,1.0,0.7,1.0,0.9099999999999999,Favourable,0.31821412,0.897767398252352,0.6269954291529587,62.69954291529587,c1ccc(Nc2ncnc(N3CCN(c4ccnc5ncnn45)CC3)n2)cc1,0.2631578947368421,31,4,1,10,0.65,Moderate Suitability,0.8,1.0,0.8300000000000001,Favourable,0.565517774105072,56.5517774105072,883
COc1cc(/C=C/c2cc(Br)cc(/C=C/c3ccc(O)c(OC)c3)c2)ccc1O,CHEMBL245688,7.00,nM,100.0,uM,0.1,7.0,Highly Active,True,453.33200000000016,6.218300000000006,58.92,2,4,6,3,1,Pass,6.1725664,0.75,0.5,0.75,0.675,Moderate,0.5130552,0.897767398252352,0.6164159725851944,61.64159725851944,C(=Cc1cccc(C=Cc2ccccc2)c1)c1ccccc1,0.08333333333333333,29,3,2,4,0.55,Moderate Suitability,0.35000000000000003,0.85,0.595,Unfavourable,0.5654303689002991,56.54303689002991,884
O=C(O)c1cccnc1,CHEMBL573,4.88,nM,13100.0,uM,13.1,4.882728704344236,Low Activity,True,123.11099999999998,0.7797999999999999,50.19,1,2,1,1,0,Pass,4.485279,1.0,1.0,1.0,1.0,Favourable,0.23521107,0.897767398252352,0.6124939070887497,61.24939070887498,c1ccncc1,0.0,9,1,1,3,0.8,High Suitability,1.0,1.0,0.9600000000000001,Favourable,0.5653660998344422,56.53660998344422,885
CC1=NC2(CCCc3ccc(Br)cc32)N=C1N,CHEMBL3653709,4.12,nM,75600.0,nM,75600.0,4.121478204498794,Low Activity,True,292.18,2.7699000000000007,50.739999999999995,1,3,0,3,0,Pass,4.3300767,1.0,1.0,1.0,1.0,Favourable,0.20965403,0.897767398252352,0.5997153865046433,59.97153865046433,C1=NC2(CCCc3ccccc32)N=C1,0.38461538461538464,17,1,2,3,1.0,High Suitability,1.0,1.0,1.0,Favourable,0.5653097227215766,56.53097227215766,886
CC1=NN(c2ccccc2C)C(=O)C1,CHEMBL1880288,,nM,50000.0,uM,50.0,4.301029995663981,Low Activity,True,188.22999999999993,2.10762,32.67,0,2,1,2,0,Pass,4.3297896,1.0,1.0,1.0,1.0,Favourable,0.20960677,0.897767398252352,0.5996917532629898,59.96917532629899,O=C1CC=NN1c1ccccc1,0.2727272727272727,14,1,0,3,1.0,High Suitability,1.0,1.0,1.0,Favourable,0.565283727645874,56.528372764587395,887
COC(=O)CC(C(=O)/C=C/c1ccc(O)c(OC(F)(F)F)c1)C(=O)/C=C/c1ccc(O)c(OC(F)(F)F)c1,CHEMBL3667022,6.28,nM,520.0,nM,520.0,6.2839966563652006,Moderately Active,True,548.3880000000003,4.939100000000003,119.36000000000001,2,8,10,2,1,Pass,6.3445926,0.75,0.44999999999999996,0.75,0.66,Moderate,0.5413827,0.897767398252352,0.626079705113881,62.6079705113881,O=C(C=Cc1ccccc1)CC(=O)C=Cc1ccccc1,0.20833333333333334,38,2,2,8,0.4,Low Suitability,0.4000000000000001,0.75,0.55,Unfavourable,0.5652604866027833,56.52604866027833,888
COc1cc(OCc2ccccn2)ccc1/C=C/C(=O)CC(=O)/C=C/c1ccc2cc[nH]c2c1,CHEMBL3948937,6.33,nM,470.0,uM,0.47,6.327902142064282,Moderately Active,True,452.5100000000002,5.4054000000000055,81.28,1,5,10,4,1,Pass,6.1660485,0.75,0.5,0.75,0.675,Moderate,0.51198196,0.897767398252352,0.6158793519682816,61.587935196828155,O=C(C=Cc1ccc(OCc2ccccn2)cc1)CC(=O)C=Cc1ccc2cc[nH]c2c1,0.10714285714285714,34,4,1,6,0.55,Moderate Suitability,0.35000000000000003,0.85,0.595,Unfavourable,0.564840074300766,56.4840074300766,889
CC1=NN(c2cc(C)ccc2C)C(=O)C1,CHEMBL3740979,,nM,50000.0,uM,50.0,4.301029995663981,Low Activity,True,202.25699999999995,2.4160400000000006,32.67,0,2,1,2,0,Pass,4.324451,1.0,1.0,1.0,1.0,Favourable,0.20872766,0.897767398252352,0.5992521988100937,59.925219881009376,O=C1CC=NN1c1ccccc1,0.3333333333333333,15,1,0,3,1.0,High Suitability,1.0,1.0,1.0,Favourable,0.564800214767456,56.4800214767456,890
Cc1nc2cc(/C=C/C(=O)NO)ccc2c(=O)n1-c1ccccc1,CHEMBL2425955,,nM,50000.0,uM,50.0,4.301029995663981,Low Activity,True,321.336,2.21272,84.22,2,4,3,3,0,Pass,4.3158464,1.0,1.0,1.0,1.0,Favourable,0.2073108,0.897767398252352,0.5985437678046158,59.854376780461585,O=c1c2ccccc2ncn1-c1ccccc1,0.05555555555555555,24,3,2,6,1.0,High Suitability,1.0,1.0,1.0,Favourable,0.5640209436416626,56.40209436416625,891
C[C@]1(c2nc(NC(=O)c3ncc(OCCCl)nc3N)ccc2F)N=C(N)OCC1(F)F,CHEMBL4114553,5.54,nM,2900.0,nM,2900.0,5.537602002101044,Low Activity,True,459.81600000000014,1.6582000000000001,150.63,3,9,6,3,0,Pass,5.811955,0.65,0.44999999999999996,1.0,0.6950000000000001,Moderate,0.45367366,0.897767398252352,0.6302252002901964,63.02252002901964,O=C(Nc1cccc(C2CCOC=N2)n1)c1cnccn1,0.35294117647058826,31,2,5,10,0.4,Low Suitability,0.8,0.8,0.6125,Moderate,0.5638955253362655,56.38955253362655,892
CC1=NN(c2ccccc2)C(=O)C1,CHEMBL290916,,nM,50000.0,uM,50.0,4.301029995663981,Low Activity,True,174.20299999999995,1.7992,32.67,0,2,1,2,0,Pass,4.313685,1.0,1.0,1.0,1.0,Favourable,0.20695484,0.897767398252352,0.5983657883353165,59.836578833531654,O=C1CC=NN1c1ccccc1,0.2,13,1,0,3,1.0,High Suitability,1.0,1.0,1.0,Favourable,0.5638251647353172,56.382516473531716,893
CC1=NN(c2ccc(C)cc2)C(=O)C1,CHEMBL3740157,,nM,50000.0,uM,50.0,4.301029995663981,Low Activity,True,188.22999999999996,2.10762,32.67,0,2,1,2,0,Pass,4.3134174,1.0,1.0,1.0,1.0,Favourable,0.20691079,0.897767398252352,0.598343764419072,59.8343764419072,O=C1CC=NN1c1ccccc1,0.2727272727272727,14,1,0,3,1.0,High Suitability,1.0,1.0,1.0,Favourable,0.563800935447216,56.380093544721596,894
O=C(OC[C@H]1CC[C@@H](c2ccccc2)N1S(=O)(=O)c1ccc(Cl)cc1)N1CCC(N2CCCCC2)CC1,CHEMBL231548,6.75,nM,180.0,nM,180.0,6.7447274948966935,Moderately Active,True,546.1330000000002,5.321300000000006,70.16,0,5,6,5,2,Fail,6.969365,0.5,0.5,0.5,0.5,Unfavourable,0.6442634,0.897767398252352,0.5920200632758073,59.202006327580726,O=C(OCC1CCC(c2ccccc2)N1S(=O)(=O)c1ccccc1)N1CCC(N2CCCCC2)CC1,0.5357142857142857,37,2,0,7,0.55,Moderate Suitability,0.15000000000000002,0.6,0.45499999999999996,Unfavourable,0.5635948746204377,56.35948746204377,895
Cc1nc2cc(/C=C/C(=O)NO)ccc2c(=O)n1Cc1ccccc1,CHEMBL2425957,,nM,50000.0,uM,50.0,4.301029995663981,Low Activity,True,335.36300000000006,2.27182,84.22,2,4,4,3,0,Pass,4.307578,1.0,1.0,1.0,1.0,Favourable,0.20594925,0.897767398252352,0.5978629933543137,59.78629933543137,O=c1c2ccccc2ncn1Cc1ccccc1,0.10526315789473684,25,3,2,6,1.0,High Suitability,1.0,1.0,1.0,Favourable,0.5632720857858657,56.32720857858657,896
COc1ccc(/C=C/c2cccc(/C=C/c3ccc(OC)c(N(C)C)c3)c2)cc1N(C)C,CHEMBL248337,5.96,nM,1100.0,uM,1.1,5.958607314841775,Low Activity,True,428.5760000000002,6.176600000000007,24.940000000000005,0,4,8,3,1,Pass,5.7620196,0.75,0.75,0.75,0.75,Moderate,0.44545084,0.897767398252352,0.6051137911028793,60.51137911028793,C(=Cc1cccc(C=Cc2ccccc2)c1)c1ccccc1,0.21428571428571427,32,3,0,4,0.8,High Suitability,0.35000000000000003,0.85,0.6950000000000001,Moderate,0.563247963309288,56.32479633092879,897
CNS(=O)(=O)c1cc(C(=O)N(C)C)c(NCc2ccco2)cc1Cl,CHEMBL4870723,5.18,nM,6560.0,uM,6.56,5.1830961606243395,Low Activity,True,371.846,2.1550000000000002,91.65,2,5,6,2,0,Pass,4.8072405,1.0,0.7,1.0,0.9099999999999999,Favourable,0.2882282,0.897767398252352,0.6120024768061569,61.200247680615696,c1ccc(NCc2ccco2)cc1,0.26666666666666666,24,2,2,7,0.65,Moderate Suitability,1.0,1.0,0.8700000000000001,Favourable,0.5630255265235901,56.302552652359005,898
COc1cc(O)c2c(c1)C[C@@H]1c3c(cc4c(c3-2)OCO4)CCN1C,CHEMBL5411734,,nM,50000.0,uM,50.0,4.301029995663981,Low Activity,True,325.3640000000001,2.8816000000000015,51.160000000000004,1,5,1,5,0,Pass,4.3047423,1.0,1.0,1.0,1.0,Favourable,0.20548224,0.897767398252352,0.5976294921584061,59.762949215840614,c1ccc2c(c1)CC1NCCc3cc4c(c-2c31)OCO4,0.3684210526315789,24,2,1,5,1.0,High Suitability,1.0,1.0,1.0,Favourable,0.5630152344703674,56.301523447036736,899
CCc1nc2cc(/C=C/C(=O)NO)ccc2c(=O)n1CCc1ccccc1,CHEMBL2425961,,nM,50000.0,uM,50.0,4.301029995663981,Low Activity,True,363.4170000000001,2.720200000000001,84.22,2,4,6,3,0,Pass,4.3019247,1.0,1.0,1.0,1.0,Favourable,0.20501828,0.897767398252352,0.5973975108809403,59.73975108809403,O=c1c2ccccc2ncn1CCc1ccccc1,0.19047619047619047,27,3,2,6,1.0,High Suitability,1.0,1.0,1.0,Favourable,0.5627600595355033,56.27600595355033,900
OB1Oc2ccc3cc(O)ccc3c2C=C1c1cc(O)cc(O)c1,CHEMBL4552863,5.05,nM,8900.0,uM,8.9,5.050609993355087,Low Activity,True,320.10900000000004,2.909300000000001,90.15,4,5,1,4,0,Pass,5.110127,1.0,0.49999999999999994,1.0,0.8500000000000001,Favourable,0.33810425,0.897767398252352,0.6189404939360551,61.89404939360551,B1Oc2ccc3ccccc3c2C=C1c1ccccc1,0.0,24,3,4,5,0.45,Low Suitability,1.0,1.0,0.79,Moderate,0.5624573423862457,56.245734238624564,901
COc1ccc(/C=C/c2cc(O)cc(/C=C/c3ccc(OC)c(O)c3)c2)cc1O,CHEMBL2059391,5.80,nM,1600.0,uM,1.6,5.795880017344075,Low Activity,True,390.4350000000001,5.161400000000007,79.15,3,5,6,3,1,Pass,5.5941286,0.75,0.75,0.75,0.75,Moderate,0.41780436,0.897767398252352,0.5912905501074722,59.12905501074722,C(=Cc1cccc(C=Cc2ccccc2)c1)c1ccccc1,0.08333333333333333,29,3,3,5,0.8,High Suitability,0.55,0.85,0.7350000000000001,Moderate,0.5620424011945725,56.204240119457246,902
COc1cc(F)cc(N2N=C(C)CC2=O)c1,CHEMBL3739947,,nM,50000.0,uM,50.0,4.301029995663981,Low Activity,True,222.21899999999997,1.9469,41.9,0,3,2,2,0,Pass,4.292663,1.0,1.0,1.0,1.0,Favourable,0.20349318,0.897767398252352,0.5966349588580063,59.663495885800636,O=C1CC=NN1c1ccccc1,0.2727272727272727,16,1,0,4,1.0,High Suitability,1.0,1.0,1.0,Favourable,0.5619212508201599,56.192125082015984,903
CC1=NN(c2cccc(C)c2)C(=O)C1,CHEMBL3742311,,nM,50000.0,uM,50.0,4.301029995663981,Low Activity,True,188.22999999999996,2.10762,32.67,0,2,1,2,0,Pass,4.2906947,1.0,1.0,1.0,1.0,Favourable,0.20316905,0.897767398252352,0.596472893828862,59.64728938288621,O=C1CC=NN1c1ccccc1,0.2727272727272727,14,1,0,3,1.0,High Suitability,1.0,1.0,1.0,Favourable,0.5617429807782173,56.174298077821724,904
Oc1cc(O)c2c(c1)O[C@H](c1ccc(O)c(O)c1)[C@H](O)C2,CHEMBL583912,5.28,nM,5300.0,uM,5.3,5.275724130399211,Low Activity,True,290.271,1.5460999999999998,110.38000000000001,5,6,1,3,0,Pass,5.1020017,1.0,0.49999999999999994,1.0,0.8500000000000001,Favourable,0.33676624,0.897767398252352,0.6182714914030961,61.827149140309615,c1ccc(C2CCc3ccccc3O2)cc1,0.2,21,2,5,6,0.45,Low Suitability,1.0,1.0,0.79,Moderate,0.5617214336395263,56.17214336395263,905
Fc1ccc(Nc2ccc3c(C4CCNCC4)c[nH]c3c2)cc1F,CHEMBL4088780,4.62,nM,24000.0,uM,24.0,4.619788758288394,Low Activity,True,327.378,4.6567000000000025,39.849999999999994,3,2,3,4,0,Pass,4.44216,1.0,1.0,1.0,1.0,Favourable,0.22811073,0.897767398252352,0.6089437352366379,60.894373523663795,c1ccc(Nc2ccc3c(C4CCNCC4)c[nH]c3c2)cc1,0.2631578947368421,24,3,3,3,1.0,High Suitability,0.8,1.0,0.9600000000000001,Favourable,0.561460907816887,56.1460907816887,906
OB1Oc2ccc3ccc(O)cc3c2C=C1c1cc(O)cc(O)c1,CHEMBL4455417,5.31,nM,4900.0,uM,4.9,5.309803919971486,Low Activity,True,320.109,2.909300000000001,90.15,4,5,1,4,0,Pass,5.097917,1.0,0.49999999999999994,1.0,0.8500000000000001,Favourable,0.33609366,0.897767398252352,0.6179352019972734,61.79352019972734,B1Oc2ccc3ccccc3c2C=C1c1ccccc1,0.0,24,3,4,5,0.45,Low Suitability,1.0,1.0,0.79,Moderate,0.561351512312889,56.1351512312889,907
O=c1ccoc(/C=C/c2ccc([N+](=O)[O-])cc2)c1O,CHEMBL5410783,4.42,nM,38150.0,uM,38.15,4.4185054577091005,Low Activity,True,259.217,2.424000000000001,93.58,1,5,3,2,0,Pass,4.787105,1.0,0.7,1.0,0.9099999999999999,Favourable,0.28491253,0.897767398252352,0.6103446332163742,61.034463321637425,O=c1ccoc(C=Cc2ccccc2)c1,0.0,19,2,1,6,0.65,Moderate Suitability,1.0,1.0,0.8700000000000001,Favourable,0.5612018926143646,56.12018926143646,908
COc1cc(O)c2c(c1)C[C@H]1NCCc3cc4c(c-2c31)OCO4,CHEMBL5416128,,nM,50000.0,uM,50.0,4.301029995663981,Low Activity,True,311.33700000000005,2.5394000000000005,59.95,2,5,1,5,0,Pass,4.283551,1.0,1.0,1.0,1.0,Favourable,0.20199275,0.897767398252352,0.5958847449965409,59.58847449965409,c1ccc2c(c1)CC1NCCc3cc4c(c-2c31)OCO4,0.3333333333333333,23,2,2,5,1.0,High Suitability,1.0,1.0,1.0,Favourable,0.561096017062664,56.109601706266396,909
Cc1nc2cc(/C=C/C(=O)NO)ccc2c(=O)n1CCc1ccccc1,CHEMBL2425958,,nM,50000.0,uM,50.0,4.301029995663981,Low Activity,True,349.3900000000001,2.4662200000000007,84.22,2,4,5,3,0,Pass,4.282624,1.0,1.0,1.0,1.0,Favourable,0.20184004,0.897767398252352,0.5958083914465836,59.58083914465836,O=c1c2ccccc2ncn1CCc1ccccc1,0.15,26,3,2,6,1.0,High Suitability,1.0,1.0,1.0,Favourable,0.5610120266675949,56.101202666759484,910
COc1ccc2c(c1)C[C@@H]1c3c(cc4c(c3-2)OCO4)CCN1C,CHEMBL510954,,nM,50000.0,uM,50.0,4.301029995663981,Low Activity,True,309.36500000000007,3.176000000000002,30.93,0,4,1,5,0,Pass,4.436636,1.0,1.0,1.0,1.0,Favourable,0.2272011,0.897767398252352,0.6084889219946793,60.84889219946793,c1ccc2c(c1)CC1NCCc3cc4c(c-2c31)OCO4,0.3684210526315789,23,2,0,4,1.0,High Suitability,0.8,1.0,0.9600000000000001,Favourable,0.5609606087803841,56.096060878038415,911
COc1cc2c(cc1OC)C(=O)/C(=C/c1ccc(N3CCN(C(=O)c4ccoc4)CC3)cc1)C2,CHEMBL3913721,4.96,nM,10900.0,uM,10.9,4.962573502059376,Low Activity,True,458.5140000000003,4.0816000000000034,72.22,0,6,5,5,0,Pass,4.972268,1.0,0.75,1.0,0.925,Favourable,0.31540316,0.897767398252352,0.630089951629155,63.008995162915504,O=C1C(=Cc2ccc(N3CCN(C(=O)c4ccoc4)CC3)cc2)Cc2ccccc21,0.25925925925925924,34,3,0,7,0.75,High Suitability,0.6000000000000001,1.0,0.8200000000000001,Favourable,0.560471748828888,56.0471748828888,912
O=c1c(O)c(-c2ccc(O)c(O)c2)oc2cc(O)ccc12,CHEMBL31574,4.90,nM,12500.0,uM,12.5,4.903089986991944,Low Activity,True,286.23900000000003,2.282400000000001,111.13000000000001,4,6,1,3,0,Pass,5.088156,1.0,0.49999999999999994,1.0,0.8500000000000001,Favourable,0.33448637,0.897767398252352,0.6171315525717668,61.71315525717668,O=c1cc(-c2ccccc2)oc2ccccc12,0.0,21,3,4,6,0.45,Low Suitability,1.0,1.0,0.79,Moderate,0.560467500925064,56.0467500925064,913
COc1cc(/C=C/C(=O)N(C)C)ccc1OCc1ccccc1,CHEMBL4864402,4.61,nM,24600.0,uM,24.6,4.609064892896621,Low Activity,True,311.381,3.375600000000002,38.769999999999996,0,3,6,2,0,Pass,4.4301324,1.0,1.0,1.0,1.0,Favourable,0.22613013,0.897767398252352,0.6079534338660172,60.79534338660172,c1ccc(COc2ccccc2)cc1,0.21052631578947367,23,2,0,4,1.0,High Suitability,0.8,1.0,0.9600000000000001,Favourable,0.5603715733289719,56.037157332897195,914
O=C(O)C1(c2ccc(-c3ccc(-c4ccc(O)cc4)cc3)c(F)c2)CC1,CHEMBL196947,4.50,nM,31600.0,uM,31.6,4.5003129173815966,Low Activity,True,348.3730000000001,4.981500000000002,57.53,2,2,4,4,0,Pass,4.428894,1.0,1.0,1.0,1.0,Favourable,0.22592622,0.897767398252352,0.6078514801211289,60.78514801211289,c1ccc(-c2ccc(-c3ccc(C4CC4)cc3)cc2)cc1,0.13636363636363635,26,3,2,3,1.0,High Suitability,0.8,1.0,0.9600000000000001,Favourable,0.560259427189827,56.025942718982705,915
COc1cc(-c2cncn2CCC(=O)NCCOc2ccccc2)ccc1OCc1ccccc1,CHEMBL4872213,5.11,nM,7760.0,uM,7.76,5.110138278741811,Low Activity,True,471.55700000000013,4.723000000000004,74.61000000000001,1,5,12,4,0,Pass,5.2291384,0.85,0.75,1.0,0.865,Favourable,0.35770178,0.897767398252352,0.6332392591185502,63.323925911855014,O=C(CCn1cncc1-c1ccc(OCc2ccccc2)cc1)NCCOc1ccccc1,0.21428571428571427,35,4,1,7,0.75,High Suitability,0.6000000000000001,0.8,0.7525000000000001,Moderate,0.5601109781265259,56.01109781265259,916
O=C(/C=C/c1ccc2c(=O)n(CCc3ccccc3)cnc2c1)NO,CHEMBL2425960,,nM,50000.0,uM,50.0,4.301029995663981,Low Activity,True,335.363,2.1578,84.22,2,4,5,3,0,Pass,4.2682076,1.0,1.0,1.0,1.0,Favourable,0.19946611,0.897767398252352,0.5946214245505265,59.46214245505265,O=c1c2ccccc2ncn1CCc1ccccc1,0.10526315789473684,25,3,2,6,1.0,High Suitability,1.0,1.0,1.0,Favourable,0.5597063645720481,55.97063645720481,917
O=C1C(=O)N2CCc3cc4c(c5c3c2c1c1ccccc15)OCO4,CHEMBL5430188,,nM,50000.0,uM,50.0,4.301029995663981,Low Activity,True,317.30000000000007,2.807100000000001,55.84,0,4,0,6,0,Pass,4.2681546,1.0,1.0,1.0,1.0,Favourable,0.1994574,0.897767398252352,0.5946170734114579,59.46170734114579,O=C1C(=O)N2CCc3cc4c(c5c3c2c1c1ccccc15)OCO4,0.15789473684210525,24,3,0,5,1.0,High Suitability,1.0,1.0,1.0,Favourable,0.5597015738487243,55.97015738487243,918
CCc1ccccc1N1N=C(C)CC1=O,CHEMBL3740761,,nM,50000.0,uM,50.0,4.301029995663981,Low Activity,True,202.25699999999995,2.3616,32.67,0,2,2,2,0,Pass,4.265074,1.0,1.0,1.0,1.0,Favourable,0.19895011,0.897767398252352,0.5943634258456162,59.43634258456162,O=C1CC=NN1c1ccccc1,0.3333333333333333,15,1,0,3,1.0,High Suitability,1.0,1.0,1.0,Favourable,0.5594225645065307,55.94225645065307,919
CC1=NN(c2ccc(C(F)(F)F)cc2)C(=O)C1,CHEMBL3740346,,nM,50000.0,uM,50.0,4.301029995663981,Low Activity,True,242.19999999999993,2.8180000000000014,32.67,0,2,1,2,0,Pass,4.2638693,1.0,1.0,1.0,1.0,Favourable,0.19875175,0.897767398252352,0.5942642437167099,59.426424371671,O=C1CC=NN1c1ccccc1,0.2727272727272727,17,1,0,3,1.0,High Suitability,1.0,1.0,1.0,Favourable,0.55931346565485,55.93134656548499,920
Cc1cc(N2CCN(c3nc(Cl)nc(Nc4ccccc4F)n3)CC2)n2ncnc2n1,CHEMBL4168812,4.87,nM,13400.0,uM,13.4,4.872895201635193,Low Activity,True,440.8740000000002,2.4804199999999996,100.26,1,9,4,5,0,Pass,4.9160223,1.0,0.7,1.0,0.9099999999999999,Favourable,0.3061412,0.897767398252352,0.620958968753331,62.0958968753331,c1ccc(Nc2ncnc(N3CCN(c4ccnc5ncnn45)CC3)n2)cc1,0.2631578947368421,31,4,1,10,0.65,Moderate Suitability,0.8,1.0,0.8300000000000001,Favourable,0.5588776676654815,55.887766766548154,921
O=C(NC1CCN(Cc2ccccc2)CC1)OC[C@H]1CC[C@@H](c2ccccc2)N1S(=O)(=O)c1ccc(Cl)cc1,CHEMBL231547,6.85,nM,140.0,nM,140.0,6.853871964321762,Moderately Active,True,568.1390000000002,5.625200000000006,78.95000000000002,1,5,8,5,2,Fail,6.9161534,0.5,0.5,0.5,0.5,Unfavourable,0.635501,0.897767398252352,0.5876388834662369,58.763888346623695,O=C(NC1CCN(Cc2ccccc2)CC1)OCC1CCC(c2ccccc2)N1S(=O)(=O)c1ccccc1,0.36666666666666664,39,3,1,7,0.55,Moderate Suitability,0.15000000000000002,0.6,0.45499999999999996,Unfavourable,0.5587755708694458,55.877557086944584,922
O=C(Cc1ccccc1[N+](=O)[O-])OCc1cn(-c2ccc(Oc3ccccc3)cc2)nn1,CHEMBL5598259,4.44,nM,36660.0,uM,36.66,4.435807539373802,Low Activity,True,430.4200000000001,4.253700000000004,109.38000000000001,0,7,8,4,0,Pass,5.0672617,1.0,0.7,1.0,0.9099999999999999,Favourable,0.3310457,0.897767398252352,0.633411213511937,63.3411213511937,O=C(Cc1ccccc1)OCc1cn(-c2ccc(Oc3ccccc3)cc2)nn1,0.08695652173913043,32,4,0,9,0.65,Moderate Suitability,0.6000000000000001,1.0,0.79,Moderate,0.5585751279592513,55.85751279592513,923
O=C(OCCC1CCc2ccccc2N1S(=O)(=O)c1ccc(Cl)cc1)N1CCN(CCO)CC1,CHEMBL425304,6.06,nM,880.0,nM,880.0,6.055517327849831,Moderately Active,True,508.04000000000036,2.9867000000000017,90.39,1,6,7,4,1,Pass,6.115799,0.75,0.44999999999999996,0.75,0.66,Moderate,0.5037074,0.897767398252352,0.6072420743651322,60.724207436513225,O=C(OCCC1CCc2ccccc2N1S(=O)(=O)c1ccccc1)N1CCNCC1,0.4583333333333333,34,2,1,8,0.4,Low Suitability,0.6000000000000001,0.75,0.59,Unfavourable,0.5585390808582307,55.853908085823065,924
O=C(NO)c1ccc(Nc2c3ccccc3nc3ccc(Br)cc23)cc1,CHEMBL4796066,5.96,nM,1100.0,uM,1.1,5.958607314841775,Low Activity,True,408.25500000000005,5.013100000000002,74.25,3,4,3,4,1,Pass,5.7094727,0.75,0.75,0.75,0.75,Moderate,0.43679798,0.897767398252352,0.6007873581595352,60.07873581595352,c1ccc(Nc2c3ccccc3nc3ccccc23)cc1,0.0,26,4,3,5,0.8,High Suitability,0.35000000000000003,0.85,0.6950000000000001,Moderate,0.5584888900518417,55.84888900518416,925
O=C(OCCCC1CCc2ccccc2N1S(=O)(=O)c1ccc(Cl)cc1)N1CCN(CCO)CC1,CHEMBL230931,6.17,nM,680.0,nM,680.0,6.167491087293763,Moderately Active,True,522.0670000000003,3.376800000000002,90.39,1,6,8,4,1,Pass,6.269766,0.75,0.44999999999999996,0.75,0.66,Moderate,0.52906096,0.897767398252352,0.6199188498206071,61.99188498206071,O=C(OCCCC1CCc2ccccc2N1S(=O)(=O)c1ccccc1)N1CCNCC1,0.48,35,2,1,8,0.4,Low Suitability,0.4000000000000001,0.75,0.55,Unfavourable,0.5584835278987885,55.84835278987885,926
CCO[C@@H]([C@H]1C[C@@H](C)[C@H]2[C@H](O1)[C@H](O)[C@@]1(C)[C@@H]3CC[C@H]4C(C)(C)[C@@H](O[C@H]5CN(C6CN(C(C)C)C6)CCO5)CC[C@@]45C[C@@]35CC[C@]21C)C(C)(C)O,CHEMBL3403816,6.96,nM,110.0,nM,110.0,6.958607314841775,Moderately Active,True,701.0459999999998,6.111900000000007,83.86000000000001,2,8,8,8,2,Fail,6.908195,0.5,0.5,0.5,0.5,Unfavourable,0.63419056,0.897767398252352,0.5869836496062211,58.69836496062211,C1COC2CC3C(CCC45CC46CCC(OC4CN(C7CNC7)CCO4)CC6CCC35)C2C1,1.0,50,0,2,8,0.55,Moderate Suitability,0.15000000000000002,0.6,0.45499999999999996,Unfavourable,0.5580548017024994,55.80548017024994,927
CN1CCC(c2c[nH]c3cc(Nc4ccc(F)c(F)c4)ccc23)CC1,CHEMBL4063009,4.32,nM,48000.0,uM,48.0,4.318758762624412,Low Activity,True,341.40500000000014,4.9989000000000035,31.060000000000002,2,2,3,4,0,Pass,4.4036975,1.0,1.0,1.0,1.0,Favourable,0.22177714,0.897767398252352,0.6057769404597214,60.577694045972144,c1ccc(Nc2ccc3c(C4CCNCC4)c[nH]c3c2)cc1,0.3,25,3,2,3,1.0,High Suitability,0.8,1.0,0.9600000000000001,Favourable,0.5579774335622788,55.79774335622788,928
CNc1ccc(/C=C/c2cccc(/C=C/c3ccc(NC)c(OC)c3)c2)cc1OC,CHEMBL247931,6.22,nM,600.0,uM,0.6,6.221848749616356,Moderately Active,True,400.52200000000016,6.128000000000006,42.519999999999996,2,4,8,3,1,Pass,5.7036324,0.75,0.75,0.75,0.75,Moderate,0.43583626,0.897767398252352,0.6003064976878097,60.030649768780975,C(=Cc1cccc(C=Cc2ccccc2)c1)c1ccccc1,0.15384615384615385,30,3,2,4,0.8,High Suitability,0.35000000000000003,0.85,0.6950000000000001,Moderate,0.5579599435329436,55.79599435329436,929
COc1cc(/C=C/c2cc(Br)cc(/C=C/c3ccc(O)c(OC)c3)n2)ccc1O,CHEMBL427878,5.96,nM,1100.0,uM,1.1,5.958607314841775,Low Activity,True,454.32000000000016,5.613300000000006,71.81,2,5,6,3,1,Pass,6.0883408,0.75,0.5,0.75,0.675,Moderate,0.49918592,0.897767398252352,0.6094813297934464,60.948132979344635,C(=Cc1cccc(C=Cc2ccccc2)n1)c1ccccc1,0.08695652173913043,29,3,2,5,0.55,Moderate Suitability,0.35000000000000003,0.85,0.595,Unfavourable,0.5578022558689117,55.78022558689118,930
O=C(Cc1ccccc1[N+](=O)[O-])OCc1cn(-c2cc3ccccc3oc2=O)nn1,CHEMBL5598305,4.75,nM,17660.0,uM,17.66,4.753009300758451,Low Activity,True,406.3540000000001,2.567800000000001,130.36,0,8,6,4,0,Pass,4.897594,1.0,0.7,1.0,0.9099999999999999,Favourable,0.3031066,0.897767398252352,0.6194416729159287,61.94416729159287,O=C(Cc1ccccc1)OCc1cn(-c2cc3ccccc3oc2=O)nn1,0.1,30,4,0,10,0.65,Moderate Suitability,0.8,1.0,0.8300000000000001,Favourable,0.5572086333036422,55.720863330364224,931
CNc1cc(/C=C/c2cccc(/C=C/c3ccc(OC)c(NC)c3)c2)ccc1OC,CHEMBL248133,5.89,nM,1300.0,uM,1.3,5.886056647693163,Low Activity,True,400.52200000000016,6.128000000000005,42.519999999999996,2,4,8,3,1,Pass,5.6891456,0.75,0.75,0.75,0.75,Moderate,0.43345076,0.897767398252352,0.5991137491412094,59.91137491412094,C(=Cc1cccc(C=Cc2ccccc2)c1)c1ccccc1,0.15384615384615385,30,3,2,4,0.8,High Suitability,0.35000000000000003,0.85,0.6950000000000001,Moderate,0.5566479260921477,55.66479260921477,932
c1ccc(Oc2ccc(-c3cc(N4CC(CN5CCCC5)C4)c4nonc4c3)cc2)cc1,CHEMBL5285691,6.28,nM,520.0,uM,0.52,6.2839966563652006,Moderately Active,True,426.52000000000015,5.2141000000000055,54.63,0,6,6,6,1,Pass,5.6823063,0.75,0.75,0.75,0.75,Moderate,0.43232453,0.897767398252352,0.5985506342596939,59.85506342596939,c1ccc(Oc2ccc(-c3cc(N4CC(CN5CCCC5)C4)c4nonc4c3)cc2)cc1,0.3076923076923077,32,4,0,6,0.8,High Suitability,0.35000000000000003,0.85,0.6950000000000001,Moderate,0.5560284997224807,55.602849972248066,933
CCO[C@@H]([C@H]1C[C@@H](C)[C@H]2[C@H](O1)[C@H](O)[C@@]1(C)[C@@H]3CC[C@H]4C(C)(C)[C@@H](O[C@H]5CN(CC6CN(C)C6)CCO5)CC[C@@]45C[C@@]35CC[C@]21C)C(C)(C)O,CHEMBL3403815,6.85,nM,140.0,nM,140.0,6.853871964321762,Moderately Active,True,687.0189999999999,5.580900000000007,83.86000000000001,2,8,8,8,2,Fail,6.8854914,0.5,0.5,0.5,0.5,Unfavourable,0.6304519,0.897767398252352,0.5851143287367753,58.51143287367753,C1COC2CC3C(CCC45CC46CCC(OC4CN(CC7CNC7)CCO4)CC6CCC35)C2C1,1.0,49,0,2,8,0.55,Moderate Suitability,0.15000000000000002,0.6,0.45499999999999996,Unfavourable,0.555998560667038,55.5998560667038,934
CCO[C@@H]([C@H]1C[C@@H](C)[C@H]2[C@H](O1)[C@H](O)[C@@]1(C)[C@@H]3CC[C@H]4C(C)(C)[C@@H](O[C@H]5CN(CCN6CCC6)CCO5)CC[C@@]45C[C@@]35CC[C@]21C)C(C)(C)O,CHEMBL2207050,6.96,nM,110.0,nM,110.0,6.958607314841775,Moderately Active,True,687.019,5.725000000000007,83.86000000000001,2,8,9,8,2,Fail,6.885209,0.5,0.5,0.5,0.5,Unfavourable,0.6304054,0.897767398252352,0.5850910829253129,58.50910829253129,C1COC2CC3C(CCC45CC46CCC(OC4CN(CCN7CCC7)CCO4)CC6CCC35)C2C1,1.0,49,0,2,8,0.55,Moderate Suitability,0.15000000000000002,0.6,0.45499999999999996,Unfavourable,0.5559729902744294,55.597299027442936,935
CCO[C@@H]([C@H]1C[C@@H](C)[C@H]2[C@H](O1)[C@H](O)[C@@]1(C)[C@@H]3CC[C@H]4C(C)(C)[C@@H](O[C@H]5CNCCO5)CC[C@@]45C[C@@]35CC[C@]21C)C(C)(C)O,CHEMBL2207069,7.04,nM,91.0,nM,91.0,7.040958607678906,Highly Active,True,603.8850000000003,5.306900000000006,89.41000000000001,3,7,6,7,2,Fail,6.8831244,0.5,0.5,0.5,0.5,Unfavourable,0.6300622,0.897767398252352,0.5849194811530045,58.49194811530045,C1COC2CC3C(CCC45CC46CCC(OC4CNCCO4)CC6CCC35)C2C1,1.0,43,0,3,7,0.55,Moderate Suitability,0.15000000000000002,0.6,0.45499999999999996,Unfavourable,0.5557842223644257,55.57842223644257,936
CCO[C@@H]([C@H]1C[C@@H](C)[C@H]2[C@H](O1)[C@H](O)[C@@]1(C)[C@@H]3CC[C@H]4C(C)(C)[C@@H](O[C@H]5CN(C6CN(C7CCC7)C6)CCO5)CC[C@@]45C[C@@]35CC[C@]21C)C(C)(C)O,CHEMBL3403817,6.92,nM,120.0,nM,120.0,6.920818753952375,Moderately Active,True,713.0569999999999,6.256000000000007,83.86000000000001,2,8,8,9,2,Fail,6.8820844,0.5,0.5,0.5,0.5,Unfavourable,0.6298909,0.897767398252352,0.5848338292784623,58.48338292784623,C1COC2CC3C(CCC45CC46CCC(OC4CN(C7CN(C8CCC8)C7)CCO4)CC6CCC35)C2C1,1.0,51,0,2,8,0.55,Moderate Suitability,0.15000000000000002,0.6,0.45499999999999996,Unfavourable,0.5556900172233582,55.56900172233582,937
CN(C)c1ccc(/C=C/c2cccc(/C=C/c3ccc(N(C)C)c(O)c3)c2)cc1O,CHEMBL248131,6.16,nM,700.0,uM,0.7,6.154901959985743,Moderately Active,True,400.5220000000001,5.570600000000007,46.94,2,4,6,3,1,Pass,5.678511,0.75,0.75,0.75,0.75,Moderate,0.43169957,0.897767398252352,0.5982381569094589,59.82381569094589,C(=Cc1cccc(C=Cc2ccccc2)c1)c1ccccc1,0.15384615384615385,30,3,2,4,0.8,High Suitability,0.35000000000000003,0.85,0.6950000000000001,Moderate,0.5556847746372222,55.56847746372222,938
CCO[C@@H]([C@H]1C[C@@H](C)[C@H]2[C@H](O1)[C@H](O)[C@@]1(C)[C@@H]3CC[C@H]4C(C)(C)[C@@H](O[C@H]5CN(C6CN(C)C6)CCO5)CC[C@@]45C[C@@]35CC[C@]21C)C(C)(C)O,CHEMBL2206994,7.00,nM,100.0,nM,100.0,7.0,Highly Active,True,672.992,5.333300000000007,83.86000000000001,2,8,7,8,2,Fail,6.875674,0.5,0.5,0.5,0.5,Unfavourable,0.6288353,0.897767398252352,0.5843060301489762,58.43060301489762,C1COC2CC3C(CCC45CC46CCC(OC4CN(C7CNC7)CCO4)CC6CCC35)C2C1,1.0,48,0,2,8,0.55,Moderate Suitability,0.15000000000000002,0.6,0.45499999999999996,Unfavourable,0.5551094381809235,55.51094381809235,939
O=c1cc(-c2ccc(O)c(O)c2)oc2cc(O)cc(O)c12,CHEMBL151,5.19,nM,6400.0,uM,6.4,5.1938200260161125,Low Activity,True,286.23900000000003,2.2824000000000004,111.13000000000001,4,6,1,3,0,Pass,5.0284576,1.0,0.49999999999999994,1.0,0.8500000000000001,Favourable,0.32465583,0.897767398252352,0.6122162853426866,61.22162853426866,O=c1cc(-c2ccccc2)oc2ccccc12,0.0,21,3,4,6,0.45,Low Suitability,1.0,1.0,0.79,Moderate,0.5550607039928436,55.506070399284354,940
O=C(Cc1ccccc1[N+](=O)[O-])NCc1cn(-c2cc3ccccc3oc2=O)nn1,CHEMBL5597792,4.94,nM,11580.0,uM,11.58,4.936291440608582,Low Activity,True,405.3700000000001,2.1407999999999996,133.16,1,7,6,4,0,Pass,4.8706245,1.0,0.7,1.0,0.9099999999999999,Favourable,0.29866558,0.897767398252352,0.6172211614794663,61.72211614794663,O=C(Cc1ccccc1)NCc1cn(-c2cc3ccccc3oc2=O)nn1,0.1,30,4,1,10,0.65,Moderate Suitability,0.8,1.0,0.8300000000000001,Favourable,0.5547660796642303,55.47660796642303,941
COc1cc([C@H]2C[C@@H]2C(=O)N(C)C)ccc1OCc1ccccc1,CHEMBL4867164,4.34,nM,45780.0,uM,45.78,4.339324211661476,Low Activity,True,325.408,3.465900000000002,38.769999999999996,0,3,6,3,0,Pass,4.359856,1.0,1.0,1.0,1.0,Favourable,0.21455783,0.897767398252352,0.6021672831721238,60.21672831721238,c1ccc(COc2ccc(C3CC3)cc2)cc1,0.35,24,2,0,4,1.0,High Suitability,0.8,1.0,0.9600000000000001,Favourable,0.5540068105459214,55.40068105459214,942
O=C(O)/C=C/c1ccccc1,CHEMBL27246,,nM,100000.0,uM,100.0,4.0,Low Activity,True,148.161,1.7844,37.3,1,1,2,1,0,Pass,4.203008,1.0,1.0,1.0,1.0,Favourable,0.18872982,0.897767398252352,0.5892532812304428,58.92532812304429,c1ccccc1,0.0,11,1,1,2,1.0,High Suitability,1.0,1.0,1.0,Favourable,0.5538014069199562,55.380140691995614,943
CCO[C@@H]([C@H]1C[C@@H](C)[C@H]2[C@H](O1)[C@H](O)[C@@]1(C)[C@@H]3CC[C@H]4C(C)(C)[C@@H](O[C@H]5CN(C6COC6)CCO5)CC[C@@]45C[C@@]35CC[C@]21C)C(C)(C)O,CHEMBL2207065,6.57,nM,270.0,nM,270.0,6.568636235841012,Moderately Active,True,659.9490000000001,5.418100000000006,89.85000000000001,2,8,7,8,2,Fail,6.8604465,0.5,0.5,0.5,0.5,Unfavourable,0.6263279,0.897767398252352,0.5830523060507706,58.305230605077064,C1COC2CC3C(CCC45CC46CCC(OC4CN(C7COC7)CCO4)CC6CCC35)C2C1,1.0,47,0,2,8,0.55,Moderate Suitability,0.15000000000000002,0.6,0.45499999999999996,Unfavourable,0.5537303357124329,55.37303357124329,944
O=C(NC1CCN(Cc2ccccc2)CC1)OCCC1CCc2ccccc2N1S(=O)(=O)c1ccc(Cl)cc1,CHEMBL231647,6.05,nM,900.0,nM,900.0,6.045757490560675,Moderately Active,True,568.1390000000004,5.6310000000000064,78.95000000000002,1,5,8,5,2,Fail,6.84989,0.5,0.5,0.5,0.5,Unfavourable,0.62458956,0.897767398252352,0.5821831511206559,58.21831511206559,O=C(NC1CCN(Cc2ccccc2)CC1)OCCC1CCc2ccccc2N1S(=O)(=O)c1ccccc1,0.36666666666666664,39,3,1,7,0.55,Moderate Suitability,0.15000000000000002,0.6,0.45499999999999996,Unfavourable,0.5527742772102356,55.277427721023564,945
O=C(O)/C=C/c1cccc(O)c1,CHEMBL98521,,nM,100000.0,uM,100.0,4.0,Low Activity,True,164.16,1.49,57.53,2,2,2,1,0,Pass,4.1909213,1.0,1.0,1.0,1.0,Favourable,0.18673944,0.897767398252352,0.5882580922789505,58.82580922789506,c1ccccc1,0.0,12,1,2,3,1.0,High Suitability,1.0,1.0,1.0,Favourable,0.5527066931128501,55.27066931128501,946
CC(C(N)=O)c1ccc(-c2cc(Cl)cc(Cl)c2)c(F)c1,CHEMBL193900,4.19,nM,64000.0,uM,64.0,4.1938200260161125,Low Activity,True,312.171,4.388300000000002,43.09,1,1,3,2,0,Pass,4.3432493,1.0,1.0,1.0,1.0,Favourable,0.21182317,0.897767398252352,0.6007999526209763,60.07999526209763,c1ccc(-c2ccccc2)cc1,0.13333333333333333,20,2,2,2,1.0,High Suitability,0.8,1.0,0.9600000000000001,Favourable,0.5525027469396592,55.25027469396592,947
CCO[C@@H]([C@H]1C[C@@H](C)[C@H]2[C@H](O1)[C@H](O)[C@@]1(C)[C@@H]3CC[C@H]4C(C)(C)[C@@H](O[C@H]5CN(C)CCO5)CC[C@@]45C[C@@]35CC[C@]21C)C(C)(C)O,CHEMBL2207042,6.60,nM,250.0,nM,250.0,6.6020599913279625,Moderately Active,True,617.9120000000003,5.649100000000006,80.62,2,7,6,7,2,Fail,6.844789,0.5,0.5,0.5,0.5,Unfavourable,0.6237495,0.897767398252352,0.5817631171889237,58.17631171889237,C1COC2CC3C(CCC45CC46CCC(OC4CNCCO4)CC6CCC35)C2C1,1.0,44,0,2,7,0.55,Moderate Suitability,0.15000000000000002,0.6,0.45499999999999996,Unfavourable,0.5523122220039368,55.23122220039368,948
CN(C)c1ccc(/C=C/c2cc(O)cc(/C=C/c3ccc(N(C)C)c(O)c3)c2)cc1O,CHEMBL2059393,5.48,nM,3300.0,uM,3.3,5.481486060122112,Low Activity,True,416.52100000000013,5.276200000000007,67.17,3,5,6,3,1,Pass,5.6412525,0.75,0.75,0.75,0.75,Moderate,0.42556423,0.897767398252352,0.5951704846568039,59.51704846568039,C(=Cc1cccc(C=Cc2ccccc2)c1)c1ccccc1,0.15384615384615385,31,3,3,5,0.8,High Suitability,0.35000000000000003,0.85,0.6950000000000001,Moderate,0.5523103321790694,55.23103321790694,949
CN(C)c1cc(/C=C/c2cccc(/C=C/c3ccc(O)c(N(C)C)c3)c2)ccc1O,CHEMBL248338,5.57,nM,2700.0,uM,2.7,5.568636235841012,Low Activity,True,400.5220000000001,5.570600000000007,46.94,2,4,6,3,1,Pass,5.6410704,0.75,0.75,0.75,0.75,Moderate,0.42553425,0.897767398252352,0.5951554940886429,59.51554940886429,C(=Cc1cccc(C=Cc2ccccc2)c1)c1ccccc1,0.15384615384615385,30,3,2,4,0.8,High Suitability,0.35000000000000003,0.85,0.6950000000000001,Moderate,0.5522938365936279,55.22938365936278,950
CCO[C@@H]([C@H]1C[C@@H](C)[C@H]2[C@H](O1)[C@H](O)[C@@]1(C)[C@@H]3CC[C@H]4C(C)(C)[C@@H](O[C@H]5CN(CC6CN(C(C)C)C6)CCO5)CC[C@@]45C[C@@]35CC[C@]21C)C(C)(C)O,CHEMBL3403822,6.96,nM,110.0,nM,110.0,6.958607314841775,Moderately Active,True,715.0729999999999,6.359500000000008,83.86000000000001,2,8,9,8,2,Fail,6.838936,0.5,0.5,0.5,0.5,Unfavourable,0.6227857,0.897767398252352,0.5812812136359147,58.12812136359147,C1COC2CC3C(CCC45CC46CCC(OC4CN(CC7CNC7)CCO4)CC6CCC35)C2C1,1.0,51,0,2,8,0.55,Moderate Suitability,0.15000000000000002,0.6,0.45499999999999996,Unfavourable,0.5517821280956269,55.17821280956269,951
Cc1ccc(-c2cc(NCCNc3cc(-c4cccs4)[nH]n3)n[nH]2)cc1,CHEMBL3781419,4.54,nM,29000.0,uM,29.0,4.537602002101044,Low Activity,True,364.478,4.3607200000000015,81.41999999999999,4,5,7,4,0,Pass,4.642247,1.0,0.8,1.0,0.94,Favourable,0.26105893,0.897767398252352,0.6074178332037857,60.74178332037857,c1ccc(-c2cc(NCCNc3cc(-c4cccs4)[nH]n3)n[nH]2)cc1,0.15789473684210525,26,4,4,6,0.8,High Suitability,0.8,1.0,0.8800000000000001,Favourable,0.5515824185609818,55.15824185609818,952
CCO[C@@H]([C@H]1C[C@@H](C)[C@H]2[C@H](O1)[C@H](O)[C@@]1(C)[C@@H]3CC[C@H]4C(C)(C)[C@@H](O[C@H]5CN(CCOC)CCO5)CC[C@@]45C[C@@]35CC[C@]21C)C(C)(C)O,CHEMBL2207044,6.57,nM,270.0,nM,270.0,6.568636235841012,Moderately Active,True,661.9650000000001,5.665700000000006,89.85000000000001,2,8,9,7,2,Fail,6.8359194,0.5,0.5,0.5,0.5,Unfavourable,0.62228894,0.897767398252352,0.5810328410811356,58.10328410811356,C1COC2CC3C(CCC45CC46CCC(OC4CNCCO4)CC6CCC35)C2C1,1.0,47,0,2,8,0.55,Moderate Suitability,0.15000000000000002,0.6,0.45499999999999996,Unfavourable,0.5515089302062989,55.15089302062989,953
COc1cc2nc3ccccc3c(Nc3ccc(C(=O)NO)cc3)c2c(OC)c1OC,CHEMBL4753795,4.89,nM,13000.0,uM,13.0,4.886056647693163,Low Activity,True,419.4370000000002,4.276400000000002,101.94000000000001,3,7,6,4,0,Pass,4.9885263,1.0,0.7,1.0,0.9099999999999999,Favourable,0.31808037,0.897767398252352,0.6269285527415207,62.69285527415207,c1ccc(Nc2c3ccccc3nc3ccccc23)cc1,0.13043478260869565,31,4,3,8,0.65,Moderate Suitability,0.6000000000000001,1.0,0.79,Moderate,0.5514442070722579,55.14442070722579,954
CCN(CC)C(=O)CCc1ccc(OCc2ccccc2)c(OC)c1,CHEMBL4848839,4.46,nM,34930.0,uM,34.93,4.456801414362353,Low Activity,True,341.4510000000001,4.075200000000003,38.77,0,3,9,2,0,Pass,4.329957,1.0,1.0,1.0,1.0,Favourable,0.20963436,0.897767398252352,0.5997055517382553,59.97055517382554,c1ccc(COc2ccccc2)cc1,0.38095238095238093,25,2,0,4,1.0,High Suitability,0.8,1.0,0.9600000000000001,Favourable,0.55129890447855,55.129890447855004,955
Oc1cc(O)cc(/C=C/c2ccc(NCc3cccc(O)c3O)cc2)c1,CHEMBL2402158,5.10,nM,7870.0,uM,7.87,5.104025267640935,Low Activity,True,349.386,4.291500000000003,92.95,5,5,5,3,0,Pass,5.1381936,1.0,0.49999999999999994,1.0,0.8500000000000001,Favourable,0.342726,0.897767398252352,0.621251366013997,62.1251366013997,C(=Cc1ccc(NCc2ccccc2)cc1)c1ccccc1,0.047619047619047616,26,3,5,5,0.45,Low Suitability,0.8,1.0,0.75,Moderate,0.5509993016719817,55.099930167198174,956
CCOC(=O)C(Cc1cn(-c2ccccc2)nn1)(Cc1cn(-c2ccccc2)nn1)NC(C)=O,CHEMBL5208803,5.09,nM,8065.0,uM,8.065,5.09339562827502,Low Activity,True,459.51000000000016,2.0712,116.82000000000002,1,7,9,4,0,Pass,5.2136517,1.0,0.44999999999999996,1.0,0.835,Favourable,0.3551516,0.897767398252352,0.6229641667551926,62.29641667551926,c1ccc(-n2cc(CCCc3cn(-c4ccccc4)nn3)nn2)cc1,0.25,34,4,1,10,0.4,Low Suitability,0.8,1.0,0.7300000000000001,Moderate,0.5508333765268326,55.08333765268326,957
OB1Oc2ccc(O)cc2C=C1c1ccc(O)c(O)c1,CHEMBL4468824,4.76,nM,17500.0,uM,17.5,4.756961951313706,Low Activity,True,270.049,1.7560999999999998,90.15,4,5,1,3,0,Pass,4.9815345,1.0,0.49999999999999994,1.0,0.8500000000000001,Favourable,0.31692904,0.897767398252352,0.6083528910822801,60.83528910822801,B1Oc2ccccc2C=C1c1ccccc1,0.0,20,2,4,5,0.45,Low Suitability,1.0,1.0,0.79,Moderate,0.5508109822273254,55.081098222732535,958
CCO[C@@H]([C@H]1C[C@@H](C)[C@H]2[C@H](O1)[C@H](O)[C@@]1(C)[C@@H]3CC[C@H]4C(C)(C)[C@@H](O[C@H]5CN(CC6CN(C7CCC7)C6)CCO5)CC[C@@]45C[C@@]35CC[C@]21C)C(C)(C)O,CHEMBL3403823,6.68,nM,210.0,nM,210.0,6.6777807052660805,Moderately Active,True,727.0839999999998,6.503600000000008,83.86000000000001,2,8,9,9,2,Fail,6.8267574,0.5,0.5,0.5,0.5,Unfavourable,0.62078035,0.897767398252352,0.580278544301503,58.027854430150306,C1COC2CC3C(CCC45CC46CCC(OC4CN(CC7CN(C8CCC8)C7)CCO4)CC6CCC35)C2C1,1.0,52,0,2,8,0.55,Moderate Suitability,0.15000000000000002,0.6,0.45499999999999996,Unfavourable,0.550679203748703,55.067920374870305,959
Fc1ccc(-c2cc(NCCNc3cc(-c4ccc(F)cc4)[nH]n3)n[nH]2)cc1,CHEMBL3781026,4.39,nM,40500.0,uM,40.5,4.392544976785332,Low Activity,True,380.402,4.269000000000002,81.41999999999999,4,4,7,4,0,Pass,4.6314707,1.0,0.8,1.0,0.94,Favourable,0.25928432,0.897767398252352,0.6065305286593369,60.65305286593369,c1ccc(-c2cc(NCCNc3cc(-c4ccccc4)[nH]n3)n[nH]2)cc1,0.1,28,4,4,6,0.8,High Suitability,0.8,1.0,0.8800000000000001,Favourable,0.5506063776016236,55.06063776016236,960
O=C(OCCCC1CCc2ccccc2N1S(=O)(=O)c1ccc(Cl)cc1)N1CCN(C2CCCCC2)CC1,CHEMBL231545,6.75,nM,180.0,nM,180.0,6.7447274948966935,Moderately Active,True,560.1600000000001,5.717200000000006,70.16,0,5,7,5,2,Fail,6.825717,0.5,0.5,0.5,0.5,Unfavourable,0.6206089,0.897767398252352,0.580192832822316,58.019283282231605,O=C(OCCCC1CCc2ccccc2N1S(=O)(=O)c1ccccc1)N1CCN(C2CCCCC2)CC1,0.5517241379310345,38,2,0,7,0.55,Moderate Suitability,0.15000000000000002,0.6,0.45499999999999996,Unfavourable,0.5505849092006684,55.05849092006684,961
CCN(CC)C(=O)/C=C/c1ccc(OCc2ccccc2)c(OC)c1,CHEMBL4860315,4.41,nM,39270.0,uM,39.27,4.405939098729582,Low Activity,True,339.43500000000006,4.155800000000004,38.77,0,3,8,2,0,Pass,4.320234,1.0,1.0,1.0,1.0,Favourable,0.20803326,0.897767398252352,0.5989050017542771,59.89050017542771,c1ccc(COc2ccccc2)cc1,0.2857142857142857,25,2,0,4,1.0,High Suitability,0.8,1.0,0.9600000000000001,Favourable,0.5504182980060578,55.04182980060578,962
O=C(O)c1ccc(F)cc1NCc1ccco1,CHEMBL4864237,,nM,129540.0,uM,129.54,3.8875961072821257,Low Activity,True,235.214,2.729000000000001,62.47,2,3,4,2,0,Pass,4.1648,1.0,1.0,1.0,1.0,Favourable,0.18243814,0.897767398252352,0.5861074374861649,58.61074374861649,c1ccc(NCc2ccco2)cc1,0.08333333333333333,17,2,2,4,1.0,High Suitability,1.0,1.0,1.0,Favourable,0.5503409773111343,55.03409773111343,963
O=C(OC[C@H]1CC[C@@H](c2ccccc2)N1S(=O)(=O)c1ccc(Cl)cc1)N1CCN(C2CCCCC2)CC1,CHEMBL231449,6.92,nM,120.0,nM,120.0,6.920818753952375,Moderately Active,True,546.1330000000002,5.321300000000005,70.16,0,5,6,5,2,Fail,6.8087125,0.5,0.5,0.5,0.5,Unfavourable,0.6178088,0.897767398252352,0.5787927793211869,57.87927793211869,O=C(OCC1CCC(c2ccccc2)N1S(=O)(=O)c1ccccc1)N1CCN(C2CCCCC2)CC1,0.5357142857142857,37,2,0,7,0.55,Moderate Suitability,0.15000000000000002,0.6,0.45499999999999996,Unfavourable,0.5490448443889618,54.90448443889618,964
O=[N+]([O-])c1ccc(O)c(CNc2ccc(/C=C/c3cc(O)cc(O)c3)cc2)c1,CHEMBL2402159,5.15,nM,7060.0,uM,7.06,5.151195298948196,Low Activity,True,378.38400000000007,4.494100000000004,115.86000000000001,4,6,6,3,0,Pass,5.1102424,1.0,0.49999999999999994,1.0,0.8500000000000001,Favourable,0.33812326,0.897767398252352,0.6189500008768968,61.89500008768968,C(=Cc1ccc(NCc2ccccc2)cc1)c1ccccc1,0.047619047619047616,28,3,4,7,0.45,Low Suitability,0.8,1.0,0.75,Moderate,0.5484678030014037,54.846780300140374,965
CC(F)(F)c1nc(N)c(C(=O)Nc2ccc(F)c([C@@]3(C)N=C(N)OCC3(F)F)n2)nc1Cl,CHEMBL4108644,5.19,nM,6500.0,nM,6500.0,5.187086643357144,Low Activity,True,479.79700000000025,2.8057,141.39999999999998,3,8,4,3,0,Pass,5.6410465,0.65,0.44999999999999996,1.0,0.6950000000000001,Moderate,0.4255303,0.897767398252352,0.6161535271353654,61.615352713536545,O=C(Nc1cccc(C2CCOC=N2)n1)c1cnccn1,0.35294117647058826,32,2,5,9,0.4,Low Suitability,0.8,0.8,0.6125,Moderate,0.5484166759252548,54.841667592525475,966
O=C(O)c1c(O)cc2c([nH]c3ccccc32)c1O,CHEMBL3622510,4.82,nM,15000.0,uM,15.0,4.823908740944319,Low Activity,True,243.218,2.4305000000000008,93.55,4,3,1,3,0,Pass,4.95154,1.0,0.49999999999999994,1.0,0.8500000000000001,Favourable,0.3119899,0.897767398252352,0.6058833216376237,60.588332163762374,c1ccc2c(c1)[nH]c1ccccc12,0.0,18,3,4,5,0.45,Low Suitability,1.0,1.0,0.79,Moderate,0.5480944558382034,54.809445583820334,967
COc1cc(/C=C/c2cccc(/C=C/c3ccc(N)c(OC)c3)c2)ccc1N,CHEMBL247930,6.22,nM,600.0,uM,0.6,6.221848749616356,Moderately Active,True,372.46800000000013,5.209000000000004,70.5,2,4,6,3,1,Pass,5.4400826,0.75,0.75,0.75,0.75,Moderate,0.39243776,0.897767398252352,0.5786072479433945,57.86072479433945,C(=Cc1cccc(C=Cc2ccccc2)c1)c1ccccc1,0.08333333333333333,28,3,4,4,0.8,High Suitability,0.55,0.85,0.7350000000000001,Moderate,0.5480907717943192,54.80907717943192,968
COc1ccc(C(=O)/C=C/c2ccc(C(=O)Nc3cc([N+](=O)[O-])ccc3O)cc2)c(O)c1,CHEMBL2408265,4.88,nM,13300.0,uM,13.3,4.876148359032914,Low Activity,True,434.40400000000017,4.163000000000004,139.0,3,7,7,3,0,Pass,4.9504867,1.0,0.7,1.0,0.9099999999999999,Favourable,0.31181645,0.897767398252352,0.6237965968794754,62.379659687947544,O=C(C=Cc1ccc(C(=O)Nc2ccccc2)cc1)c1ccccc1,0.043478260869565216,32,3,3,9,0.65,Moderate Suitability,0.6000000000000001,1.0,0.79,Moderate,0.5479990586042404,54.79990586042403,969
NCCCS(=O)(=O)O,CHEMBL149082,4.00,nM,100000.0,uM,100.0,4.0,Low Activity,True,139.176,-0.7769999999999997,80.39,2,3,3,0,0,Pass,4.2925777,1.0,1.0,1.0,1.0,Favourable,0.20347911,0.897767398252352,0.5966279255099228,59.662792550992286,,1.0,8,0,3,4,0.8,High Suitability,1.0,1.0,0.9600000000000001,Favourable,0.5479135171175004,54.79135171175004,970
O=C(NC1CCN(Cc2ccccc2)CC1)OCCCC1CCc2ccccc2N1S(=O)(=O)c1ccc(Cl)cc1,CHEMBL390889,6.72,nM,190.0,nM,190.0,6.721246399047171,Moderately Active,True,582.1660000000003,6.021100000000007,78.95000000000002,1,5,9,5,2,Fail,6.794761,0.5,0.5,0.5,0.5,Unfavourable,0.61551154,0.897767398252352,0.5776441382117203,57.764413821172035,O=C(NC1CCN(Cc2ccccc2)CC1)OCCCC1CCc2ccccc2N1S(=O)(=O)c1ccccc1,0.3870967741935484,40,3,1,7,0.55,Moderate Suitability,0.15000000000000002,0.6,0.45499999999999996,Unfavourable,0.5477813451290131,54.77813451290131,971
Cc1nc(C)c(C(=O)OCCCOC(=O)c2ccccn2)nc1C,CHEMBL5209357,4.31,nM,49140.0,uM,49.14,4.308564847855938,Low Activity,True,329.356,2.20076,91.27000000000001,0,7,6,2,0,Pass,4.637198,1.0,0.7,1.0,0.9099999999999999,Favourable,0.26022744,0.897767398252352,0.5980020908064774,59.80020908064774,O=C(OCCCOC(=O)c1cnccn1)c1ccccn1,0.35294117647058826,24,2,0,7,0.65,Moderate Suitability,1.0,1.0,0.8700000000000001,Favourable,0.5476251019239425,54.76251019239425,972
COc1cc(-c2cncn2CCC(=O)NCCc2ccccc2)ccc1OCc1ccccc1,CHEMBL4845958,5.00,nM,9910.0,uM,9.91,5.003926345514724,Low Activity,True,455.5580000000001,4.886700000000004,65.38000000000001,1,4,11,4,0,Pass,5.0867553,0.85,0.75,1.0,0.865,Favourable,0.33425564,0.897767398252352,0.621516187781804,62.15161877818039,O=C(CCn1cncc1-c1ccc(OCc2ccccc2)cc1)NCCc1ccccc1,0.21428571428571427,34,4,1,6,0.75,High Suitability,0.6000000000000001,0.8,0.7525000000000001,Moderate,0.5472156026363373,54.72156026363373,973
CCN(CC)C(=O)/C=C/c1ccc(O)c(OC)c1,CHEMBL4458591,,nM,205460.0,uM,205.46,3.6872727162218766,Low Activity,True,249.30999999999997,2.2824,49.77000000000001,1,3,5,1,0,Pass,4.127145,1.0,1.0,1.0,1.0,Favourable,0.17623746,0.897767398252352,0.583007101888173,58.3007101888173,c1ccccc1,0.35714285714285715,18,1,1,4,1.0,High Suitability,1.0,1.0,1.0,Favourable,0.5469306081533432,54.69306081533431,974
CC(C)(C(=O)O)c1ccc(-c2ccc(C(F)(F)F)cc2)c(F)c1,CHEMBL194692,4.15,nM,70600.0,uM,70.6,4.151195298948196,Low Activity,True,326.289,4.873700000000003,37.3,1,1,3,2,0,Pass,4.2809825,1.0,1.0,1.0,1.0,Favourable,0.20156974,0.897767398252352,0.5956732379145554,59.56732379145554,c1ccc(-c2ccccc2)cc1,0.23529411764705882,23,2,1,2,1.0,High Suitability,0.8,1.0,0.9600000000000001,Favourable,0.546863357782364,54.6863357782364,975
CCC[C@H](C(N)=O)[C@@H](CC(C)C)C(=O)N[C@H]1CCCCN(Cc2cccc(Nc3ccc(F)c(Cl)c3)c2)C1=O,CHEMBL208504,7.77,nM,17.0,nM,17.0,7.769551078621726,Highly Active,True,559.1260000000002,5.783900000000005,104.53,3,4,12,3,2,Fail,7.543525,0.35,0.19999999999999996,0.5,0.35,Unfavourable,0.7388098,0.897767398252352,0.5942932819075516,59.42932819075516,O=C1CCCCCN1Cc1cccc(Nc2ccccc2)c1,0.5,39,2,4,7,0.2,Low Suitability,0.15000000000000002,0.4,0.2575,Unfavourable,0.5464703972339631,54.647039723396304,976
CN(C)Cc1ccccc1-c1cc(CNCCN2CCCCC2)cc(CNCCN2CCCCC2)c1,CHEMBL4227963,,nM,10000.0,uM,10.0,5.0,Low Activity,True,491.7680000000005,4.566200000000004,33.78,2,5,13,4,0,Pass,5.0784287,0.85,0.75,1.0,0.865,Favourable,0.33288455,0.897767398252352,0.6208306449599198,62.08306449599198,c1ccc(-c2cc(CNCCN3CCCCC3)cc(CNCCN3CCCCC3)c2)cc1,0.6129032258064516,36,2,2,5,0.75,High Suitability,0.6000000000000001,0.8,0.7525000000000001,Moderate,0.5464614995718002,54.64614995718002,977
COc1cc(OCc2ccccc2)ccc1/C=C/C(=O)CC(=O)/C=C/c1ccc2cc[nH]c2c1,CHEMBL3901022,5.27,nM,5400.0,uM,5.4,5.267606240177031,Low Activity,True,451.5220000000002,6.010400000000005,68.39,1,4,10,4,1,Pass,5.9627504,0.75,0.5,0.75,0.675,Moderate,0.47850502,0.897767398252352,0.5991408775992325,59.91408775992325,O=C(C=Cc1ccc(OCc2ccccc2)cc1)CC(=O)C=Cc1ccc2cc[nH]c2c1,0.10344827586206896,34,4,1,5,0.55,Moderate Suitability,0.35000000000000003,0.85,0.595,Unfavourable,0.546427752494812,54.642775249481204,978
CCN(CC)C(=O)/C=C/c1ccc(O)c(O)c1,CHEMBL68672,,nM,119160.0,uM,119.16,3.9238695054569943,Low Activity,True,235.283,1.9794000000000007,60.77000000000001,2,3,4,1,0,Pass,4.1147323,1.0,1.0,1.0,1.0,Favourable,0.1741935,0.897767398252352,0.5819851206488541,58.19851206488541,c1ccccc1,0.3076923076923077,17,1,2,4,1.0,High Suitability,1.0,1.0,1.0,Favourable,0.5458064272999763,54.58064272999763,979
COc1cc(/C=C/c2cc(Br)cc(/C=C/c3ccc(N)c(OC)c3)n2)ccc1N,CHEMBL247929,5.96,nM,1100.0,uM,1.1,5.958607314841775,Low Activity,True,452.3520000000002,5.366500000000005,83.39,2,5,6,3,1,Pass,5.9548764,0.75,0.5,0.75,0.675,Moderate,0.47720844,0.897767398252352,0.598492587680333,59.849258768033295,C(=Cc1cccc(C=Cc2ccccc2)n1)c1ccccc1,0.08695652173913043,29,3,4,5,0.55,Moderate Suitability,0.35000000000000003,0.85,0.595,Unfavourable,0.5457146425247192,54.57146425247193,980
O=c1c(O)c(-c2ccc(O)c(O)c2)oc2cc(O)cc(O)c12,CHEMBL50,4.82,nM,15300.0,uM,15.3,4.815308569182402,Low Activity,True,302.23800000000006,1.988,131.36,5,7,1,3,0,Pass,4.907845,1.0,0.49999999999999994,1.0,0.8500000000000001,Favourable,0.30479467,0.897767398252352,0.6022857044882707,60.22857044882707,O=c1cc(-c2ccccc2)oc2ccccc12,0.0,22,3,5,7,0.45,Low Suitability,1.0,1.0,0.79,Moderate,0.5441370650529861,54.413706505298606,981
O=C(/C=C/c1ccc(O)c(O)c1)NCCCNC(=O)/C=C/c1ccc(O)c(O)c1,CHEMBL197478,5.38,nM,4200.0,uM,4.2,5.376750709602099,Low Activity,True,398.4150000000001,1.8581,139.12,6,6,8,2,1,Pass,5.177863,1.0,0.49999999999999994,0.75,0.775,Moderate,0.3492583,0.897767398252352,0.564517521733754,56.451752173375404,O=C(C=Cc1ccccc1)NCCCNC(=O)C=Cc1ccccc1,0.14285714285714285,29,2,6,8,0.45,Low Suitability,1.0,1.0,0.79,Moderate,0.5435920759439468,54.359207594394675,982
COc1cc(/C=C/C(=O)N2CCC[C@H]2C(=O)NCc2ccccc2)ccc1OCc1ccccc1,CHEMBL4878858,4.73,nM,18720.0,uM,18.72,4.727694155597914,Low Activity,True,470.56900000000013,4.594800000000004,67.87,1,4,9,4,0,Pass,4.7827597,1.0,0.75,1.0,0.925,Favourable,0.28419697,0.897767398252352,0.61448685633611,61.448685633611,O=C(NCc1ccccc1)C1CCCN1C(=O)C=Cc1ccc(OCc2ccccc2)cc1,0.2413793103448276,35,3,1,6,0.75,High Suitability,0.6000000000000001,1.0,0.8200000000000001,Favourable,0.5433083380460739,54.330833804607394,983
COc1cc(/C=C/C(=O)N2CCC[C@@H]2C(=O)NCc2ccccc2)ccc1OCc1ccccc1,CHEMBL4868950,4.75,nM,17750.0,uM,17.75,4.750801642608887,Low Activity,True,470.56900000000013,4.594800000000004,67.87,1,4,9,4,0,Pass,4.7827597,1.0,0.75,1.0,0.925,Favourable,0.28419697,0.897767398252352,0.61448685633611,61.448685633611,O=C(NCc1ccccc1)C1CCCN1C(=O)C=Cc1ccc(OCc2ccccc2)cc1,0.2413793103448276,35,3,1,6,0.75,High Suitability,0.6000000000000001,1.0,0.8200000000000001,Favourable,0.5433083380460739,54.330833804607394,984
CCCN(CCC)C(=O)/C=C/c1ccc(OC)c(OC)c1,CHEMBL4873939,4.34,nM,45310.0,uM,45.31,4.3438059378208145,Low Activity,True,291.391,3.3656000000000024,38.77,0,3,8,1,0,Pass,4.239269,1.0,1.0,1.0,1.0,Favourable,0.19470078,0.897767398252352,0.5922387586779526,59.223875867795265,c1ccccc1,0.47058823529411764,21,1,0,4,1.0,High Suitability,0.8,1.0,0.9600000000000001,Favourable,0.5430854291319848,54.30854291319848,985
c1cc2c(C3CCNCC3)c[nH]c2cc1Nc1ccc2c(C3CCNCC3)c[nH]c2n1,CHEMBL4104210,4.59,nM,25600.0,uM,25.6,4.59176003468815,Low Activity,True,414.55700000000024,4.721800000000003,80.56,5,4,4,6,0,Pass,4.7021503,1.0,0.8,1.0,0.94,Favourable,0.27092308,0.897767398252352,0.6123499089426926,61.23499089426926,c1cc2c(C3CCNCC3)c[nH]c2cc1Nc1ccc2c(C3CCNCC3)c[nH]c2n1,0.4,31,4,5,6,0.8,High Suitability,0.6000000000000001,1.0,0.8400000000000001,Favourable,0.5430076929330826,54.30076929330826,986
CCO[C@@H]([C@H]1C[C@@H](C)[C@H]2[C@H](O1)[C@H](O)[C@@]1(C)[C@@H]3CC[C@H]4C(C)(C)[C@@H](O[C@H]5CN(CC)CCO5)CC[C@@]45C[C@@]35CC[C@]21C)C(C)(C)O,CHEMBL2207043,6.68,nM,210.0,nM,210.0,6.6777807052660805,Moderately Active,True,631.9390000000002,6.039200000000007,80.62,2,7,7,7,2,Fail,6.728691,0.5,0.5,0.5,0.5,Unfavourable,0.6046318,0.897767398252352,0.5722042607016495,57.220426070164955,C1COC2CC3C(CCC45CC46CCC(OC4CNCCO4)CC6CCC35)C2C1,1.0,45,0,2,7,0.55,Moderate Suitability,0.15000000000000002,0.6,0.45499999999999996,Unfavourable,0.5417974858283997,54.17974858283997,987
O=C(OCCC1CCc2ccccc2N1S(=O)(=O)c1ccc(Cl)cc1)N1CCN(C2CCCCC2)CC1,CHEMBL231035,6.00,nM,1000.0,nM,1000.0,6.0,Moderately Active,True,546.1330000000002,5.327100000000006,70.16,0,5,6,5,2,Fail,6.7250304,0.5,0.5,0.5,0.5,Unfavourable,0.60402894,0.897767398252352,0.5719028400130204,57.19028400130204,O=C(OCCC1CCc2ccccc2N1S(=O)(=O)c1ccccc1)N1CCN(C2CCCCC2)CC1,0.5357142857142857,37,2,0,7,0.55,Moderate Suitability,0.15000000000000002,0.6,0.45499999999999996,Unfavourable,0.5414659349918366,54.14659349918366,988
Oc1c(I)cc(Cl)c2cccnc12,CHEMBL497,4.00,nM,100000.0,uM,100.0,4.0,Low Activity,True,305.502,3.1984000000000004,33.120000000000005,1,2,0,2,0,Pass,4.2143946,1.0,1.0,1.0,1.0,Favourable,0.1906048,0.897767398252352,0.5901907728857926,59.01907728857926,c1ccc2ncccc2c1,0.0,13,2,1,2,1.0,High Suitability,0.8,1.0,0.9600000000000001,Favourable,0.5408326492309571,54.08326492309571,989
CCN1/C(=C/C=C/c2sc3ccccc3[n+]2CC)Sc2ccc(Oc3no[n+]([O-])c3-c3ccccc3)cc21.[I-],CHEMBL3593279,5.80,nM,1600.0,uM,1.6,5.795880017344075,Low Activity,True,668.5820000000002,3.7802000000000033,69.32000000000001,0,7,7,6,1,Pass,5.686502,0.75,0.75,0.75,0.75,Moderate,0.4330154,0.897767398252352,0.5988960729784897,59.88960729784897,C(=Cc1[nH+]c2ccccc2s1)C=C1Nc2cc(Oc3no[nH+]c3-c3ccccc3)ccc2S1,0.13793103448275862,39,5,0,7,0.75,High Suitability,0.2500000000000001,0.75,0.6500000000000001,Moderate,0.5406584793329239,54.06584793329239,990
COc1ccc(-c2cc3c(s2)c2sc(-c4ccc(C=O)s4)cc2n3C(C)(C)C)cc1,CHEMBL3330751,,nM,380.0,uM,0.38,6.42021640338319,Moderately Active,True,451.6380000000002,7.889100000000004,31.23,0,5,4,5,1,Pass,6.014949,0.75,0.5,0.75,0.675,Moderate,0.48710048,0.897767398252352,0.6034386109061173,60.343861090611725,c1ccc(-c2cc3[nH]c4cc(-c5cccs5)sc4c3s2)cc1,0.20833333333333334,30,5,0,3,0.55,Moderate Suitability,0.20000000000000004,0.85,0.565,Unfavourable,0.5406552650928498,54.06552650928498,991
O=C(O)C1(c2ccc(-c3ccc(Cl)c(Cl)c3)c(F)c2)CC1,CHEMBL196945,4.39,nM,41000.0,uM,41.0,4.3872161432802645,Low Activity,True,325.1660000000001,4.915700000000002,37.3,1,1,3,3,0,Pass,4.2102633,1.0,1.0,1.0,1.0,Favourable,0.18992448,0.897767398252352,0.5898506091780594,58.985060917805946,c1ccc(-c2ccc(C3CC3)cc2)cc1,0.1875,21,2,1,2,1.0,High Suitability,0.8,1.0,0.9600000000000001,Favourable,0.5404584661722184,54.04584661722184,992
COc1ccc2nc3cc(Cl)ccc3c(Nc3ccc(C(=O)NO)cc3)c2n1,CHEMBL4750838,4.46,nM,34900.0,uM,34.9,4.45717457304082,Low Activity,True,394.8180000000001,4.3076000000000025,96.37,3,6,4,4,0,Pass,4.7123113,1.0,0.7,1.0,0.9099999999999999,Favourable,0.2725963,0.897767398252352,0.60418651973676,60.418651973676,c1ccc(Nc2c3ccccc3nc3cccnc23)cc1,0.05,28,4,3,7,0.65,Moderate Suitability,0.8,1.0,0.8300000000000001,Favourable,0.5404279737472534,54.04279737472534,993
CC(C(=O)O)c1ccc(-c2ccc(Cl)c(Cl)c2)c(F)c1,CHEMBL196279,4.12,nM,75000.0,uM,75.0,4.1249387366083,Low Activity,True,313.155,4.987600000000002,37.3,1,1,3,2,0,Pass,4.2086506,1.0,1.0,1.0,1.0,Favourable,0.18965894,0.897767398252352,0.5897178398318222,58.97178398318223,c1ccc(-c2ccccc2)cc1,0.13333333333333333,20,2,1,2,1.0,High Suitability,0.8,1.0,0.9600000000000001,Favourable,0.5403124198913575,54.03124198913575,994
CCCN(CCC)C(=O)/C=C/c1ccc(O)c(OC)c1,CHEMBL4850411,4.00,nM,98790.0,uM,98.79,4.00528701456843,Low Activity,True,277.36400000000003,3.0626000000000015,49.77000000000001,1,3,7,1,0,Pass,4.2055902,1.0,1.0,1.0,1.0,Favourable,0.18915498,0.897767398252352,0.5894658611960343,58.94658611960343,c1ccccc1,0.4375,20,1,1,4,1.0,High Suitability,0.8,1.0,0.9600000000000001,Favourable,0.5400352433919907,54.003524339199075,995
CC1=C(/C=C/C(C)=C/C=C/C(C)=C/C(=O)O)C(C)(C)CCC1,CHEMBL38,6.75,nM,180.0,uM,0.18,6.7447274948966935,Moderately Active,True,300.44200000000006,5.602600000000005,37.3,1,1,5,1,1,Pass,5.348299,0.75,0.75,0.75,0.75,Moderate,0.37732387,0.897767398252352,0.571050302857869,57.105030285786896,C1=CCCCC1,0.45,22,0,1,2,0.8,High Suitability,0.55,0.85,0.7350000000000001,Moderate,0.5397781292200089,53.977812922000886,996
O=C(/C=C/c1ccccc1)N[C@@H](Cc1ccc(O)cc1)C(=O)O,CHEMBL4125745,,nM,100000.0,uM,100.0,4.0,Low Activity,True,311.33700000000005,2.2175,86.63000000000001,3,3,6,2,0,Pass,4.0413814,1.0,1.0,1.0,1.0,Favourable,0.16211486,0.897767398252352,0.5759457992262772,57.59457992262772,O=C(C=Cc1ccccc1)NCCc1ccccc1,0.1111111111111111,23,2,3,5,1.0,High Suitability,1.0,1.0,1.0,Favourable,0.539163176715374,53.91631767153739,997
COc1cc(/C=C/c2cc(/C=C/c3ccc(O)c(OC)c3)n(-c3ccc(C)cc3)n2)ccc1O,CHEMBL5176644,,nM,1000.0,nM,1000.0,6.0,Moderately Active,True,454.5260000000001,5.949920000000007,76.74,2,5,7,4,1,Pass,5.878714,0.75,0.5,0.75,0.675,Moderate,0.46466684,0.897767398252352,0.5922217916197708,59.22217916197708,C(=Cc1cc(C=Cc2ccccc2)n(-c2ccccc2)n1)c1ccccc1,0.10714285714285714,34,4,2,6,0.55,Moderate Suitability,0.35000000000000003,0.85,0.595,Unfavourable,0.5388167757987976,53.881677579879764,998
O=C(/C=C/c1ccc(O)cc1)N[C@@H](Cc1ccccc1)C(=O)O,CHEMBL4129190,,nM,100000.0,uM,100.0,4.0,Low Activity,True,311.33700000000005,2.2175,86.63000000000001,3,3,6,2,0,Pass,4.0345554,1.0,1.0,1.0,1.0,Favourable,0.16099083,0.897767398252352,0.57538378703069,57.53837870306901,O=C(C=Cc1ccccc1)NCCc1ccccc1,0.1111111111111111,23,2,3,5,1.0,High Suitability,1.0,1.0,1.0,Favourable,0.5385449573397636,53.85449573397636,999
O=C(/C=C/c1ccccc1)N[C@@H](Cc1ccccc1)C(=O)O,CHEMBL3276007,,nM,100000.0,uM,100.0,4.0,Low Activity,True,295.3380000000001,2.5119,66.4,2,2,6,2,0,Pass,4.029069,1.0,1.0,1.0,1.0,Favourable,0.16008735,0.897767398252352,0.5749320434279374,57.49320434279374,O=C(C=Cc1ccccc1)NCCc1ccccc1,0.1111111111111111,22,2,2,4,1.0,High Suitability,1.0,1.0,1.0,Favourable,0.5380480408668518,53.804804086685174,1000
O=C(/C=C/c1ccc(O)c(OC(F)(F)F)c1)CC(=O)/C=C/c1ccc(O)c(OC(F)(F)F)c1,CHEMBL3667019,6.68,nM,210.0,nM,210.0,6.6777807052660805,Moderately Active,True,476.3250000000001,5.149900000000004,93.06,2,6,8,2,1,Pass,6.3640018,0.75,0.19999999999999996,0.75,0.585,Unfavourable,0.5445787,0.897767398252352,0.6051777056403093,60.517770564030926,O=C(C=Cc1ccccc1)CC(=O)C=Cc1ccccc1,0.14285714285714285,33,2,2,6,0.2,Low Suitability,0.35000000000000003,0.85,0.465,Unfavourable,0.5372682871818543,53.72682871818542,1001
CC(C)[C@H](Nc1c(NC[C@H](Cc2ccccc2)NC(=O)OC(C)(C)C)c(=O)c1=O)C(=O)O,CHEMBL5396832,5.11,nM,7710.0,uM,7.71,5.112945621949043,Low Activity,True,445.5160000000003,2.3515999999999995,133.82999999999998,4,7,10,2,0,Pass,4.976937,1.0,0.49999999999999994,1.0,0.8500000000000001,Favourable,0.31617194,0.897767398252352,0.6079743419833116,60.79743419833116,O=c1cc(NCCCc2ccccc2)c1=O,0.4782608695652174,32,2,4,9,0.45,Low Suitability,0.8,1.0,0.75,Moderate,0.5363945692777633,53.63945692777633,1002
CC(C(=O)/C=C/c1ccc(O)c(OC(F)(F)F)c1)C(=O)/C=C/c1ccc(O)c(OC(F)(F)F)c1,CHEMBL3667038,6.50,nM,320.0,nM,320.0,6.494850021680094,Moderately Active,True,490.3520000000001,5.395900000000005,93.06,2,6,8,2,1,Pass,6.3518567,0.75,0.19999999999999996,0.75,0.585,Unfavourable,0.5425788,0.897767398252352,0.6041777781195573,60.41777781195573,O=C(C=Cc1ccccc1)CC(=O)C=Cc1ccccc1,0.18181818181818182,34,2,2,6,0.2,Low Suitability,0.35000000000000003,0.85,0.465,Unfavourable,0.5361683430671692,53.61683430671692,1003
Nc1nn(-c2c3c(nc4ccc([N+](=O)[O-])cc24)CCCC3)c2ncccc12,CHEMBL5205489,4.50,nM,31760.0,uM,31.76,4.498119506244941,Low Activity,True,360.3770000000001,3.337900000000002,112.76,1,6,2,5,0,Pass,4.65208,1.0,0.7,1.0,0.9099999999999999,Favourable,0.2626781,0.897767398252352,0.5992274132914475,59.92274132914475,c1cnc2c(c1)cnn2-c1c2c(nc3ccccc13)CCCC2,0.21052631578947367,27,4,2,8,0.65,Moderate Suitability,0.8,1.0,0.8300000000000001,Favourable,0.5349729566574096,53.497295665740964,1004
CC(c1ccc(-c2ccc(C(F)(F)F)cc2)c(F)c1)c1nnn[nH]1,CHEMBL196070,,nM,114000.0,uM,114.0,3.9430951486635273,Low Activity,True,336.292,4.176400000000002,54.46,1,3,3,3,0,Pass,4.1427264,1.0,1.0,1.0,1.0,Favourable,0.17880327,0.897767398252352,0.5842900024599961,58.42900024599961,c1ccc(-c2ccc(Cc3nnn[nH]3)cc2)cc1,0.1875,24,3,1,4,1.0,High Suitability,0.8,1.0,0.9600000000000001,Favourable,0.5343418002724648,53.434180027246484,1005
O=C(NO)c1ccc(Nc2c3ccccc3nc3ccc(OC(F)(F)F)cc23)cc1,CHEMBL4751082,5.46,nM,3500.0,uM,3.5,5.455931955649724,Low Activity,True,413.3550000000001,5.149200000000002,83.48,3,5,4,4,1,Pass,5.43431,0.75,0.75,0.75,0.75,Moderate,0.39148718,0.897767398252352,0.5781319605059555,57.81319605059555,c1ccc(Nc2c3ccccc3nc3ccccc23)cc1,0.047619047619047616,30,4,3,6,0.8,High Suitability,0.35000000000000003,0.85,0.6950000000000001,Moderate,0.5335679496526717,53.35679496526717,1006
CC(C(=O)O)c1ccc(-c2cc(Cl)cc(Cl)c2)c(F)c1,CHEMBL195970,4.11,nM,77000.0,uM,77.0,4.113509274827518,Low Activity,True,313.155,4.987600000000002,37.3,1,1,3,2,0,Pass,4.1327944,1.0,1.0,1.0,1.0,Favourable,0.17716777,0.897767398252352,0.5834722565360001,58.34722565360001,c1ccc(-c2ccccc2)cc1,0.13333333333333333,20,2,1,2,1.0,High Suitability,0.8,1.0,0.9600000000000001,Favourable,0.533442276775837,53.3442276775837,1007
COc1cc(/C=C/C(=O)NCCC(=O)NCc2ccccc2)ccc1OCc1ccccc1,CHEMBL4869616,4.09,nM,81560.0,uM,81.56,4.0885227828938975,Low Activity,True,444.5310000000001,4.110100000000003,76.66,2,4,11,3,0,Pass,4.542983,0.85,1.0,1.0,0.94,Favourable,0.24471319,0.897767398252352,0.5992449635214737,59.92449635214737,O=C(C=Cc1ccc(OCc2ccccc2)cc1)NCCC(=O)NCc1ccccc1,0.18518518518518517,33,3,2,6,1.0,High Suitability,0.6000000000000001,0.8,0.8524999999999999,Favourable,0.5329672499895095,53.29672499895095,1008
CCOC(=O)c1cnc2ccccc2c1N1CCN(CC(=O)Nc2n[nH]c3ncccc23)CC1,CHEMBL4453548,4.80,nM,15720.0,uM,15.72,4.803547458296611,Low Activity,True,459.5100000000002,2.4435000000000002,116.33999999999999,2,8,6,5,0,Pass,5.013458,1.0,0.44999999999999996,1.0,0.835,Favourable,0.3221858,0.897767398252352,0.6064812771029404,60.64812771029404,O=C(CN1CCN(c2ccnc3ccccc23)CC1)Nc1n[nH]c2ncccc12,0.2916666666666667,34,4,2,10,0.4,Low Suitability,0.8,1.0,0.7300000000000001,Moderate,0.532702194929123,53.2702194929123,1009
CNc1ccc(C(=O)NC(CCCCCNC(=O)OCc2ccccc2)C(=O)O)cc1,CHEMBL3400292,5.56,nM,2750.0,uM,2.75,5.560667306169737,Low Activity,True,427.5010000000001,3.398100000000002,116.76,4,5,12,2,0,Pass,5.3433576,0.85,0.49999999999999994,1.0,0.79,Moderate,0.37651014,0.897767398252352,0.6201434415526322,62.014344155263224,O=C(NCCCCCCNC(=O)c1ccccc1)OCc1ccccc1,0.34782608695652173,31,2,4,8,0.45,Low Suitability,0.6000000000000001,0.8,0.6425,Moderate,0.5319555877447127,53.19555877447127,1010
CCN(CC)Cc1cc(Nc2ccnc3cc(Cl)ccc23)ccc1O,CHEMBL682,5.40,nM,4000.0,uM,4.0,5.3979400086720375,Low Activity,True,355.8690000000001,5.179200000000004,48.39,2,4,6,3,1,Pass,5.258498,0.75,0.75,0.75,0.75,Moderate,0.36253643,0.897767398252352,0.5636565850920608,56.365658509206085,c1ccc(Nc2ccnc3ccccc23)cc1,0.25,25,3,2,4,0.8,High Suitability,0.55,0.85,0.7350000000000001,Moderate,0.5316450456380845,53.16450456380844,1011
O=C(O)C1(c2ccc(-c3ccc(OC4CCOCC4)cc3)c(F)c2)CC1,CHEMBL382721,4.09,nM,81000.0,uM,81.0,4.0915149811213505,Low Activity,True,356.3930000000001,4.166700000000004,55.760000000000005,1,3,5,4,0,Pass,4.1123843,1.0,1.0,1.0,1.0,Favourable,0.17380685,0.897767398252352,0.5817917929835251,58.179179298352516,c1cc(-c2ccc(C3CC3)cc2)ccc1OC1CCOCC1,0.38095238095238093,26,2,1,4,1.0,High Suitability,0.8,1.0,0.9600000000000001,Favourable,0.5315937653779984,53.159376537799844,1012
CC(C(=O)O)c1ccc(-c2ccc3c(c2)OCO3)c(F)c1,CHEMBL196322,,nM,210000.0,uM,210.0,3.6777807052660805,Low Activity,True,288.27399999999994,3.4095000000000013,55.760000000000005,1,3,3,3,0,Pass,4.099742,1.0,1.0,1.0,1.0,Favourable,0.17172503,0.897767398252352,0.5807508872694901,58.07508872694901,c1ccc(-c2ccc3c(c2)OCO3)cc1,0.1875,21,2,1,4,1.0,High Suitability,0.8,1.0,0.9600000000000001,Favourable,0.5304487676024437,53.04487676024438,1013
Cc1ccc(NCCC[C@@H]2CCCN3CCCC[C@H]23)c2c(=O)c3cc(O)ccc3sc12,CHEMBL5434938,5.54,nM,2900.0,uM,2.9,5.537602002101044,Low Activity,True,436.62100000000015,5.885320000000006,52.57000000000001,2,5,5,5,1,Pass,5.3934984,0.75,0.75,0.75,0.75,Moderate,0.38476676,0.897767398252352,0.5747717486567429,57.477174865674286,O=c1c2ccccc2sc2cccc(NCCCC3CCCN4CCCCC34)c12,0.5,31,3,2,4,0.8,High Suitability,0.35000000000000003,0.85,0.6950000000000001,Moderate,0.5298717166185378,52.98717166185378,1014
COC(=O)[C@H](Cc1ccc(O)c(O)c1)NC(=O)/C=C/c1ccc(O)c(O)c1,CHEMBL2296789,5.31,nM,4900.0,uM,4.9,5.309803919971486,Low Activity,True,373.3610000000001,1.4226999999999996,136.32000000000002,5,7,6,2,0,Pass,4.7475815,1.0,0.49999999999999994,1.0,0.8500000000000001,Favourable,0.27840424,0.897767398252352,0.5890904878325395,58.90904878325395,O=C(C=Cc1ccccc1)NCCc1ccccc1,0.15789473684210525,27,2,5,8,0.45,Low Suitability,1.0,1.0,0.79,Moderate,0.5296223356723785,52.962233567237845,1015
CCN(CC)Cc1cccc(Nc2ccnc3cc(Cl)ccc23)c1,CHEMBL138623,5.35,nM,4500.0,uM,4.5,5.346787486224656,Low Activity,True,339.87000000000006,5.473600000000005,28.16,1,3,6,3,1,Pass,5.233144,0.75,0.75,0.75,0.75,Moderate,0.3583613,0.897767398252352,0.56156902181577,56.156902181576996,c1ccc(Nc2ccnc3ccccc23)cc1,0.25,24,3,1,3,0.8,High Suitability,0.55,0.85,0.7350000000000001,Moderate,0.5293487170934678,52.93487170934677,1016
CC(C(=O)O)c1ccc(-c2csc3ccccc23)c(F)c1,CHEMBL194274,4.08,nM,83000.0,uM,83.0,4.080921907623926,Low Activity,True,300.35400000000004,4.895500000000003,37.3,1,2,3,3,0,Pass,4.0849156,1.0,1.0,1.0,1.0,Favourable,0.16928363,0.897767398252352,0.5795301841444901,57.95301841444901,c1ccc(-c2csc3ccccc23)cc1,0.11764705882352941,21,3,1,2,1.0,High Suitability,0.8,1.0,0.9600000000000001,Favourable,0.5291059941649437,52.91059941649438,1017
COc1ccc(C(O)C(F)(F)F)c(NCc2cscn2)c1,CHEMBL4848389,,nM,129690.0,uM,129.69,3.887093509746686,Low Activity,True,318.31999999999994,3.3595000000000015,54.38,2,5,5,2,0,Pass,4.0811267,1.0,1.0,1.0,1.0,Favourable,0.16865969,0.897767398252352,0.5792182134337357,57.92182134337357,c1ccc(NCc2cscn2)cc1,0.3076923076923077,21,2,2,4,1.0,High Suitability,0.8,1.0,0.9600000000000001,Favourable,0.52876282787323,52.87628278732301,1018
COc1ccc(-c2ccc(C(C)C(=O)O)cc2F)cc1,CHEMBL196321,4.17,nM,67000.0,uM,67.0,4.173925197299174,Low Activity,True,274.29099999999994,3.689400000000002,46.53,1,2,4,2,0,Pass,4.079464,1.0,1.0,1.0,1.0,Favourable,0.16838586,0.897767398252352,0.5790813015646866,57.908130156468665,c1ccc(-c2ccccc2)cc1,0.1875,20,2,1,3,1.0,High Suitability,0.8,1.0,0.9600000000000001,Favourable,0.5286122292876244,52.861222928762444,1019
COc1cc(/C=C/c2cc(/C=C/c3ccc(O)c(OC)c3)n(-c3ccc(C(C)C)cc3)n2)ccc1O,CHEMBL5175279,,nM,1000.0,nM,1000.0,6.0,Moderately Active,True,482.58000000000015,6.764900000000008,76.74,2,5,8,4,1,Pass,5.7560763,0.75,0.5,0.75,0.675,Moderate,0.4444722,0.897767398252352,0.5821244667715958,58.212446677159576,C(=Cc1cc(C=Cc2ccccc2)n(-c2ccccc2)n1)c1ccccc1,0.16666666666666666,36,4,2,6,0.55,Moderate Suitability,0.35000000000000003,0.85,0.595,Unfavourable,0.527709718465805,52.77097184658051,1020
CN(C)c1ccc(/C=C/c2cccc(/C=C/c3ccc(N(C)C)cc3)c2)cc1,CHEMBL245477,,nM,20000.0,uM,20.0,4.698970004336019,Low Activity,True,368.52400000000006,6.159400000000007,6.48,0,2,6,3,1,Pass,5.208724,0.75,0.75,0.75,0.75,Moderate,0.35434014,0.897767398252352,0.5595584379382065,55.95584379382065,C(=Cc1cccc(C=Cc2ccccc2)c1)c1ccccc1,0.15384615384615385,28,3,0,2,0.8,High Suitability,0.55,0.85,0.7350000000000001,Moderate,0.5271370718479157,52.713707184791566,1021
O=Cc1ccc(-c2ccc(-c3ccc4[nH]ccc4c3)s2)s1,CHEMBL3330754,,nM,10000.0,uM,10.0,5.0,Low Activity,True,309.415,5.437400000000002,32.86,1,3,3,4,1,Pass,5.2049346,0.75,0.75,0.75,0.75,Moderate,0.35371614,0.897767398252352,0.5592464374251297,55.92464374251297,c1csc(-c2ccc(-c3ccc4[nH]ccc4c3)s2)c1,0.0,21,4,1,2,0.8,High Suitability,0.55,0.85,0.7350000000000001,Moderate,0.5267938832044602,52.679388320446016,1022
O=C(O)C1(c2ccc(-c3ccc(C(F)(F)F)cc3)c(F)c2)CC1,CHEMBL196246,,nM,111000.0,uM,111.0,3.9546770212133424,Low Activity,True,324.2730000000001,4.627700000000002,37.3,1,1,3,3,0,Pass,4.053021,1.0,1.0,1.0,1.0,Favourable,0.1640315,0.897767398252352,0.5769041227049759,57.690412270497596,c1ccc(-c2ccc(C3CC3)cc2)cc1,0.23529411764705882,23,2,1,2,1.0,High Suitability,0.8,1.0,0.9600000000000001,Favourable,0.5262173295617104,52.621732956171044,1023
Cc1ccc(NCC[C@@H]2CCCN3CCCC[C@H]23)c2c(=O)c3cc(O)ccc3sc12,CHEMBL5431870,5.62,nM,2400.0,uM,2.4,5.619788758288394,Low Activity,True,422.5940000000001,5.495220000000006,52.57000000000001,2,5,4,5,1,Pass,5.3518558,0.75,0.75,0.75,0.75,Moderate,0.37790954,0.897767398252352,0.5713431404776504,57.134314047765045,O=c1c2ccccc2sc2cccc(NCCC3CCCN4CCCCC34)c12,0.48,30,3,2,4,0.8,High Suitability,0.35000000000000003,0.85,0.6950000000000001,Moderate,0.5261002476215362,52.610024762153614,1024
O=[N+]([O-])c1ccc(-c2cccc(C(O)C(F)(F)F)c2)cc1NCc1ccccc1,CHEMBL5289429,5.51,nM,3090.0,uM,3.09,5.510041520575165,Low Activity,True,402.37200000000007,5.469600000000003,75.4,2,4,6,3,1,Pass,5.349618,0.75,0.75,0.75,0.75,Moderate,0.377541,0.897767398252352,0.5711588727183273,57.11588727183273,c1ccc(CNc2cccc(-c3ccccc3)c2)cc1,0.14285714285714285,29,3,2,5,0.8,High Suitability,0.35000000000000003,0.85,0.6950000000000001,Moderate,0.5258975620269775,52.58975620269774,1025
CN(C)c1ccc(/C=C/c2ccc(NCc3cc(N(C)C)ccc3O)cc2)cc1,CHEMBL2402163,4.97,nM,10660.0,uM,10.66,4.972242795309446,Low Activity,True,387.52700000000004,5.3067000000000055,38.739999999999995,2,4,7,3,1,Pass,5.1950054,0.75,0.75,0.75,0.75,Moderate,0.35208112,0.897767398252352,0.5584289299197128,55.84289299197128,C(=Cc1ccc(NCc2ccccc2)cc1)c1ccccc1,0.2,29,3,2,4,0.8,High Suitability,0.55,0.85,0.7350000000000001,Moderate,0.5258946130275727,52.589461302757265,1026
OC(c1ccc(F)cc1NCc1ccco1)C(F)(F)F,CHEMBL4858198,,nM,153050.0,uM,153.05,3.815166666066647,Low Activity,True,289.22799999999995,3.626500000000001,45.4,2,3,4,2,0,Pass,4.048362,1.0,1.0,1.0,1.0,Favourable,0.16326433,0.897767398252352,0.5765205370135239,57.65205370135239,c1ccc(NCc2ccco2)cc1,0.23076923076923078,20,2,2,3,1.0,High Suitability,0.8,1.0,0.9600000000000001,Favourable,0.5257953882813454,52.579538828134545,1027
CCO[C@@H]([C@H]1C[C@@H](C)[C@H]2[C@H](O1)[C@H](O)[C@@]1(C)[C@@H]3CC[C@H]4C(C)(C)[C@@H](O[C@H]5CN(C6(C)COC6)CCO5)CC[C@@]45C[C@@]35CC[C@]21C)C(C)(C)O,CHEMBL2206992,6.40,nM,400.0,nM,400.0,6.3979400086720375,Moderately Active,True,673.976,5.8082000000000065,89.85000000000001,2,8,7,8,2,Fail,6.551567,0.5,0.5,0.5,0.5,Unfavourable,0.57546496,0.897767398252352,0.5576208518690995,55.76208518690995,C1COC2CC3C(CCC45CC46CCC(OC4CN(C7COC7)CCO4)CC6CCC35)C2C1,1.0,48,0,2,8,0.55,Moderate Suitability,0.15000000000000002,0.6,0.45499999999999996,Unfavourable,0.5257557301521302,52.57557301521302,1028
O=C(O)c1ccc(Br)cc1NCc1ccco1,CHEMBL4858866,,nM,154420.0,uM,154.42,3.8112964518815717,Low Activity,True,296.12,3.352400000000001,62.47,2,3,4,2,0,Pass,4.042632,1.0,1.0,1.0,1.0,Favourable,0.1623208,0.897767398252352,0.5760487662501267,57.60487662501267,c1ccc(NCc2ccco2)cc1,0.08333333333333333,17,2,2,4,1.0,High Suitability,0.8,1.0,0.9600000000000001,Favourable,0.5252764404416085,52.52764404416085,1029
Cc1nc2cc(/C=C/C(=O)NO)ccc2c(=O)n1CCc1c[nH]c2ccccc12,CHEMBL2425959,,nM,50000.0,uM,50.0,4.301029995663981,Low Activity,True,388.42700000000013,2.947520000000001,100.00999999999999,3,4,5,4,0,Pass,4.3885126,1.0,0.7,1.0,0.9099999999999999,Favourable,0.21927667,0.897767398252352,0.5775267032332352,57.75267032332352,O=c1c2ccccc2ncn1CCc1c[nH]c2ccccc12,0.13636363636363635,29,4,3,7,0.65,Moderate Suitability,1.0,1.0,0.8700000000000001,Favourable,0.5251021681427955,52.51021681427955,1030
O=C(O)[C@]1(O)C[C@@H](O)[C@@H](O)[C@H](O)C1,CHEMBL465398,,nM,100000.0,uM,100.0,4.0,Low Activity,True,192.167,-2.3214000000000006,118.22000000000001,5,5,1,1,0,Pass,4.8466687,1.0,0.49999999999999994,1.0,0.8500000000000001,Favourable,0.29472083,0.897767398252352,0.5972487841792039,59.724878417920394,C1CCCCC1,0.8571428571428571,13,0,5,6,0.25,Low Suitability,1.0,1.0,0.7500000000000001,Moderate,0.524596455693245,52.4596455693245,1031
Oc1c(CN2CCCC2)cc(Nc2ccnc3cc(Cl)ccc23)cc1CN1CCCC1,CHEMBL167970,5.29,nM,5100.0,uM,5.1,5.292429823902063,Low Activity,True,436.9870000000003,5.529000000000005,51.63,2,5,6,5,1,Pass,5.335178,0.75,0.75,0.75,0.75,Moderate,0.3751632,0.897767398252352,0.569969968671315,56.9969968671315,c1ccc2c(Nc3cc(CN4CCCC4)cc(CN4CCCC4)c3)ccnc2c1,0.4,31,3,2,5,0.8,High Suitability,0.35000000000000003,0.85,0.6950000000000001,Moderate,0.5245897616147994,52.45897616147994,1032
CC(C)(CO)N1CCN(C(=O)O[C@H]2CCC3CCCC2N3S(=O)(=O)c2ccc(Cl)cc2)CC1,CHEMBL429449,7.24,nM,57.0,nM,57.0,7.2441251443275085,Highly Active,True,500.06100000000015,2.939300000000001,90.39000000000001,1,6,5,4,1,Pass,5.731195,0.75,0.44999999999999996,0.75,0.66,Moderate,0.44037497,0.897767398252352,0.5755758551306657,57.55758551306657,O=C(OC1CCC2CCCC1N2S(=O)(=O)c1ccccc1)N1CCNCC1,0.6956521739130435,33,1,1,8,0.4,Low Suitability,0.6000000000000001,0.75,0.59,Unfavourable,0.5237062456607819,52.37062456607819,1033
CC(C(=O)O)c1ccc(-c2ccccc2)c(F)c1,CHEMBL563,,nM,305000.0,uM,305.0,3.515700160653214,Low Activity,True,244.265,3.6808000000000023,37.3,1,1,3,2,0,Pass,4.015039,1.0,1.0,1.0,1.0,Favourable,0.15777707,0.897767398252352,0.5737769054121903,57.37769054121903,c1ccc(-c2ccccc2)cc1,0.13333333333333333,18,2,1,2,1.0,High Suitability,0.8,1.0,0.9600000000000001,Favourable,0.5227773890495301,52.27773890495301,1034
C[C@@H](C(=O)O)c1ccc(-c2ccccc2)c(F)c1,CHEMBL190083,,nM,280000.0,uM,280.0,3.5528419686577806,Low Activity,True,244.265,3.6808000000000023,37.3,1,1,3,2,0,Pass,4.015039,1.0,1.0,1.0,1.0,Favourable,0.15777707,0.897767398252352,0.5737769054121903,57.37769054121903,c1ccc(-c2ccccc2)cc1,0.13333333333333333,18,2,1,2,1.0,High Suitability,0.8,1.0,0.9600000000000001,Favourable,0.5227773890495301,52.27773890495301,1035
OB1Oc2cc(O)ccc2C=C1c1cc(O)cc(O)c1,CHEMBL4466197,4.66,nM,21700.0,uM,21.7,4.663540266151471,Low Activity,True,270.049,1.7561,90.15,4,5,1,3,0,Pass,4.6671634,1.0,0.49999999999999994,1.0,0.8500000000000001,Favourable,0.2651618,0.897767398252352,0.5824692760653428,58.246927606534285,B1Oc2ccccc2C=C1c1ccccc1,0.0,20,2,4,5,0.45,Low Suitability,1.0,1.0,0.79,Moderate,0.5223390057086944,52.23390057086944,1036
Oc1ccc(/C=C/c2cc(O)cc(/C=C/c3ccc(O)cc3)c2)cc1,CHEMBL2059388,5.80,nM,1600.0,uM,1.6,5.795880017344075,Low Activity,True,330.38300000000004,5.144200000000004,60.69,3,3,4,3,1,Pass,5.1526732,0.75,0.75,0.75,0.75,Moderate,0.3451103,0.897767398252352,0.5549435185141495,55.49435185141495,C(=Cc1cccc(C=Cc2ccccc2)c1)c1ccccc1,0.0,25,3,3,3,0.8,High Suitability,0.55,0.85,0.7350000000000001,Moderate,0.5220606634616852,52.20606634616852,1037
N#Cc1c[nH]c2nc(Nc3ccc4c(C5CCNCC5)c[nH]c4c3)ccc12,CHEMBL4072261,4.75,nM,17800.0,uM,17.8,4.749579997691106,Low Activity,True,356.43300000000005,4.126480000000003,92.32,4,4,3,5,0,Pass,4.817439,1.0,0.49999999999999994,1.0,0.8500000000000001,Favourable,0.28990757,0.897767398252352,0.5948421572394303,59.48421572394304,c1cc2ccc(Nc3ccc4c(C5CCNCC5)c[nH]c4c3)nc2[nH]1,0.23809523809523808,27,4,4,6,0.45,Low Suitability,0.8,1.0,0.75,Moderate,0.5219491750001907,52.194917500019066,1038
COc1cc(/C=C/c2cc(Br)cc(/C=C/c3ccc(N)c(OC)c3)c2)ccc1N,CHEMBL396917,5.75,nM,1800.0,uM,1.8,5.7447274948966935,Low Activity,True,451.3640000000002,5.971500000000005,70.5,2,4,6,3,1,Pass,5.6886253,0.75,0.5,0.75,0.675,Moderate,0.43336505,0.897767398252352,0.5765708934016159,57.65708934016159,C(=Cc1cccc(C=Cc2ccccc2)c1)c1ccccc1,0.08333333333333333,29,3,4,4,0.55,Moderate Suitability,0.35000000000000003,0.85,0.595,Unfavourable,0.5216007788181305,52.16007788181305,1039
O=c1c(O)c(-c2ccc(O)c(O)c2)oc2c(O)c(O)cc(O)c12,CHEMBL253570,,nM,3000.0,uM,3.0,5.522878745280337,Low Activity,True,318.237,1.6936000000000002,151.59,6,8,1,3,1,Pass,5.386998,0.65,0.49999999999999994,0.75,0.635,Moderate,0.38369638,0.897767398252352,0.5397365585513048,53.973655855130474,O=c1cc(-c2ccccc2)oc2ccccc12,0.0,23,3,6,8,0.45,Low Suitability,1.0,0.8,0.6725,Moderate,0.5214080164432526,52.140801644325265,1040
CC(C(=O)O)c1ccc(-c2ccc(C(F)(F)F)cc2)c(F)c1,CHEMBL193971,,nM,129000.0,uM,129.0,3.889410289700751,Low Activity,True,312.26199999999994,4.699600000000003,37.3,1,1,3,2,0,Pass,3.9909465,1.0,1.0,1.0,1.0,Favourable,0.15380979,0.897767398252352,0.5717932628340653,57.17932628340653,c1ccc(-c2ccccc2)cc1,0.1875,22,2,1,2,1.0,High Suitability,0.8,1.0,0.9600000000000001,Favourable,0.5205953822135926,52.05953822135926,1041
COc1ccc(Nc2nc(Cl)nc(N3CCN(c4cc(C)nc5ncnn45)CC3)n2)cc1,CHEMBL4172159,4.94,nM,11550.0,uM,11.55,4.937418015771837,Low Activity,True,452.9100000000002,2.34992,109.49,1,10,5,5,0,Pass,4.877634,1.0,0.44999999999999996,1.0,0.835,Favourable,0.29981983,0.897767398252352,0.595298283452504,59.5298283452504,c1ccc(Nc2ncnc(N3CCN(c4ccnc5ncnn45)CC3)n2)cc1,0.3,32,4,1,11,0.4,Low Suitability,0.8,1.0,0.7300000000000001,Moderate,0.5204009138345719,52.04009138345719,1042
O=C(O)C1(c2ccc(-c3csc4ccccc34)c(F)c2)CC1,CHEMBL196946,4.02,nM,96300.0,uM,96.3,4.016373712875465,Low Activity,True,312.3650000000001,4.823600000000002,37.3,1,2,3,4,0,Pass,3.983053,1.0,1.0,1.0,1.0,Favourable,0.15250999,0.897767398252352,0.5711433635897568,57.114336358975685,c1ccc2c(-c3ccc(C4CC4)cc3)csc2c1,0.16666666666666666,22,3,1,2,1.0,High Suitability,0.8,1.0,0.9600000000000001,Favourable,0.5198804915547371,51.98804915547372,1043
COc1ccc2sc3c(C)ccc(NCC[C@@H]4CCCN5CCCC[C@H]45)c3c(=O)c2c1,CHEMBL5419364,5.62,nM,2400.0,uM,2.4,5.619788758288394,Low Activity,True,436.6210000000004,5.798220000000005,41.57,1,5,5,5,1,Pass,5.282288,0.75,0.75,0.75,0.75,Moderate,0.3664539,0.897767398252352,0.5656153129286697,56.561531292866974,O=c1c2ccccc2sc2cccc(NCCC3CCCN4CCCCC34)c12,0.5,31,3,1,4,0.8,High Suitability,0.35000000000000003,0.85,0.6950000000000001,Moderate,0.5197996343374252,51.97996343374251,1044
CCC[C@H](C(N)=O)[C@@H](CC(C)C)C(=O)N[C@H]1CCCCN(Cc2cccc(Nc3ccccc3Cl)c2)C1=O,CHEMBL382880,7.54,nM,29.0,nM,29.0,7.537602002101044,Highly Active,True,541.1360000000002,5.6448000000000045,104.53,3,4,12,3,2,Fail,7.2485523,0.35,0.19999999999999996,0.5,0.35,Unfavourable,0.6902369,0.897767398252352,0.5700068329520157,57.00068329520157,O=C1CCCCCN1Cc1cccc(Nc2ccccc2)c1,0.5,38,2,4,7,0.2,Low Suitability,0.15000000000000002,0.4,0.2575,Unfavourable,0.5197553272247315,51.97553272247315,1045
COc1ccc(/C=C/c2ccc(NCc3cc(N(C)C)ccc3O)cc2)cc1,CHEMBL2402162,4.91,nM,12200.0,uM,12.2,4.913640169325252,Low Activity,True,374.48400000000004,5.249300000000005,44.730000000000004,2,4,7,3,1,Pass,5.1237435,0.75,0.75,0.75,0.75,Moderate,0.34034646,0.897767398252352,0.5525615976996353,55.25615976996353,C(=Cc1ccc(NCc2ccccc2)cc1)c1ccccc1,0.16666666666666666,28,3,2,4,0.8,High Suitability,0.55,0.85,0.7350000000000001,Moderate,0.5194405475854874,51.94405475854874,1046
C[C@]1(O)c2ccc3c(c2C(=O)c2occ([C@@H](O)CCO)c21)CCC3=O,CHEMBL3582126,4.02,nM,95900.0,uM,95.9,4.018181392829336,Low Activity,True,342.34700000000015,1.6245,107.97,3,6,3,4,0,Pass,4.323833,1.0,0.7,1.0,0.9099999999999999,Favourable,0.20862591,0.897767398252352,0.5722013262457779,57.22013262457779,O=C1CCc2c1ccc1c2C(=O)c2occc2C1,0.3684210526315789,25,2,3,6,0.65,Moderate Suitability,1.0,1.0,0.8700000000000001,Favourable,0.5192442534565925,51.92442534565925,1047
C[C@@]1(O)c2ccc3c(c2C(=O)c2occ([C@@H](O)CCO)c21)CCC3=O,CHEMBL3582129,4.14,nM,71900.0,uM,71.9,4.1432711096171175,Low Activity,True,342.34700000000015,1.6245,107.97,3,6,3,4,0,Pass,4.323833,1.0,0.7,1.0,0.9099999999999999,Favourable,0.20862591,0.897767398252352,0.5722013262457779,57.22013262457779,O=C1CCc2c1ccc1c2C(=O)c2occc2C1,0.3684210526315789,25,2,3,6,0.65,Moderate Suitability,1.0,1.0,0.8700000000000001,Favourable,0.5192442534565925,51.92442534565925,1048
COc1cc(/C=C/C(=O)NCCC(=O)NCCOc2ccccc2)ccc1OCc1ccccc1,CHEMBL4863014,4.75,nM,17910.0,uM,17.91,4.746904414150968,Low Activity,True,474.55700000000013,3.9889000000000028,85.89,2,5,13,3,0,Pass,4.769569,0.85,0.75,1.0,0.865,Favourable,0.28202486,0.897767398252352,0.5954008001036576,59.540080010365756,O=C(C=Cc1ccc(OCc2ccccc2)cc1)NCCC(=O)NCCOc1ccccc1,0.21428571428571427,35,3,2,7,0.75,High Suitability,0.6000000000000001,0.8,0.7525000000000001,Moderate,0.5184886821508408,51.848868215084075,1049
COc1cc(/C=C/C(=O)Nc2nnn[nH]2)ccc1OCc1ccccc1,CHEMBL4846539,4.01,nM,98460.0,uM,98.46,4.0067401685632635,Low Activity,True,351.3660000000001,2.4392000000000005,102.02,2,6,7,3,0,Pass,4.313953,1.0,0.7,1.0,0.9099999999999999,Favourable,0.20699894,0.897767398252352,0.5713878420538834,57.13878420538834,O=C(C=Cc1ccc(OCc2ccccc2)cc1)Nc1nnn[nH]1,0.1111111111111111,26,3,2,8,0.65,Moderate Suitability,1.0,1.0,0.8700000000000001,Favourable,0.5183494238257408,51.83494238257408,1050
COc1cc(/C=C/c2cc(/C=C/c3ccc(O)c(OC)c3)n(Cc3ccccc3)n2)ccc1O,CHEMBL5209194,,nM,1000.0,nM,1000.0,6.0,Moderately Active,True,454.5260000000001,5.700600000000007,76.74,2,5,8,4,1,Pass,5.6523304,0.75,0.5,0.75,0.675,Moderate,0.42738843,0.897767398252352,0.5735825847334793,57.35825847334793,C(=Cc1cc(C=Cc2ccccc2)n(Cc2ccccc2)n1)c1ccccc1,0.10714285714285714,34,4,2,6,0.55,Moderate Suitability,0.35000000000000003,0.85,0.595,Unfavourable,0.5183136422634125,51.83136422634125,1051
CNc1cccc(CCNc2cccc(CCN(c3ccccn3)c3ccccn3)n2)n1,CHEMBL3813916,,nM,240000.0,uM,240.0,3.6197887582883936,Low Activity,True,425.5400000000001,4.343700000000003,78.86,2,7,10,4,0,Pass,4.117704,1.0,1.0,1.0,1.0,Favourable,0.1746828,0.897767398252352,0.5822297679133347,58.22297679133347,c1ccc(CCNc2cccc(CCN(c3ccccn3)c3ccccn3)n2)nc1,0.2,32,4,2,7,1.0,High Suitability,0.6000000000000001,1.0,0.92,Favourable,0.5180755422711373,51.80755422711373,1052
COc1cc(/C=C/C(=O)N2CC(F)(F)C2)ccc1OCc1ccccc1,CHEMBL4847323,,nM,106820.0,uM,106.82,3.971347426366881,Low Activity,True,359.372,3.7649000000000026,38.769999999999996,0,3,6,3,0,Pass,3.9599814,1.0,1.0,1.0,1.0,Favourable,0.14871079,0.897767398252352,0.5692437635607651,56.924376356076515,O=C(C=Cc1ccc(OCc2ccccc2)cc1)N1CCC1,0.25,26,2,0,4,1.0,High Suitability,0.8,1.0,0.9600000000000001,Favourable,0.5177909315228463,51.77909315228463,1053
O=C(Cc1ccccc1)NC(CSSCC(NC(=O)Cc1ccccc1)C(=O)O)C(=O)O,CHEMBL576840,5.71,nM,1950.0,uM,1.95,5.709965388637482,Low Activity,True,476.5760000000002,1.9920000000000002,132.8,4,6,13,2,0,Pass,5.413911,0.85,0.24999999999999994,1.0,0.7150000000000001,Moderate,0.3881281,0.897767398252352,0.6034524208254747,60.345242082547465,O=C(Cc1ccccc1)NCCSSCCNC(=O)Cc1ccccc1,0.2727272727272727,32,2,4,8,0.2,Low Suitability,0.8,0.8,0.5825,Unfavourable,0.517345458984375,51.7345458984375,1054
CCN(CC)Cc1cc(NC(=O)CN2CCCCC2)cc(Nc2ccnc3cc(Cl)ccc23)c1,CHEMBL317760,5.82,nM,1500.0,uM,1.5,5.823908740944319,Low Activity,True,480.0560000000001,5.898000000000005,60.50000000000001,2,5,9,4,1,Pass,5.6413975,0.75,0.5,0.75,0.675,Moderate,0.42558813,0.897767398252352,0.5726824353880814,57.268243538808136,O=C(CN1CCCCC1)Nc1cccc(Nc2ccnc3ccccc23)c1,0.4074074074074074,34,3,2,6,0.55,Moderate Suitability,0.35000000000000003,0.85,0.595,Unfavourable,0.5173234750032425,51.73234750032425,1055
COc1ccc(C(=O)/C=C/c2ccc(C(=O)Nc3ccc(C)cc3C)cc2)c(O)c1,CHEMBL2408262,5.08,nM,8300.0,uM,8.3,5.080921907623926,Low Activity,True,401.46200000000016,5.166040000000004,75.63000000000001,2,4,6,3,1,Pass,5.245018,0.75,0.75,0.75,0.75,Moderate,0.36031663,0.897767398252352,0.5625466870016983,56.25466870016983,O=C(C=Cc1ccc(C(=O)Nc2ccccc2)cc1)c1ccccc1,0.12,30,3,2,5,0.8,High Suitability,0.35000000000000003,0.85,0.6950000000000001,Moderate,0.5164241487979888,51.64241487979888,1056
O=C1c2c(O)cc(O)cc2O[C@H](c2ccc(O)c(O)c2)[C@H]1O,CHEMBL66,4.48,nM,33000.0,uM,33.0,4.481486060122113,Low Activity,True,304.25399999999996,1.1862999999999995,127.45000000000002,5,7,1,3,0,Pass,4.6010394,1.0,0.49999999999999994,1.0,0.8500000000000001,Favourable,0.25427324,0.897767398252352,0.5770249878115586,57.70249878115587,O=C1CC(c2ccccc2)Oc2ccccc21,0.13333333333333333,22,2,5,7,0.45,Low Suitability,1.0,1.0,0.79,Moderate,0.5163502886295318,51.63502886295318,1057
CC1(C)C=Cc2cc(C(=O)O)ccc2O1,CHEMBL469159,,nM,300000.0,uM,300.0,3.5228787452803374,Low Activity,True,204.225,2.569,46.53,1,2,1,2,0,Pass,3.7879212,1.0,1.0,1.0,1.0,Favourable,0.12037778,0.897767398252352,0.5550772594160965,55.50772594160966,C1=Cc2ccccc2OC1,0.25,15,1,1,3,1.0,High Suitability,1.0,1.0,1.0,Favourable,0.5162077814340591,51.62077814340591,1058
CCC[C@H](C(N)=O)[C@@H](CC(C)C)C(=O)N[C@H]1CCCCN(Cc2cccc(Nc3cccc(OC)c3)c2)C1=O,CHEMBL410532,7.27,nM,54.0,nM,54.0,7.267606240177031,Highly Active,True,536.7170000000003,5.000000000000004,113.75999999999999,3,5,13,3,2,Fail,7.204826,0.35,0.19999999999999996,0.5,0.35,Unfavourable,0.68303645,0.897767398252352,0.5664065931982926,56.640659319829254,O=C1CCCCCN1Cc1cccc(Nc2ccccc2)c1,0.5161290322580645,39,2,4,8,0.2,Low Suitability,0.15000000000000002,0.4,0.2575,Unfavourable,0.5157950456142426,51.57950456142426,1059
CN(Cc1ccccc1)S(=O)(=O)c1cc(C(=O)O)c(NCc2ccco2)cc1Cl,CHEMBL4861569,4.66,nM,21920.0,uM,21.92,4.659159450187668,Low Activity,True,434.90100000000007,4.064000000000003,99.85000000000001,2,5,8,3,0,Pass,4.5918226,1.0,0.7,1.0,0.9099999999999999,Favourable,0.25275552,0.897767398252352,0.5942661312766007,59.42661312766007,O=S(=O)(NCc1ccccc1)c1ccc(NCc2ccco2)cc1,0.15,29,3,2,7,0.65,Moderate Suitability,0.6000000000000001,1.0,0.79,Moderate,0.5155155404806137,51.55155404806136,1060
CCC[C@H](C(N)=O)[C@@H](CC(C)C)C(=O)N[C@H]1CCCCN(Cc2cccc(Nc3cccc(C)c3)c2)C1=O,CHEMBL208350,7.77,nM,17.0,nM,17.0,7.769551078621726,Highly Active,True,520.7180000000003,5.299820000000004,104.53,3,4,12,3,2,Fail,7.197436,0.35,0.19999999999999996,0.5,0.35,Unfavourable,0.68181956,0.897767398252352,0.5657981489844254,56.579814898442535,O=C1CCCCCN1Cc1cccc(Nc2ccccc2)c1,0.5161290322580645,38,2,4,7,0.2,Low Suitability,0.15000000000000002,0.4,0.2575,Unfavourable,0.5151257748603821,51.51257748603821,1061
O=C(NO)c1ccc(Nc2c3ccccc3nc3ccc(OCc4ccccc4)cc23)cc1,CHEMBL4761847,5.52,nM,3000.0,uM,3.0,5.522878745280337,Low Activity,True,435.4830000000002,5.829600000000004,83.48,3,5,6,5,1,Pass,5.3462133,0.75,0.75,0.75,0.75,Moderate,0.37698036,0.897767398252352,0.5708785520739487,57.08785520739487,c1ccc(COc2ccc3nc4ccccc4c(Nc4ccccc4)c3c2)cc1,0.037037037037037035,33,5,3,6,0.8,High Suitability,0.20000000000000004,0.85,0.665,Moderate,0.5150892122983932,51.50892122983932,1062
CC1=C(/C=C/C(C)=C/C=C/C(C)=C/C=C/C=C(C)/C=C/C=C(C)/C=C/C2=C(C)CCCC2(C)C)CCCC1,CHEMBL4787961,6.75,nM,180.0,uM,0.18,6.7447274948966935,Moderately Active,True,508.8340000000005,11.969699999999982,0.0,0,0,10,2,2,Fail,6.4283357,0.5,0.5,0.5,0.5,Unfavourable,0.55517256,0.897767398252352,0.5474746512122086,54.74746512122086,C(=CC=CC=CC=CC=CC1=CCCCC1)C=CC=CC=CC=CC1=CCCCC1,0.42105263157894735,38,0,0,0,0.55,Moderate Suitability,0.15000000000000002,0.6,0.45499999999999996,Unfavourable,0.5145949094295502,51.45949094295502,1063
CCOC(=O)C(Cc1cn(-c2ccccc2C(F)(F)F)nn1)(Cc1cn(-c2ccccc2C(F)(F)F)nn1)NC(C)=O,CHEMBL4522050,5.09,nM,8065.0,uM,8.065,5.09339562827502,Low Activity,True,595.504,4.108800000000003,116.82000000000002,1,7,9,4,1,Pass,5.77259,0.75,0.44999999999999996,0.75,0.66,Moderate,0.44719148,0.897767398252352,0.5789841083235673,57.89841083235673,c1ccc(-n2cc(CCCc3cn(-c4ccccc4)nn3)nn2)cc1,0.3076923076923077,42,4,1,10,0.4,Low Suitability,0.4000000000000001,0.75,0.55,Unfavourable,0.5134553182125092,51.34553182125092,1064
COC(=O)[C@H](Cc1ccc(OC)c(OC)c1)NC(=O)/C=C/c1ccc(OC)c(OC)c1,CHEMBL4126073,,nM,100000.0,uM,100.0,4.0,Low Activity,True,429.46900000000016,2.6347000000000005,92.32000000000002,1,7,10,2,0,Pass,4.4132547,1.0,0.7,1.0,0.9099999999999999,Favourable,0.22335094,0.897767398252352,0.5795638409800461,57.95638409800461,O=C(C=Cc1ccccc1)NCCc1ccccc1,0.30434782608695654,31,2,1,8,0.65,Moderate Suitability,0.8,1.0,0.8300000000000001,Favourable,0.5133430196642875,51.334301966428754,1065
Cc1ccc(NCC[C@@H]2CCCN3CCCC[C@H]23)c2c(=O)c3ccccc3sc12,CHEMBL5286183,6.08,nM,840.0,uM,0.84,6.075720713938118,Moderately Active,True,406.5950000000001,5.789620000000006,32.34,1,4,4,5,1,Pass,5.2088356,0.75,0.75,0.75,0.75,Moderate,0.3543585,0.897767398252352,0.5595676170535019,55.95676170535019,O=c1c2ccccc2sc2cccc(NCCC3CCCN4CCCCC34)c12,0.48,29,3,1,3,0.8,High Suitability,0.35000000000000003,0.85,0.6950000000000001,Moderate,0.513147174835205,51.314717483520496,1066
Cc1cc(N2CCN(c3nc(Cl)nc(Nc4cccc(C(F)(F)F)c4)n3)CC2)n2ncnc2n1,CHEMBL4176742,4.98,nM,10430.0,uM,10.43,4.981715691573469,Low Activity,True,490.8810000000002,3.360120000000001,100.26,1,9,4,5,0,Pass,4.947697,1.0,0.44999999999999996,1.0,0.835,Favourable,0.31135708,0.897767398252352,0.6010669103808335,60.10669103808335,c1ccc(Nc2ncnc(N3CCN(c4ccnc5ncnn45)CC3)n2)cc1,0.3,34,4,1,10,0.4,Low Suitability,0.6000000000000001,1.0,0.6900000000000001,Moderate,0.5127463945150376,51.27463945150376,1067
Cc1ccc(NCCC[C@@H]2CCCN3CCCC[C@H]23)c2c(=O)c3ccccc3sc12,CHEMBL5427593,5.37,nM,4300.0,uM,4.3,5.366531544420413,Low Activity,True,420.6220000000001,6.179720000000007,32.34,1,4,5,5,1,Pass,5.2038245,0.75,0.75,0.75,0.75,Moderate,0.35353333,0.897767398252352,0.5591550337023666,55.915503370236664,O=c1c2ccccc2sc2cccc(NCCCC3CCCN4CCCCC34)c12,0.5,30,3,1,3,0.8,High Suitability,0.35000000000000003,0.85,0.6950000000000001,Moderate,0.512693330168724,51.269333016872395,1068
CCO[C@@H]([C@H]1C[C@@H](C)[C@H]2[C@H](O1)[C@H](O)[C@@]1(C)[C@@H]3CC[C@H]4C(C)(C)[C@@H](O[C@H]5CN(C6CN(CCOC)C6)CCO5)CC[C@@]45C[C@@]35CC[C@]21C)C(C)(C)O,CHEMBL3403819,7.17,nM,68.0,nM,68.0,7.167491087293763,Highly Active,True,717.0449999999998,5.349900000000006,93.09000000000002,2,9,10,8,2,Fail,6.9075575,0.5,0.19999999999999996,0.5,0.41000000000000003,Unfavourable,0.63408554,0.897767398252352,0.5599311379141739,55.99311379141739,C1COC2CC3C(CCC45CC46CCC(OC4CN(C7CNC7)CCO4)CC6CCC35)C2C1,1.0,51,0,2,9,0.2,Low Suitability,0.15000000000000002,0.6,0.32499999999999996,Unfavourable,0.512497044801712,51.2497044801712,1069
CCC(=O)O[C@@H]([C@H]1C[C@@H](C)[C@H]2[C@H](O1)[C@H](O)[C@@]1(C)[C@@H]3CC[C@H]4C(C)(C)[C@@H](O[C@H]5CN(C6CN(C)C6)CCO5)CC[C@@]45C[C@@]35CC[C@]21C)C(C)(C)O,CHEMBL5287571,7.00,nM,100.0,nM,100.0,7.0,Highly Active,True,701.002,5.250000000000005,100.93,2,9,7,8,2,Fail,6.9035892,0.5,0.19999999999999996,0.5,0.41000000000000003,Unfavourable,0.63343215,0.897767398252352,0.55960444485616,55.960444485616,C1COC2CC3C(CCC45CC46CCC(OC4CN(C7CNC7)CCO4)CC6CCC35)C2C1,0.975609756097561,50,0,2,9,0.2,Low Suitability,0.15000000000000002,0.6,0.32499999999999996,Unfavourable,0.5121376883983612,51.21376883983611,1070
O=C(O)c1cc(S(=O)(=O)N2CCOCC2)c(Cl)cc1NCc1ccco1,CHEMBL4879194,4.39,nM,41160.0,uM,41.16,4.385524633909605,Low Activity,True,400.84000000000003,2.2642000000000007,109.08,2,6,6,3,0,Pass,4.3976507,1.0,0.7,1.0,0.9099999999999999,Favourable,0.22078139,0.897767398252352,0.5782790628619126,57.82790628619126,O=S(=O)(c1ccc(NCc2ccco2)cc1)N1CCOCC1,0.3125,26,2,2,8,0.65,Moderate Suitability,0.8,1.0,0.8300000000000001,Favourable,0.5119297637343406,51.192976373434064,1071
CCN1/C(=C/C=C/c2sc3ccccc3[n+]2CC)Sc2ccc(OCCCO[N+](=O)[O-])cc21.[I-],CHEMBL3593278,5.11,nM,7700.0,uM,7.7,5.113509274827518,Low Activity,True,611.5270000000003,2.676700000000001,68.72,0,7,10,4,1,Pass,5.0923038,0.75,0.75,0.75,0.75,Moderate,0.33516932,0.897767398252352,0.5499730275816849,54.99730275816849,C(=Cc1[nH+]c2ccccc2s1)C=C1Nc2ccccc2S1,0.2916666666666667,34,3,0,7,0.75,High Suitability,0.6000000000000001,0.75,0.72,Moderate,0.5113431293964386,51.134312939643856,1072
COc1ccc(CNc2nc(NC3CCN(Cc4ccccc4)CC3)nc3ccccc23)cc1OC,CHEMBL4070983,5.64,nM,2300.0,uM,2.3,5.638272163982407,Low Activity,True,483.6160000000002,5.335600000000005,71.54,2,7,9,5,1,Pass,5.572454,0.75,0.5,0.75,0.675,Moderate,0.41423523,0.897767398252352,0.5670059870428971,56.7005987042897,c1ccc(CNc2nc(NC3CCN(Cc4ccccc4)CC3)nc3ccccc23)cc1,0.3103448275862069,36,4,2,7,0.55,Moderate Suitability,0.35000000000000003,0.85,0.595,Unfavourable,0.5110793818235397,51.107938182353976,1073
CCO[C@@H]([C@H]1C[C@@H](C)[C@H]2[C@H](O1)[C@H](O)[C@@]1(C)[C@@H]3CC[C@H]4C(C)(C)[C@@H](O[C@H]5CN(C6CN(CC(C)(C)O)C6)CCO5)CC[C@@]45C[C@@]35CC[C@]21C)C(C)(C)O,CHEMBL3403820,6.92,nM,120.0,nM,120.0,6.920818753952375,Moderately Active,True,731.0719999999998,5.474400000000006,104.09000000000002,3,9,9,8,2,Fail,6.880768,0.5,0.19999999999999996,0.5,0.41000000000000003,Unfavourable,0.6296742,0.897767398252352,0.5577254680342606,55.77254680342606,C1COC2CC3C(CCC45CC46CCC(OC4CN(C7CNC7)CCO4)CC6CCC35)C2C1,1.0,52,0,3,9,0.2,Low Suitability,0.15000000000000002,0.6,0.32499999999999996,Unfavourable,0.5100708079338073,51.00708079338073,1074
O=C(/C=C/c1ccc(O)c(O)c1)N[C@H](Cc1ccc(O)c(O)c1)C(=O)O,CHEMBL115421,5.80,nM,1600.0,uM,1.6,5.795880017344075,Low Activity,True,359.33400000000006,1.3342999999999996,147.32,6,6,6,2,1,Pass,5.259783,0.65,0.49999999999999994,0.75,0.635,Moderate,0.36274797,0.897767398252352,0.5292623535342149,52.92623535342149,O=C(C=Cc1ccccc1)NCCc1ccccc1,0.1111111111111111,26,2,6,8,0.45,Low Suitability,1.0,0.8,0.6725,Moderate,0.5098863790035248,50.98863790035249,1075
O=C(/C=C/c1ccc(O)c(O)c1)N[C@@H](Cc1ccc(O)c(O)c1)C(=O)O,CHEMBL241190,5.24,nM,5700.0,uM,5.7,5.2441251443275085,Low Activity,True,359.33400000000006,1.3342999999999996,147.32,6,6,6,2,1,Pass,5.259783,0.65,0.49999999999999994,0.75,0.635,Moderate,0.36274797,0.897767398252352,0.5292623535342149,52.92623535342149,O=C(C=Cc1ccccc1)NCCc1ccccc1,0.1111111111111111,26,2,6,8,0.45,Low Suitability,1.0,0.8,0.6725,Moderate,0.5098863790035248,50.98863790035249,1076
Cc1ccc(NC[C@@H]2CCCN3CCCC[C@H]23)c2c(=O)c3ccccc3sc12,CHEMBL3352860,4.55,nM,28000.0,uM,28.0,4.552841968657781,Low Activity,True,392.5680000000001,5.399520000000005,32.34,1,4,3,5,1,Pass,5.017849,0.75,0.75,0.75,0.75,Moderate,0.32290894,0.897767398252352,0.543842838878148,54.3842838878148,O=c1c2ccccc2sc2cccc(NCC3CCCN4CCCCC34)c12,0.4583333333333333,28,3,1,3,0.8,High Suitability,0.55,0.85,0.7350000000000001,Moderate,0.509849921822548,50.98499218225479,1077
CCO[C@@H]([C@H]1C[C@@H](C)[C@H]2[C@H](O1)[C@H](O)[C@@]1(C)[C@@H]3CC[C@H]4C(C)(C)[C@@H](O[C@H]5CN(C6CN(C7COC7)C6)CCO5)CC[C@@]45C[C@@]35CC[C@]21C)C(C)(C)O,CHEMBL3403818,6.89,nM,130.0,nM,130.0,6.886056647693163,Moderately Active,True,715.0289999999999,5.102300000000006,93.09000000000002,2,9,8,9,2,Fail,6.871845,0.5,0.19999999999999996,0.5,0.41000000000000003,Unfavourable,0.6282048,0.897767398252352,0.5569907811827591,55.699078118275914,C1COC2CC3C(CCC45CC46CCC(OC4CN(C7CN(C8COC8)C7)CCO4)CC6CCC35)C2C1,1.0,51,0,2,9,0.2,Low Suitability,0.15000000000000002,0.6,0.32499999999999996,Unfavourable,0.5092626583576202,50.92626583576202,1078
CCO[C@@H]([C@H]1C[C@@H](C)[C@H]2[C@H](O1)[C@H](O)[C@@]1(C)[C@@H]3CC[C@H]4C(C)(C)[C@@H](O[C@H]5CN(CC6CN(CC(C)(C)O)C6)CCO5)CC[C@@]45C[C@@]35CC[C@]21C)C(C)(C)O,CHEMBL3403826,7.07,nM,86.0,nM,86.0,7.0655015487564325,Highly Active,True,745.0989999999997,5.722000000000007,104.09000000000002,3,9,10,8,2,Fail,6.8687463,0.5,0.19999999999999996,0.5,0.41000000000000003,Unfavourable,0.6276946,0.897767398252352,0.5567356733031205,55.673567330312046,C1COC2CC3C(CCC45CC46CCC(OC4CN(CC7CNC7)CCO4)CC6CCC35)C2C1,1.0,53,0,3,9,0.2,Low Suitability,0.15000000000000002,0.6,0.32499999999999996,Unfavourable,0.5089820396900177,50.89820396900176,1079
CNS(=O)(=O)c1cc(C(=O)OC)c(NCc2ccco2)cc1Cl,CHEMBL4851224,4.25,nM,55950.0,uM,55.95,4.252199909135631,Low Activity,True,358.803,2.2398,97.64,2,6,6,2,0,Pass,4.205597,1.0,0.7,1.0,0.9099999999999999,Favourable,0.18915606,0.897767398252352,0.5624663976378372,56.246639763783726,c1ccc(NCc2ccco2)cc1,0.21428571428571427,23,2,2,7,0.65,Moderate Suitability,1.0,1.0,0.8700000000000001,Favourable,0.5085358319878578,50.85358319878578,1080
CCO[C@@H]([C@H]1C[C@@H](C)[C@H]2[C@H](O1)[C@H](O)[C@@]1(C)[C@@H]3CC[C@H]4C(C)(C)[C@@H](O[C@H]5CN(CC6CN(C7COC7)C6)CCO5)CC[C@@]45C[C@@]35CC[C@]21C)C(C)(C)O,CHEMBL3403824,6.77,nM,170.0,nM,170.0,6.769551078621726,Moderately Active,True,729.0559999999998,5.349900000000007,93.09000000000002,2,9,9,9,2,Fail,6.8636947,0.5,0.19999999999999996,0.5,0.41000000000000003,Unfavourable,0.62686276,0.897767398252352,0.5563197520918778,55.63197520918778,C1COC2CC3C(CCC45CC46CCC(OC4CN(CC7CN(C8COC8)C7)CCO4)CC6CCC35)C2C1,1.0,52,0,2,9,0.2,Low Suitability,0.15000000000000002,0.6,0.32499999999999996,Unfavourable,0.5085245144367218,50.85245144367217,1081
O=Cc1ccc(-c2ccc(-c3ccc(N(c4ccccc4)c4ccccc4)cc3)s2)s1,CHEMBL3330739,5.15,nM,7100.0,uM,7.1,5.1487416512809245,Low Activity,True,437.58900000000006,8.425900000000004,20.310000000000002,0,4,6,5,1,Pass,5.2729197,0.75,0.75,0.75,0.75,Moderate,0.3649112,0.897767398252352,0.5648439692206314,56.48439692206314,c1ccc(N(c2ccccc2)c2ccc(-c3ccc(-c4cccs4)s3)cc2)cc1,0.0,31,5,0,2,0.8,High Suitability,0.20000000000000004,0.85,0.665,Moderate,0.5084511622190475,50.84511622190475,1082
CNc1ccc(/C=C/C(=O)CC(=O)/C=C/c2ccc(NC)c(C(F)(F)F)c2)cc1C(F)(F)F,CHEMBL3667034,5.24,nM,5800.0,nM,5800.0,5.236572006437063,Low Activity,True,470.413,6.0625000000000036,58.2,2,4,8,2,1,Pass,5.540371,0.75,0.5,0.75,0.675,Moderate,0.40895218,0.897767398252352,0.5643644581980637,56.436445819806366,O=C(C=Cc1ccccc1)CC(=O)C=Cc1ccccc1,0.21739130434782608,33,2,2,4,0.55,Moderate Suitability,0.35000000000000003,0.85,0.595,Unfavourable,0.508173700094223,50.817370009422305,1083
COC(=O)c1c(C)cc(O)c(C/C=C(\C)CCCC2=C/C(=C\C(C)(C)O)OC2=O)c1O,CHEMBL4847749,4.39,nM,40700.0,uM,40.7,4.39040559077478,Low Activity,True,430.4970000000002,3.9899200000000046,113.29,3,7,8,2,0,Pass,4.503426,1.0,0.7,1.0,0.9099999999999999,Favourable,0.23819935,0.897767398252352,0.5869880465216568,58.698804652165684,C=C1C=C(CCCC=CCc2ccccc2)C(=O)O1,0.4166666666666667,31,1,3,7,0.65,Moderate Suitability,0.6000000000000001,1.0,0.79,Moderate,0.5075096532106399,50.75096532106399,1084
Cc1ccc(NC[C@@H]2CCCN3CCCC[C@H]23)c2c(=O)c3cc(O)ccc3sc12,CHEMBL5408406,5.23,nM,5900.0,uM,5.9,5.229147988357855,Low Activity,True,408.5670000000001,5.105120000000006,52.57000000000001,2,5,3,5,1,Pass,5.142137,0.75,0.75,0.75,0.75,Moderate,0.34337533,0.897767398252352,0.5540760325140884,55.407603251408844,O=c1c2ccccc2sc2cccc(NCC3CCCN4CCCCC34)c12,0.4583333333333333,29,3,2,4,0.8,High Suitability,0.35000000000000003,0.85,0.6950000000000001,Moderate,0.5071064378023147,50.710643780231464,1085
CNS(=O)(=O)c1cc(-c2nnn[nH]2)c(NCc2ccco2)cc1Cl,CHEMBL4874275,4.15,nM,70480.0,uM,70.48,4.151934104596008,Low Activity,True,368.80600000000004,1.6332999999999993,125.8,3,7,6,3,0,Pass,4.1818614,1.0,0.7,1.0,0.9099999999999999,Favourable,0.1852476,0.897767398252352,0.5605121699519089,56.05121699519089,c1coc(CNc2ccccc2-c2nnn[nH]2)c1,0.15384615384615385,24,3,3,9,0.65,Moderate Suitability,1.0,1.0,0.8700000000000001,Favourable,0.5063861830234527,50.63861830234527,1086
O=C(/C=C/c1ccccc1)N[C@@H](Cc1ccc(O)c(O)c1)C(=O)O,CHEMBL4126558,4.64,nM,22700.0,uM,22.7,4.6439741428068775,Low Activity,True,327.33600000000007,1.9231,106.86,4,4,6,2,0,Pass,4.4906073,1.0,0.49999999999999994,1.0,0.8500000000000001,Favourable,0.23608851,0.897767398252352,0.5679326270766191,56.79326270766191,O=C(C=Cc1ccccc1)NCCc1ccccc1,0.1111111111111111,24,2,4,6,0.45,Low Suitability,1.0,1.0,0.79,Moderate,0.506348688840866,50.6348688840866,1087
O=C(Cc1ccccc1[N+](=O)[O-])NCc1cn(-c2ccc(Oc3ccccc3)cc2)nn1,CHEMBL5598462,4.16,nM,69200.0,uM,69.2,4.1598939055432425,Low Activity,True,429.4360000000001,3.8267000000000024,112.17999999999999,1,6,8,4,0,Pass,4.4813952,1.0,0.7,1.0,0.9099999999999999,Favourable,0.23457158,0.897767398252352,0.5851741579718521,58.517415797185215,O=C(Cc1ccccc1)NCc1cn(-c2ccc(Oc3ccccc3)cc2)nn1,0.08695652173913043,32,4,1,9,0.65,Moderate Suitability,0.6000000000000001,1.0,0.79,Moderate,0.5055143728256225,50.55143728256225,1088
CCO[C@@H]([C@H]1C[C@@H](C)[C@H]2[C@H](O1)[C@H](O)[C@@]1(C)[C@@H]3CC[C@H]4C(C)(C)[C@@H](O[C@H]5CN(CC(=O)N6CCC6)CCO5)CC[C@@]45C[C@@]35CC[C@]21C)C(C)(C)O,CHEMBL2206986,6.60,nM,250.0,nM,250.0,6.6020599913279625,Moderately Active,True,701.002,5.251600000000005,100.93,2,8,8,8,2,Fail,6.8282943,0.5,0.19999999999999996,0.5,0.41000000000000003,Unfavourable,0.6210333,0.897767398252352,0.5534050253577164,55.34050253577164,O=C(CN1CCOC(OC2CCC34CC35CCC3C6CCCOC6CC3C5CCC4C2)C1)N1CCC1,0.975609756097561,50,0,2,9,0.2,Low Suitability,0.15000000000000002,0.6,0.32499999999999996,Unfavourable,0.5053183209896087,50.53183209896087,1089
O=C(/C=C/c1ccc(O)c(O)c1)N[C@@H](Cc1ccccc1)C(=O)O,CHEMBL2392127,4.14,nM,72900.0,uM,72.9,4.137272471682025,Low Activity,True,327.33600000000007,1.9231,106.86,4,4,6,2,0,Pass,4.4678407,1.0,0.49999999999999994,1.0,0.8500000000000001,Favourable,0.23233956,0.897767398252352,0.5660581504054002,56.60581504054002,O=C(C=Cc1ccccc1)NCCc1ccccc1,0.1111111111111111,24,2,4,6,0.45,Low Suitability,1.0,1.0,0.79,Moderate,0.5042867555618286,50.42867555618285,1090
CNS(=O)(=O)c1cc(CO)c(NCc2ccco2)cc1Cl,CHEMBL4850077,,nM,117490.0,uM,117.49,3.9299990961976548,Low Activity,True,330.793,1.9454999999999998,91.57000000000001,3,5,6,2,0,Pass,4.153763,1.0,0.7,1.0,0.9099999999999999,Favourable,0.18062061,0.897767398252352,0.5581986752695969,55.81986752695969,c1ccc(NCc2ccco2)cc1,0.23076923076923078,21,2,3,6,0.65,Moderate Suitability,1.0,1.0,0.8700000000000001,Favourable,0.5038413403630256,50.38413403630256,1091
O=c1cc(-c2ccc(O)cc2)oc2cc(O)cc(O)c12,CHEMBL28,,nM,176200.0,uM,176.2,3.7539940959239706,Low Activity,True,270.24,2.576800000000001,90.9,3,5,1,3,0,Pass,4.148399,1.0,0.7,1.0,0.9099999999999999,Favourable,0.17973733,0.897767398252352,0.5577570346541336,55.775703465413365,O=c1cc(-c2ccccc2)oc2ccccc12,0.0,20,3,3,5,0.65,Moderate Suitability,1.0,1.0,0.8700000000000001,Favourable,0.5033555327057838,50.33555327057838,1092
CN(C)S(=O)(=O)c1cc(C(=O)O)c(NCc2ccco2)cc1Cl,CHEMBL4846727,,nM,113130.0,uM,113.13,3.946422212874717,Low Activity,True,358.803,2.4936000000000007,99.85000000000001,2,5,6,2,0,Pass,4.142754,1.0,0.7,1.0,0.9099999999999999,Favourable,0.1788078,0.897767398252352,0.5572922674364975,55.729226743649754,c1ccc(NCc2ccco2)cc1,0.21428571428571427,23,2,2,7,0.65,Moderate Suitability,1.0,1.0,0.8700000000000001,Favourable,0.5028442887663841,50.28442887663841,1093
O=c1c(O)c(-c2ccc(O)cc2O)oc2cc(O)cc(O)c12,CHEMBL28626,4.52,nM,30300.0,uM,30.3,4.518557371497695,Low Activity,True,302.23800000000006,1.987999999999999,131.36,5,7,1,3,0,Pass,4.443732,1.0,0.49999999999999994,1.0,0.8500000000000001,Favourable,0.22836953,0.897767398252352,0.5640731369204454,56.40731369204454,O=c1cc(-c2ccccc2)oc2ccccc12,0.0,22,3,5,7,0.45,Low Suitability,1.0,1.0,0.79,Moderate,0.5021032437086105,50.210324370861045,1094
COc1ccc(-c2ccc(-c3ccc(C=C(C#N)C#N)s3)s2)cc1,CHEMBL3330750,,nM,1000.0,uM,1.0,6.0,Moderately Active,True,348.452,5.582760000000003,56.809999999999995,0,5,4,3,1,Pass,4.93171,0.75,0.75,0.75,0.75,Moderate,0.30872446,0.897767398252352,0.5367506014056138,53.675060140561385,c1ccc(-c2ccc(-c3cccs3)s2)cc1,0.05263157894736842,24,3,0,3,0.8,High Suitability,0.55,0.85,0.7350000000000001,Moderate,0.5020484635829926,50.20484635829926,1095
COc1ccc2sc3c(C)ccc(NC[C@@H]4CCCN5CCCC[C@H]45)c3c(=O)c2c1,CHEMBL5406305,5.37,nM,4300.0,uM,4.3,5.366531544420413,Low Activity,True,422.59400000000034,5.408120000000005,41.57,1,5,4,5,1,Pass,5.076212,0.75,0.75,0.75,0.75,Moderate,0.33251947,0.897767398252352,0.5486481057352951,54.86481057352951,O=c1c2ccccc2sc2cccc(NCC3CCCN4CCCCC34)c12,0.48,30,3,1,4,0.8,High Suitability,0.35000000000000003,0.85,0.6950000000000001,Moderate,0.5011357064247131,50.1135706424713,1096
O=C(O[C@H]1Cc2c(O)cc(O)cc2O[C@H]1c1ccc(O)c(O)c1)c1cc(O)c(O)c(O)c1,CHEMBL126142,5.52,nM,3000.0,uM,3.0,5.522878745280337,Low Activity,True,442.37600000000015,2.5276000000000005,177.14,7,10,3,4,1,Pass,5.3109884,0.65,0.49999999999999994,0.75,0.635,Moderate,0.37117994,0.897767398252352,0.5334783390707902,53.34783390707902,O=C(OC1Cc2ccccc2OC1c1ccccc1)c1ccccc1,0.13636363636363635,32,3,7,10,0.45,Low Suitability,0.8,0.8,0.6325000000000001,Moderate,0.5005239630937577,50.052396309375766,1097
CC(NS(=O)(=O)c1cc(C(=O)O)c(NCc2ccco2)cc1Cl)c1ccccc1,CHEMBL4871443,4.39,nM,41150.0,uM,41.15,4.385630160451711,Low Activity,True,434.9010000000001,4.282800000000003,108.64,3,5,8,3,0,Pass,4.4129696,1.0,0.7,1.0,0.9099999999999999,Favourable,0.22330397,0.897767398252352,0.5795403567500046,57.95403567500046,O=S(=O)(NCc1ccccc1)c1ccc(NCc2ccco2)cc1,0.15,29,3,3,7,0.65,Moderate Suitability,0.6000000000000001,1.0,0.79,Moderate,0.499317188501358,49.931718850135795,1098
COc1cc(/C=C/c2ccc(NCc3cc(N(C)C)ccc3O)cc2)cc(OC)c1,CHEMBL2402067,5.12,nM,7560.0,uM,7.56,5.121478204498794,Low Activity,True,404.5100000000001,5.257900000000006,53.96000000000001,2,5,8,3,1,Pass,5.051581,0.75,0.75,0.75,0.75,Moderate,0.32846355,0.897767398252352,0.5466201471037796,54.66201471037796,C(=Cc1ccc(NCc2ccccc2)cc1)c1ccccc1,0.2,30,3,2,5,0.8,High Suitability,0.35000000000000003,0.85,0.6950000000000001,Moderate,0.49890495789051054,49.89049578905105,1099
O=C(/C=C/c1ccc(O)c(OC(F)(F)F)c1)C(CCOCCO)C(=O)/C=C/c1ccc(O)c(OC(F)(F)F)c1,CHEMBL3667031,6.16,nM,700.0,nM,700.0,6.154901959985743,Moderately Active,True,564.4310000000005,4.775000000000004,122.52000000000001,3,8,13,2,1,Pass,5.86981,0.6,0.44999999999999996,0.75,0.6,Moderate,0.46320063,0.897767398252352,0.568988684291356,56.8988684291356,O=C(C=Cc1ccccc1)CC(=O)C=Cc1ccccc1,0.28,39,2,3,8,0.4,Low Suitability,0.4000000000000001,0.55,0.48250000000000004,Unfavourable,0.49863535475730897,49.8635354757309,1100
COc1ccc(CNC(=O)CCNC(=O)/C=C/c2ccc(OCc3ccccc3)c(OC)c2)cc1,CHEMBL4876813,4.27,nM,54210.0,uM,54.21,4.2659205927194055,Low Activity,True,474.5570000000002,4.118700000000003,85.89000000000001,2,5,12,3,0,Pass,4.533248,0.85,0.75,1.0,0.865,Favourable,0.24311012,0.897767398252352,0.5759434300608567,57.594343006085666,O=C(C=Cc1ccc(OCc2ccccc2)cc1)NCCC(=O)NCc1ccccc1,0.21428571428571427,35,3,2,7,0.75,High Suitability,0.6000000000000001,0.8,0.7525000000000001,Moderate,0.4970855631828308,49.70855631828308,1101
O=C(CCc1ccc(O)c(O)c1)N[C@@H](Cc1ccc(O)c(O)c1)C(=O)O,CHEMBL4127090,5.06,nM,8700.0,uM,8.7,5.060480747381382,Low Activity,True,361.3500000000001,1.2536999999999996,147.32,6,6,7,2,1,Pass,5.1071067,0.65,0.49999999999999994,0.75,0.635,Moderate,0.3376069,0.897767398252352,0.5166918233580522,51.66918233580522,O=C(CCc1ccccc1)NCCc1ccccc1,0.2222222222222222,26,2,6,8,0.45,Low Suitability,1.0,0.8,0.6725,Moderate,0.4960588017702103,49.60588017702103,1102
C[C@H](O)[C@H](Nc1c(NC[C@H](Cc2ccccc2)NC(=O)OC(C)(C)C)c(=O)c1=O)C(=O)O,CHEMBL5409325,5.09,nM,8080.0,uM,8.08,5.092588639225414,Low Activity,True,447.48800000000034,1.0763999999999998,154.05999999999997,5,8,10,2,0,Pass,4.9826035,0.65,0.49999999999999994,1.0,0.71,Moderate,0.3171051,0.897767398252352,0.5664409271426133,56.644092714261326,O=c1cc(NCCCc2ccccc2)c1=O,0.45454545454545453,32,2,5,10,0.45,Low Suitability,0.8,0.8,0.6325000000000001,Moderate,0.49578280997276303,49.5782809972763,1103
CCN(C)C(=O)Oc1cccc(CNCCNCCOc2cccc3c2ccn3S(=O)(=O)c2ccccc2)c1,CHEMBL4845823,5.86,nM,1380.0,uM,1.38,5.860120913598763,Low Activity,True,550.6810000000003,4.087000000000002,101.89999999999998,2,7,13,4,1,Pass,5.8370137,0.6,0.44999999999999996,0.75,0.6,Moderate,0.4578001,0.897767398252352,0.5662884150690964,56.628841506909644,O=S(=O)(c1ccccc1)n1ccc2c(OCCNCCNCc3ccccc3)cccc21,0.27586206896551724,39,4,2,9,0.4,Low Suitability,0.4000000000000001,0.55,0.48250000000000004,Unfavourable,0.49566504669189454,49.566504669189456,1104
Cc1ccc(Nc2nc(Cl)nc(Nc3ccc(F)c(Cl)c3)n2)cc1,CHEMBL4163412,4.74,nM,18050.0,uM,18.05,4.7435227937583235,Low Activity,True,364.21100000000007,5.113120000000002,62.730000000000004,2,5,4,3,1,Pass,4.8594003,0.75,0.75,0.75,0.75,Moderate,0.2968173,0.897767398252352,0.5307970212645463,53.079702126454634,c1ccc(Nc2ncnc(Nc3ccccc3)n2)cc1,0.0625,24,3,2,5,0.8,High Suitability,0.55,0.85,0.7350000000000001,Moderate,0.4954995224475861,49.54995224475861,1105
COc1ccc2sc3c(N)ccc(NCC[C@@H]4CCCN5CCCC[C@H]45)c3c(=O)c2c1,CHEMBL5436261,4.89,nM,13000.0,uM,13.0,4.886056647693163,Low Activity,True,437.6090000000004,5.072000000000004,67.59,2,6,5,5,1,Pass,5.0093155,0.75,0.75,0.75,0.75,Moderate,0.3215037,0.897767398252352,0.5431402193255357,54.31402193255357,O=c1c2ccccc2sc2cccc(NCCC3CCCN4CCCCC34)c12,0.48,31,3,3,5,0.8,High Suitability,0.35000000000000003,0.85,0.6950000000000001,Moderate,0.4950770432949066,49.50770432949066,1106
CCO[C@@H]([C@H]1C[C@@H](C)[C@H]2[C@H](O1)[C@H](O)[C@@]1(C)[C@@H]3CC[C@H]4C(C)(C)[C@@H](O[C@H]5CN(C(=O)C(C)C)CCO5)CC[C@@]45C[C@@]35CC[C@]21C)C(C)(C)O,CHEMBL2206995,6.77,nM,170.0,nM,170.0,6.769551078621726,Moderately Active,True,673.976,6.201900000000007,97.69000000000001,2,7,7,7,2,Fail,6.7146907,0.5,0.19999999999999996,0.5,0.41000000000000003,Unfavourable,0.6023264,0.897767398252352,0.5440515664763383,54.40515664763383,C1COC2CC3C(CCC45CC46CCC(OC4CNCCO4)CC6CCC35)C2C1,0.975,48,0,2,8,0.2,Low Suitability,0.15000000000000002,0.6,0.32499999999999996,Unfavourable,0.4950295162200927,49.50295162200927,1107
Fc1ccc(Nc2nc(Cl)nc(Nc3cccc(C(F)(F)F)c3)n2)cc1,CHEMBL4170265,4.73,nM,18550.0,uM,18.55,4.731656086048935,Low Activity,True,383.73600000000005,5.1701000000000015,62.730000000000004,2,5,4,3,1,Pass,4.8530865,0.75,0.75,0.75,0.75,Moderate,0.29577762,0.897767398252352,0.5302771793551377,53.02771793551378,c1ccc(Nc2ncnc(Nc3ccccc3)n2)cc1,0.0625,26,3,2,5,0.8,High Suitability,0.55,0.85,0.7350000000000001,Moderate,0.4949276903867722,49.49276903867722,1108
COc1ccc(C(=O)/C=C/c2ccc(OCCCOc3ccccc3)c(OC)c2)c(O)c1,CHEMBL2408091,4.96,nM,10900.0,uM,10.9,4.962573502059376,Low Activity,True,434.4880000000001,5.153400000000006,74.22000000000001,1,6,11,3,1,Pass,5.266912,0.6,0.75,0.75,0.69,Moderate,0.36392188,0.897767398252352,0.5463493102736404,54.63493102736404,O=C(C=Cc1ccc(OCCCOc2ccccc2)cc1)c1ccccc1,0.19230769230769232,32,3,1,6,0.8,High Suitability,0.35000000000000003,0.65,0.6275000000000001,Moderate,0.49478203141689303,49.478203141689306,1109
CCCNc1ccc(O)c(CNc2ccc(/C=C/c3cc(OC)cc(OC)c3)cc2)c1,CHEMBL2402074,4.88,nM,13070.0,uM,13.07,4.883724412419456,Low Activity,True,418.53700000000015,6.013800000000006,62.75,3,5,10,3,1,Pass,5.002667,0.75,0.75,0.75,0.75,Moderate,0.32040888,0.897767398252352,0.5425928102679185,54.259281026791854,C(=Cc1ccc(NCc2ccccc2)cc1)c1ccccc1,0.23076923076923078,31,3,3,5,0.8,High Suitability,0.35000000000000003,0.85,0.6950000000000001,Moderate,0.4944748873710632,49.44748873710632,1110
CNS(=O)(=O)c1cc(C(N)=O)c(NCc2ccco2)cc1Cl,CHEMBL4863425,4.08,nM,82410.0,uM,82.41,4.084020085859776,Low Activity,True,343.79200000000003,1.5520999999999998,114.42999999999999,3,5,6,2,0,Pass,4.047428,1.0,0.7,1.0,0.9099999999999999,Favourable,0.16311055,0.897767398252352,0.5494436470217636,54.944364702176365,c1ccc(NCc2ccco2)cc1,0.15384615384615385,22,2,4,7,0.65,Moderate Suitability,1.0,1.0,0.8700000000000001,Favourable,0.49421080929040906,49.421080929040905,1111
COC(=O)CCC(C(=O)/C=C/c1ccc([O-])c(OC(F)(F)F)c1)C(=O)/C=C/c1ccc([O-])c(OC(F)(F)F)c1.[Na+].[Na+],CHEMBL3667028,6.25,nM,560.0,nM,560.0,6.251811972993799,Moderately Active,True,606.3790000000002,-1.9267999999999967,125.02000000000002,0,8,11,2,1,Pass,5.808296,0.6,0.44999999999999996,0.75,0.6,Moderate,0.45307118,0.897767398252352,0.5639239584155015,56.39239584155015,O=C(C=Cc1ccccc1)CC(=O)C=Cc1ccccc1,0.24,41,2,0,8,0.2,Low Suitability,0.6000000000000001,0.55,0.48250000000000004,Unfavourable,0.4930641533136368,49.30641533136368,1112
Nc1ccc(NCCC[C@@H]2CCCN3CCCC[C@H]23)c2c(=O)c3ccccc3sc12,CHEMBL5422668,5.89,nM,1300.0,uM,1.3,5.886056647693163,Low Activity,True,421.6100000000001,5.453500000000005,58.36,2,5,5,5,1,Pass,4.9855323,0.75,0.75,0.75,0.75,Moderate,0.31758738,0.897767398252352,0.5411820577330522,54.11820577330522,O=c1c2ccccc2sc2cccc(NCCCC3CCCN4CCCCC34)c12,0.48,30,3,3,4,0.8,High Suitability,0.35000000000000003,0.85,0.6950000000000001,Moderate,0.4929230655431747,49.29230655431747,1113
CCN(CCCOc1ccc(C(=O)/C=C/c2ccc(N(C)C)cc2)c(O)c1)Cc1ccccc1OC,CHEMBL4863690,5.45,nM,3560.0,uM,3.56,5.448550002027124,Low Activity,True,488.62800000000027,5.653900000000007,62.24000000000001,1,6,13,3,1,Pass,5.631449,0.6,0.5,0.75,0.615,Moderate,0.42394996,0.897767398252352,0.553863348359578,55.3863348359578,O=C(C=Cc1ccccc1)c1ccc(OCCCNCc2ccccc2)cc1,0.3,36,3,1,6,0.55,Moderate Suitability,0.35000000000000003,0.65,0.5275000000000001,Unfavourable,0.49279747629165654,49.279747629165655,1114
CNC(=O)c1cc(S(=O)(=O)NC)c(Cl)cc1NCc1ccco1,CHEMBL4850840,,nM,102590.0,uM,102.59,3.9888949701840204,Low Activity,True,357.8190000000001,1.8128,100.44,3,5,6,2,0,Pass,4.021985,1.0,0.7,1.0,0.9099999999999999,Favourable,0.15892088,0.897767398252352,0.5473488119788101,54.734881197881016,c1ccc(NCc2ccco2)cc1,0.21428571428571427,23,2,3,7,0.65,Moderate Suitability,1.0,1.0,0.8700000000000001,Favourable,0.49190648627281186,49.190648627281185,1115
O=C(O)c1cc(S(=O)(=O)Nc2ccccc2)c(Cl)cc1NCc1ccco1,CHEMBL4852897,,nM,167530.0,uM,167.53,3.7759074115057327,Low Activity,True,406.84700000000015,4.044100000000002,108.64,3,5,7,3,0,Pass,4.329456,1.0,0.7,1.0,0.9099999999999999,Favourable,0.20955181,0.897767398252352,0.5726642755217484,57.26642755217484,O=S(=O)(Nc1ccccc1)c1ccc(NCc2ccco2)cc1,0.05555555555555555,27,3,3,7,0.65,Moderate Suitability,0.6000000000000001,1.0,0.79,Moderate,0.49175350064039225,49.17535006403922,1116
CN(C)Cc1ccccc1Nc1cc(C(=O)NCCN2CCCCC2)cc(C(=O)NCCN2CCCCC2)c1,CHEMBL4225842,5.09,nM,8200.0,uM,8.2,5.086186147616283,Low Activity,True,534.7490000000005,3.923200000000003,79.95,3,6,12,4,1,Pass,5.2792106,0.6,0.75,0.75,0.69,Moderate,0.36594713,0.897767398252352,0.5473619335837295,54.73619335837295,O=C(NCCN1CCCCC1)c1cc(Nc2ccccc2)cc(C(=O)NCCN2CCCCC2)c1,0.5483870967741935,39,2,3,8,0.75,High Suitability,0.4000000000000001,0.55,0.6125,Moderate,0.4906459230184555,49.06459230184555,1117
COc1ccc(Nc2nc(Cl)nc(Nc3cccc(C(F)(F)F)c3)n2)cc1,CHEMBL4166865,4.75,nM,17600.0,uM,17.6,4.7544873321858505,Low Activity,True,395.77200000000005,5.039600000000002,71.96000000000001,2,6,5,3,1,Pass,4.7999988,0.75,0.75,0.75,0.75,Moderate,0.2870357,0.897767398252352,0.5259062217421464,52.590622174214644,c1ccc(Nc2ncnc(Nc3ccccc3)n2)cc1,0.11764705882352941,27,3,2,6,0.8,High Suitability,0.55,0.85,0.7350000000000001,Moderate,0.49011963701248173,49.01196370124817,1118
COc1cc(/C=C/c2ccc(NCc3cc(NCC(C)C)ccc3O)cc2)cc(OC)c1,CHEMBL2402075,4.99,nM,10320.0,uM,10.32,4.986320302708807,Low Activity,True,432.56400000000014,6.2598000000000065,62.75,3,5,10,3,1,Pass,4.9521017,0.75,0.75,0.75,0.75,Moderate,0.31208235,0.897767398252352,0.538429545039647,53.842954503964705,C(=Cc1ccc(NCc2ccccc2)cc1)c1ccccc1,0.25925925925925924,32,3,3,5,0.8,High Suitability,0.35000000000000003,0.85,0.6950000000000001,Moderate,0.4898952986001968,48.98952986001968,1119
COc1cc(/C=C/c2cc(/C=C/c3ccc(O)c(OC)c3)n(-c3ccc([N+](=O)[O-])cc3)n2)ccc1O,CHEMBL5189854,,nM,1000.0,nM,1000.0,6.0,Moderately Active,True,485.49600000000015,5.549700000000006,119.88,2,7,8,4,1,Pass,5.8362536,0.75,0.19999999999999996,0.75,0.585,Unfavourable,0.45767492,0.897767398252352,0.5617258301920823,56.17258301920823,C(=Cc1cc(C=Cc2ccccc2)n(-c2ccccc2)n1)c1ccccc1,0.07407407407407407,36,4,2,9,0.2,Low Suitability,0.35000000000000003,0.85,0.465,Unfavourable,0.48947120332717897,48.947120332717894,1120
COc1ccc2sc3c(C)ccc(NCCC[C@@H]4CCCN5CCCC[C@H]45)c3c(=O)c2c1,CHEMBL5425075,5.60,nM,2500.0,uM,2.5,5.6020599913279625,Low Activity,True,450.64800000000037,6.188320000000005,41.57,1,5,6,5,1,Pass,5.3281755,0.75,0.5,0.75,0.675,Moderate,0.37401015,0.897767398252352,0.5468934427447251,54.689344274472504,O=c1c2ccccc2sc2cccc(NCCCC3CCCN4CCCCC34)c12,0.5185185185185185,32,3,1,4,0.55,Moderate Suitability,0.35000000000000003,0.85,0.595,Unfavourable,0.48895558309555054,48.89555830955506,1121
CCNS(=O)(=O)c1cc(C(=O)O)c(NCc2ccco2)cc1Cl,CHEMBL4877793,,nM,137390.0,uM,137.39,3.86204487646764,Low Activity,True,358.803,2.5415,108.64,3,5,7,2,0,Pass,3.9880853,1.0,0.7,1.0,0.9099999999999999,Favourable,0.15333861,0.897767398252352,0.5445576754755905,54.455767547559056,c1ccc(NCc2ccco2)cc1,0.21428571428571427,23,2,3,7,0.65,Moderate Suitability,1.0,1.0,0.8700000000000001,Favourable,0.4888362361192703,48.88362361192703,1122
CCC[C@H](C(N)=O)[C@@H](CC(C)C)C(=O)N[C@H]1CCCCN(Cc2cccc(Nc3ccc(C(F)(F)F)cc3)c2)C1=O,CHEMBL424684,7.52,nM,30.0,nM,30.0,7.522878745280337,Highly Active,True,574.6880000000002,6.0102000000000055,104.53,3,4,12,3,2,Fail,6.906049,0.35,0.19999999999999996,0.5,0.35,Unfavourable,0.6338371,0.897767398252352,0.5418069218344621,54.18069218344621,O=C1CCCCCN1Cc1cccc(Nc2ccccc2)c1,0.5161290322580645,41,2,4,7,0.2,Low Suitability,0.15000000000000002,0.4,0.2575,Unfavourable,0.48873540115356445,48.87354011535645,1123
O=c1c(O)c(-c2ccccc2O)oc2cc(O)cc(O)c12,CHEMBL503168,4.26,nM,55400.0,uM,55.4,4.2564902352715706,Low Activity,True,286.23900000000003,2.2824000000000004,111.13000000000001,4,6,1,3,0,Pass,4.2920985,1.0,0.49999999999999994,1.0,0.8500000000000001,Favourable,0.20340025,0.897767398252352,0.551588497037404,55.1588497037404,O=c1cc(-c2ccccc2)oc2ccccc12,0.0,21,3,4,6,0.45,Low Suitability,1.0,1.0,0.79,Moderate,0.48837013983726496,48.83701398372649,1124
Cc1ccc(NS(=O)(=O)c2ccc(Cl)cc2)c(/N=C/c2cc(Cl)cc(Cl)c2O)c1,CHEMBL2063873,4.89,nM,13000.0,uM,13.0,4.886056647693163,Low Activity,True,469.77700000000016,6.212220000000004,78.76,2,4,5,3,1,Pass,5.318088,0.75,0.5,0.75,0.675,Moderate,0.37234902,0.897767398252352,0.5460628818221024,54.606288182210236,O=S(=O)(Nc1ccccc1N=Cc1ccccc1)c1ccccc1,0.05,29,3,2,5,0.55,Moderate Suitability,0.35000000000000003,0.85,0.595,Unfavourable,0.48804196310043335,48.80419631004334,1125
O=C(NCCN1CCCCC1)c1cc(Nc2ccccc2CN2CCCCC2)cc(C(=O)NCCN2CCCCC2)c1,CHEMBL4226951,5.39,nM,4100.0,uM,4.1,5.3872161432802645,Low Activity,True,574.8140000000003,4.847500000000005,79.95,3,6,12,5,1,Pass,5.250235,0.6,0.75,0.75,0.69,Moderate,0.36117572,0.897767398252352,0.5449762278742721,54.49762278742721,O=C(NCCN1CCCCC1)c1cc(Nc2ccccc2CN2CCCCC2)cc(C(=O)NCCN2CCCCC2)c1,0.5882352941176471,42,2,3,8,0.75,High Suitability,0.4000000000000001,0.55,0.6125,Moderate,0.4880216497182846,48.80216497182846,1126
CCO[C@@H]([C@H]1C[C@@H](C)[C@H]2[C@H](O1)[C@H](O)[C@@]1(C)[C@@H]3CC[C@H]4C(C)(C)[C@@H](O[C@H]5CN(CC6CN(CCOC)C6)CCO5)CC[C@@]45C[C@@]35CC[C@]21C)C(C)(C)O,CHEMBL3403825,7.07,nM,86.0,nM,86.0,7.0655015487564325,Highly Active,True,731.0719999999998,5.597500000000007,93.09000000000002,2,9,11,8,2,Fail,6.892221,0.35,0.19999999999999996,0.5,0.35,Unfavourable,0.6315601,0.897767398252352,0.5406684135146074,54.06684135146074,C1COC2CC3C(CCC45CC46CCC(OC4CN(CC7CNC7)CCO4)CC6CCC35)C2C1,1.0,52,0,2,9,0.2,Low Suitability,0.15000000000000002,0.4,0.2575,Unfavourable,0.4874830479621887,48.748304796218875,1127
Fc1ccc(Nc2nc(Cl)nc(Nc3cccc(C(F)(F)F)c3)n2)c(F)c1,CHEMBL4175196,4.75,nM,17850.0,uM,17.85,4.748361779551788,Low Activity,True,401.72600000000006,5.3092000000000015,62.730000000000004,2,5,4,3,1,Pass,4.914288,0.75,0.75,0.75,0.75,Moderate,0.30585563,0.897767398252352,0.5353161858267717,53.53161858267717,c1ccc(Nc2ncnc(Nc3ccccc3)n2)cc1,0.0625,27,3,2,5,0.8,High Suitability,0.35000000000000003,0.85,0.6950000000000001,Moderate,0.4864705945253372,48.64705945253372,1128
CNS(=O)(=O)c1cc(C(=O)O)c(NCc2ccco2)cc1Cl,CHEMBL4850080,4.28,nM,53010.0,uM,53.01,4.275642195773574,Low Activity,True,344.77600000000007,2.1513999999999998,108.64,3,5,6,2,0,Pass,3.9615974,1.0,0.7,1.0,0.9099999999999999,Favourable,0.14897692,0.897767398252352,0.5423768309302262,54.23768309302262,c1ccc(NCc2ccco2)cc1,0.15384615384615385,22,2,3,7,0.65,Moderate Suitability,1.0,1.0,0.8700000000000001,Favourable,0.48643730562925336,48.643730562925334,1129
CC1=NN(c2ccc(-n3c(-c4ccccc4)cc4ccccc43)cc2)C(=O)C1,CHEMBL3741747,4.71,nM,19600.0,uM,19.6,4.707743928643524,Low Activity,True,365.43600000000015,5.410100000000004,37.6,0,2,3,5,1,Pass,4.753223,0.75,0.75,0.75,0.75,Moderate,0.27933317,0.897767398252352,0.5220549570269517,52.205495702695174,O=C1CC=NN1c1ccc(-n2c(-c3ccccc3)cc3ccccc32)cc1,0.08333333333333333,28,4,0,4,0.8,High Suitability,0.55,0.85,0.7350000000000001,Moderate,0.48588325178623204,48.5883251786232,1130
CNS(=O)(=O)c1cc(C(=O)O)c(NCC2CCCO2)cc1Cl,CHEMBL4867846,,nM,136390.0,uM,136.39,3.865217470618145,Low Activity,True,348.8080000000001,1.5371999999999997,104.73,3,5,6,2,0,Pass,3.946266,1.0,0.7,1.0,0.9099999999999999,Favourable,0.14645225,0.897767398252352,0.5411144939608505,54.11144939608506,c1ccc(NCC2CCCO2)cc1,0.46153846153846156,22,1,3,7,0.65,Moderate Suitability,1.0,1.0,0.8700000000000001,Favourable,0.48504874092340466,48.504874092340465,1131
O=C(/C=C/c1ccc(O)cc1)N[C@@H](Cc1ccc(O)c(O)c1)C(=O)O,CHEMBL4127947,,nM,100000.0,uM,100.0,4.0,Low Activity,True,343.3350000000001,1.6286999999999998,127.09000000000002,5,5,6,2,0,Pass,4.2551274,1.0,0.49999999999999994,1.0,0.8500000000000001,Favourable,0.19731224,0.897767398252352,0.5485444878287248,54.85444878287248,O=C(C=Cc1ccccc1)NCCc1ccccc1,0.1111111111111111,25,2,5,7,0.45,Low Suitability,1.0,1.0,0.79,Moderate,0.48502172970771784,48.50217297077178,1132
CN(C)Cc1ccccc1Nc1cc(CNCCN2CCCCC2)cc(CNCCN2CCCCC2)c1,CHEMBL4226332,,nM,10000.0,uM,10.0,5.0,Low Activity,True,506.7830000000005,4.642800000000004,45.81,3,6,14,4,1,Pass,5.2113357,0.6,0.75,0.75,0.69,Moderate,0.35477018,0.897767398252352,0.5417734616942338,54.17734616942338,c1ccc(Nc2cc(CNCCN3CCCCC3)cc(CNCCN3CCCCC3)c2)cc1,0.6129032258064516,37,2,3,6,0.75,High Suitability,0.4000000000000001,0.55,0.6125,Moderate,0.4844985979795456,48.44985979795456,1133
COc1cc(/C=C/c2ccc(NCc3cc(NC(C)C)ccc3O)cc2)cc(OC)c1,CHEMBL2402063,4.74,nM,18350.0,uM,18.35,4.7363639314118915,Low Activity,True,418.53700000000015,6.012200000000006,62.75,3,5,9,3,1,Pass,4.8904457,0.75,0.75,0.75,0.75,Moderate,0.30192953,0.897767398252352,0.5333531366534165,53.33531366534166,C(=Cc1ccc(NCc2ccccc2)cc1)c1ccccc1,0.23076923076923078,31,3,3,5,0.8,High Suitability,0.35000000000000003,0.85,0.6950000000000001,Moderate,0.48431125235557554,48.43112523555755,1134
Cc1ccc(Nc2nc(Cl)nc(Nc3cccc(C(F)(F)F)c3)n2)cc1,CHEMBL4162346,4.68,nM,20720.0,uM,20.72,4.683610248926804,Low Activity,True,379.7730000000001,5.339420000000002,62.730000000000004,2,5,4,3,1,Pass,4.7351036,0.75,0.75,0.75,0.75,Moderate,0.27634948,0.897767398252352,0.5205631123728685,52.05631123728685,c1ccc(Nc2ncnc(Nc3ccccc3)n2)cc1,0.11764705882352941,26,3,2,5,0.8,High Suitability,0.55,0.85,0.7350000000000001,Moderate,0.484242216706276,48.424221670627595,1135
CCN(CCCCOc1ccc(C(=O)/C=C/c2ccc(N(C)C)cc2)c(O)c1)Cc1ccccc1,CHEMBL4850978,5.42,nM,3780.0,uM,3.78,5.422508200162775,Low Activity,True,472.62900000000025,6.035400000000007,53.010000000000005,1,5,13,3,1,Pass,5.534329,0.6,0.5,0.75,0.615,Moderate,0.4079572,0.897767398252352,0.5458669680304459,54.58669680304459,O=C(C=Cc1ccccc1)c1ccc(OCCCCNCc2ccccc2)cc1,0.3,35,3,1,5,0.55,Moderate Suitability,0.35000000000000003,0.65,0.5275000000000001,Unfavourable,0.4840014698505402,48.40014698505402,1136
O=C(/C=C/c1ccc(O)c(O)c1)N[C@@H](Cc1ccc(O)cc1)C(=O)O,CHEMBL4126715,4.06,nM,87800.0,uM,87.8,4.056505484093897,Low Activity,True,343.33500000000004,1.6286999999999996,127.09000000000002,5,5,6,2,0,Pass,4.243127,1.0,0.49999999999999994,1.0,0.8500000000000001,Favourable,0.1953361,0.897767398252352,0.5475564216322831,54.755642163228316,O=C(C=Cc1ccccc1)NCCc1ccccc1,0.1111111111111111,25,2,5,7,0.45,Low Suitability,1.0,1.0,0.79,Moderate,0.4839348613619804,48.393486136198035,1137
C[C@@H]1C[C@@]23C[C@H]4C(C)(C)[C@@]5(C[C@]4(CN2C1=O)N(C)C3=O)C(=O)Nc1cc2c(cc15)OC(C)(C)C=CO2,CHEMBL3741529,,nM,300000.0,uM,300.0,3.5228787452803374,Low Activity,True,491.58800000000025,3.2078000000000015,88.18,1,5,0,8,0,Pass,4.123432,1.0,0.75,1.0,0.925,Favourable,0.1756261,0.897767398252352,0.5602014194674424,56.02014194674424,O=C1CCC23CC4CC5(CC4(CN12)NC3=O)C(=O)Nc1cc2c(cc15)OCC=CO2,0.6071428571428571,36,1,1,8,0.75,High Suitability,0.6000000000000001,1.0,0.8200000000000001,Favourable,0.48359435600042344,48.359435600042346,1138
CN(C)c1ccc(/C=C/c2cc(Br)cc(/C=C/c3ccc(N(C)C)cc3)c2)cc1,CHEMBL245478,,nM,20000.0,uM,20.0,4.698970004336019,Low Activity,True,447.42000000000013,6.921900000000007,6.48,0,2,6,3,1,Pass,4.8729386,0.75,0.75,0.75,0.75,Moderate,0.29904664,0.897767398252352,0.5319116877264909,53.19116877264909,C(=Cc1cccc(C=Cc2ccccc2)c1)c1ccccc1,0.15384615384615385,29,3,0,2,0.8,High Suitability,0.35000000000000003,0.85,0.6950000000000001,Moderate,0.4827256495952606,48.27256495952606,1139
CN1CCN(Cc2ccccc2Nc2cc(C(=O)NCCN3CCCCC3)cc(C(=O)NCCN3CCCCC3)c2)CC1,CHEMBL4225384,,nM,10000.0,uM,10.0,5.0,Low Activity,True,589.8290000000002,3.6090000000000035,83.19,3,7,12,5,1,Pass,5.185595,0.6,0.75,0.75,0.69,Moderate,0.35053152,0.897767398252352,0.5396541291422776,53.96541291422776,O=C(NCCN1CCCCC1)c1cc(Nc2ccccc2CN2CCNCC2)cc(C(=O)NCCN2CCCCC2)c1,0.5882352941176471,43,2,3,9,0.75,High Suitability,0.4000000000000001,0.55,0.6125,Moderate,0.4821673411130905,48.21673411130905,1140
COc1cc(/C=C/c2cc(/C=C/c3ccc(O)c(OC)c3)n(-c3ccc(Cl)nn3)n2)ccc1O,CHEMBL5200280,,nM,1000.0,nM,1000.0,6.0,Moderately Active,True,476.92000000000013,5.084900000000005,102.52000000000001,2,7,7,4,1,Pass,5.755009,0.75,0.19999999999999996,0.75,0.585,Unfavourable,0.44429642,0.897767398252352,0.5550365797228746,55.503657972287456,C(=Cc1cc(C=Cc2ccccc2)n(-c2cccnn2)n1)c1ccccc1,0.08,34,4,2,8,0.2,Low Suitability,0.35000000000000003,0.85,0.465,Unfavourable,0.4821130397319794,48.211303973197936,1141
CCN(CC)Cc1cc(NCCN2CCCCC2)cc(Nc2ccnc3cc(Cl)ccc23)c1,CHEMBL451753,5.00,nM,10000.0,uM,10.0,5.0,Low Activity,True,466.07300000000004,6.371400000000007,43.43,2,5,10,4,1,Pass,5.251587,0.75,0.5,0.75,0.675,Moderate,0.36139834,0.897767398252352,0.5405875395483903,54.058753954839034,c1cc(NCCN2CCCCC2)cc(Nc2ccnc3ccccc23)c1,0.4444444444444444,33,3,2,5,0.55,Moderate Suitability,0.35000000000000003,0.85,0.595,Unfavourable,0.48201909255981445,48.20190925598145,1142
O=S(=O)([O-])c1cc(S(=O)(=O)[O-])c2c(/N=N/c3ccccc3)c(O)ccc2c1.[Na+].[Na+],CHEMBL410263,5.06,nM,8700.0,uM,8.7,5.060480747381382,Low Activity,True,452.37700000000007,-3.222999999999998,159.35,1,9,4,3,0,Pass,5.0580945,0.65,0.44999999999999996,1.0,0.6950000000000001,Moderate,0.32953614,0.897767398252352,0.5681564398951463,56.81564398951463,c1ccc(N=Nc2cccc3ccccc23)cc1,0.0,29,3,1,9,0.2,Low Suitability,0.8,0.8,0.5725,Unfavourable,0.48161987996101374,48.161987996101374,1143
O=C(O)C1(c2ccc(-c3ccc(OC4CCC(C(F)(F)F)CC4)cc3)c(F)c2)CC1,CHEMBL436483,4.75,nM,17700.0,uM,17.7,4.752026733638194,Low Activity,True,422.4180000000002,6.108800000000004,46.53,1,2,5,4,1,Pass,4.859947,0.75,0.75,0.75,0.75,Moderate,0.29690737,0.897767398252352,0.5308420525736741,53.084205257367415,c1cc(-c2ccc(C3CC3)cc2)ccc1OC1CCCCC1,0.43478260869565216,30,2,1,3,0.8,High Suitability,0.35000000000000003,0.85,0.6950000000000001,Moderate,0.4815490539073944,48.15490539073944,1144
CC(C(=O)NCCCNCCCNC1=CC(=O)c2ccccc2C1=O)c1ccc(-c2ccccc2)c(F)c1,CHEMBL3087683,5.16,nM,6880.0,uM,6.88,5.162411561764489,Low Activity,True,513.6130000000002,4.6349000000000045,87.30000000000001,3,5,12,4,1,Pass,5.176046,0.6,0.75,0.75,0.69,Moderate,0.3489591,0.897767398252352,0.5388679140753678,53.88679140753678,O=C(Cc1ccc(-c2ccccc2)cc1)NCCCNCCCNC1=CC(=O)c2ccccc2C1=O,0.25806451612903225,38,3,3,6,0.75,High Suitability,0.4000000000000001,0.55,0.6125,Moderate,0.481302507519722,48.1302507519722,1145
CCN(CCCOc1ccc(C(=O)/C=C/c2ccc(N(C)C)cc2)c(O)c1)Cc1ccccc1,CHEMBL4854252,5.78,nM,1680.0,uM,1.68,5.774690718274137,Low Activity,True,458.6020000000002,5.645300000000007,53.010000000000005,1,5,12,3,1,Pass,5.5039945,0.6,0.5,0.75,0.615,Moderate,0.4029621,0.897767398252352,0.5433694142050676,54.336941420506754,O=C(C=Cc1ccccc1)c1ccc(OCCCNCc2ccccc2)cc1,0.27586206896551724,34,3,1,5,0.55,Moderate Suitability,0.35000000000000003,0.65,0.5275000000000001,Unfavourable,0.4812541576623917,48.12541576623917,1146
CC(C)(C)OC(=O)N[C@H](CNc1c(N[C@@H](Cc2ccccc2)C(=O)O)c(=O)c1=O)Cc1ccccc1,CHEMBL5434119,4.84,nM,14600.0,uM,14.6,4.835647144215563,Low Activity,True,493.56000000000023,2.938300000000001,133.83,4,7,11,3,0,Pass,5.00672,0.85,0.24999999999999994,1.0,0.7150000000000001,Moderate,0.32107633,0.897767398252352,0.5699265366740159,56.99265366740159,O=c1c(NCCCc2ccccc2)c(NCCc2ccccc2)c1=O,0.3333333333333333,36,3,4,9,0.2,Low Suitability,0.8,0.8,0.5825,Unfavourable,0.48046699237823487,48.04669923782349,1147
CCC[C@H](C(N)=O)[C@@H](CC(C)C)C(=O)N[C@H]1CCCCN(Cc2cccc(Nc3ccc(OC)cc3)c2)C1=O,CHEMBL274414,6.80,nM,160.0,nM,160.0,6.795880017344075,Moderately Active,True,536.7170000000003,5.000000000000004,113.75999999999999,3,5,13,3,2,Fail,6.8104005,0.35,0.19999999999999996,0.5,0.35,Unfavourable,0.6180868,0.897767398252352,0.5339317773528032,53.39317773528032,O=C1CCCCCN1Cc1cccc(Nc2ccccc2)c1,0.5161290322580645,39,2,4,8,0.2,Low Suitability,0.15000000000000002,0.4,0.2575,Unfavourable,0.48007276010513306,48.00727601051331,1148
Cc1ccc(NCC[C@@H]2CCCN3CCCC[C@H]23)c2c(=O)c3ccccc3oc12,CHEMBL5290033,4.89,nM,13000.0,uM,13.0,4.886056647693163,Low Activity,True,390.5270000000001,5.321120000000005,45.480000000000004,1,4,4,5,1,Pass,4.6867423,0.75,0.75,0.75,0.75,Moderate,0.2683859,0.897767398252352,0.5165813134856156,51.65813134856157,O=c1c2ccccc2oc2cccc(NCCC3CCCN4CCCCC34)c12,0.48,29,3,1,4,0.8,High Suitability,0.55,0.85,0.7350000000000001,Moderate,0.4798622438907624,47.986224389076234,1149
Cc1ccc2oc(=O)c(C(=O)NCCCCCCNc3c4c(nc5ccccc35)CCCC4)cc2c1,CHEMBL3326707,5.30,nM,5000.0,uM,5.0,5.301029995663981,Low Activity,True,483.61200000000025,5.930720000000005,84.23,2,5,9,5,1,Pass,5.2205877,0.75,0.5,0.75,0.675,Moderate,0.35629374,0.897767398252352,0.5380352388567857,53.80352388567857,O=C(NCCCCCCNc1c2c(nc3ccccc13)CCCC2)c1cc2ccccc2oc1=O,0.36666666666666664,36,4,2,6,0.55,Moderate Suitability,0.35000000000000003,0.85,0.595,Unfavourable,0.4792115647792816,47.921156477928164,1150
O=C(CCN1CCC2c3ccccc3NC2C1)Oc1ccc(/C=C2\CCn3c2nc2ccccc2c3=O)cc1,CHEMBL4755968,4.71,nM,19710.0,uM,19.71,4.705313375720557,Low Activity,True,518.6170000000004,4.919900000000005,76.46000000000001,1,6,5,7,1,Pass,4.886412,0.75,0.75,0.75,0.75,Moderate,0.30126536,0.897767398252352,0.5330210493750505,53.30210493750505,O=C(CCN1CCC2c3ccccc3NC2C1)Oc1ccc(C=C2CCn3c2nc2ccccc2c3=O)cc1,0.28125,39,4,1,7,0.75,High Suitability,0.4000000000000001,0.75,0.6800000000000002,Moderate,0.47869595038890844,47.86959503889084,1151
O=C(NCCN1CCCCC1)c1cc(Nc2ccccc2CN2CCOCC2)cc(C(=O)NCCN2CCCCC2)c1,CHEMBL4226684,,nM,10000.0,uM,10.0,5.0,Low Activity,True,576.7860000000003,3.693800000000002,89.17999999999999,3,7,12,5,1,Pass,5.1464205,0.6,0.75,0.75,0.69,Moderate,0.3440807,0.897767398252352,0.5364287131972245,53.64287131972245,O=C(NCCN1CCCCC1)c1cc(Nc2ccccc2CN2CCOCC2)cc(C(=O)NCCN2CCCCC2)c1,0.5757575757575758,42,2,3,9,0.75,High Suitability,0.4000000000000001,0.55,0.6125,Moderate,0.4786193746328354,47.86193746328354,1152
O=C(CN1CCN(CC(=O)Nc2n[nH]c3ncccc23)CC1)Nc1n[nH]c2ncccc12,CHEMBL4444093,4.75,nM,17890.0,uM,17.89,4.747389659432627,Low Activity,True,434.4640000000002,0.42400000000000115,147.82,4,8,6,5,0,Pass,4.9460726,0.65,0.49999999999999994,1.0,0.71,Moderate,0.31108958,0.897767398252352,0.5634331575579575,56.34331575579575,O=C(CN1CCN(CC(=O)Nc2n[nH]c3ncccc23)CC1)Nc1n[nH]c2ncccc12,0.3,32,4,4,12,0.25,Low Suitability,0.8,0.8,0.5925,Unfavourable,0.47847427535057063,47.847427535057065,1153
O=C(O)c1cc(S(=O)(=O)NC2CCCCC2)c(Cl)cc1NCc1ccco1,CHEMBL4848555,,nM,115520.0,uM,115.52,3.937342819774436,Low Activity,True,412.8950000000001,3.854300000000002,108.64,3,5,7,3,0,Pass,4.180755,1.0,0.7,1.0,0.9099999999999999,Favourable,0.18506539,0.897767398252352,0.5604210642523697,56.04210642523697,O=S(=O)(NC1CCCCC1)c1ccc(NCc2ccco2)cc1,0.3888888888888889,27,2,3,7,0.65,Moderate Suitability,0.6000000000000001,1.0,0.79,Moderate,0.4782859652638435,47.828596526384345,1154
CN1CCN(Cc2ccccc2Nc2cc(CNCCN3CCCCC3)cc(CNCCN3CCCCC3)c2)CC1,CHEMBL4226959,,nM,10000.0,uM,10.0,5.0,Low Activity,True,561.8630000000004,4.328600000000004,49.050000000000004,3,7,14,5,1,Pass,5.1388535,0.6,0.75,0.75,0.69,Moderate,0.34283465,0.897767398252352,0.5358056956477097,53.580569564770975,c1ccc(Nc2cc(CNCCN3CCCCC3)cc(CNCCN3CCCCC3)c2)c(CN2CCNCC2)c1,0.6470588235294118,41,2,3,7,0.75,High Suitability,0.4000000000000001,0.55,0.6125,Moderate,0.47793405532836913,47.793405532836914,1155
CC(C(=O)OC(C)(C)C)c1ccc(-c2cc(Cl)cc(Cl)c2)c(F)c1,CHEMBL194020,4.70,nM,20000.0,uM,20.0,4.698970004336019,Low Activity,True,369.26300000000003,6.2447000000000035,26.3,0,2,3,2,1,Pass,4.6614976,0.75,0.75,0.75,0.75,Moderate,0.26422882,0.897767398252352,0.5145027803130082,51.450278031300826,c1ccc(-c2ccccc2)cc1,0.3157894736842105,24,2,0,2,0.8,High Suitability,0.55,0.85,0.7350000000000001,Moderate,0.47757585442066197,47.757585442066194,1156
O=C(/C=C/c1ccc(O)cc1)N[C@@H](Cc1ccc(O)cc1)C(=O)O,CHEMBL4129983,,nM,100000.0,uM,100.0,4.0,Low Activity,True,327.33600000000007,1.9230999999999998,106.86,4,4,6,2,0,Pass,4.1714044,1.0,0.49999999999999994,1.0,0.8500000000000001,Favourable,0.18352562,0.897767398252352,0.5416511808581285,54.16511808581285,O=C(C=Cc1ccccc1)NCCc1ccccc1,0.1111111111111111,24,2,4,6,0.45,Low Suitability,1.0,1.0,0.79,Moderate,0.47743909502029414,47.74390950202941,1157
CC1(C)CC(Oc2ccc(-c3ccc(C4(C(=O)O)CC4)cc3F)cc2)CC(C)(C)C1,CHEMBL197140,4.96,nM,11000.0,uM,11.0,4.958607314841775,Low Activity,True,410.5290000000002,6.592600000000005,46.53,1,2,5,4,1,Pass,4.802991,0.75,0.75,0.75,0.75,Moderate,0.28752846,0.897767398252352,0.5261525975413255,52.61525975413255,c1cc(-c2ccc(C3CC3)cc2)ccc1OC1CCCCC1,0.5,30,2,1,3,0.8,High Suitability,0.35000000000000003,0.85,0.6950000000000001,Moderate,0.47639065933227537,47.639065933227535,1158
O=c1c(O)c(-c2ccc(O)cc2)oc2cc(O)cc(O)c12,CHEMBL150,4.12,nM,75100.0,uM,75.1,4.124360062995832,Low Activity,True,286.23900000000003,2.2824000000000004,111.13000000000001,4,6,1,3,0,Pass,4.157274,1.0,0.49999999999999994,1.0,0.8500000000000001,Favourable,0.18119878,0.897767398252352,0.5404877577967576,54.048775779675765,O=c1cc(-c2ccccc2)oc2ccccc12,0.0,21,3,4,6,0.45,Low Suitability,1.0,1.0,0.79,Moderate,0.4761593311429023,47.61593311429023,1159
c1ccc(Nc2cc(CNCCN3CCCCC3)cc(CNCCN3CCCCC3)c2)c(CN2CCOCC2)c1,CHEMBL4225563,5.18,nM,6600.0,uM,6.6,5.180456064458131,Low Activity,True,548.8200000000004,4.413400000000004,55.040000000000006,3,7,14,5,1,Pass,5.118839,0.6,0.75,0.75,0.69,Moderate,0.3395388,0.897767398252352,0.5341577762312821,53.415777623128214,c1ccc(Nc2cc(CNCCN3CCCCC3)cc(CNCCN3CCCCC3)c2)c(CN2CCOCC2)c1,0.6363636363636364,40,2,3,7,0.75,High Suitability,0.4000000000000001,0.55,0.6125,Moderate,0.47612134397029876,47.61213439702988,1160
Cc1ccc2oc(=O)c(C(=O)NCCCCCCCNc3c4c(nc5ccccc35)CCCC4)cc2c1,CHEMBL3327247,5.21,nM,6100.0,uM,6.1,5.214670164989233,Low Activity,True,497.6390000000003,6.3208200000000065,84.23,2,5,10,5,1,Pass,5.1766644,0.75,0.5,0.75,0.675,Moderate,0.3490609,0.897767398252352,0.5344188164420061,53.441881644200606,O=C(NCCCCCCCNc1c2c(nc3ccccc13)CCCC2)c1cc2ccccc2oc1=O,0.3870967741935484,37,4,2,6,0.55,Moderate Suitability,0.35000000000000003,0.85,0.595,Unfavourable,0.4752334911823273,47.52334911823273,1161
CN(C)Cc1ccccc1-c1cc(C(=O)NCCN2CCCCC2)cc(C(=O)NCCN2CCCCC2)c1,CHEMBL4226641,,nM,10000.0,uM,10.0,5.0,Low Activity,True,519.7340000000006,3.846600000000003,67.92,2,5,11,4,1,Pass,5.1073456,0.6,0.75,0.75,0.69,Moderate,0.33764625,0.897767398252352,0.533211492890828,53.321149289082804,O=C(NCCN1CCCCC1)c1cc(C(=O)NCCN2CCCCC2)cc(-c2ccccc2)c1,0.5483870967741935,38,2,2,7,0.75,High Suitability,0.4000000000000001,0.55,0.6125,Moderate,0.4750804382562637,47.50804382562637,1162
O=C(NCCN1CCCCC1)c1cc(C(=O)NCCN2CCCCC2)cc(-c2ccccc2CN2CCCCC2)c1,CHEMBL4228998,5.21,nM,6200.0,uM,6.2,5.207608310501746,Low Activity,True,559.7990000000003,4.770900000000004,67.92,2,5,11,5,1,Pass,5.105907,0.6,0.75,0.75,0.69,Moderate,0.33740938,0.897767398252352,0.5330930584616593,53.309305846165934,O=C(NCCN1CCCCC1)c1cc(C(=O)NCCN2CCCCC2)cc(-c2ccccc2CN2CCCCC2)c1,0.5882352941176471,41,2,2,7,0.75,High Suitability,0.4000000000000001,0.55,0.6125,Moderate,0.4749501574039459,47.49501574039459,1163
CC1=CC[C@@H]2[C@@]3(C)[C@@H](O)CC(=O)OC(C)(C)[C@@H]3CC[C@@]2(C)[C@]12Cc1c(c(C)c(C)oc1=O)O2,CHEMBL3741111,,nM,300000.0,uM,300.0,3.5228787452803374,Low Activity,True,456.57900000000035,4.405540000000004,85.97000000000001,1,6,0,5,0,Pass,4.0103188,1.0,0.75,1.0,0.925,Favourable,0.15699983,0.897767398252352,0.5508882831282548,55.08882831282548,O=C1CCC2C(CCC3C2CC=CC32Cc3c(ccoc3=O)O2)CO1,0.7037037037037037,33,1,1,6,0.75,High Suitability,0.6000000000000001,1.0,0.8200000000000001,Favourable,0.47334990453720094,47.334990453720096,1164
O=c1c(O)c(-c2ccccc2)oc2cc(O)cc(O)c12,CHEMBL309490,,nM,500000.0,uM,500.0,3.3010299956639813,Low Activity,True,270.24,2.576800000000001,90.9,3,5,1,3,0,Pass,3.8067849,1.0,0.7,1.0,0.9099999999999999,Favourable,0.123484075,0.897767398252352,0.5296304074473313,52.96304074473313,O=c1cc(-c2ccccc2)oc2ccccc12,0.0,20,3,3,5,0.65,Moderate Suitability,1.0,1.0,0.8700000000000001,Favourable,0.47241624426841733,47.24162442684173,1165
CC1=NN(c2ccc(N(c3ccccc3)c3ccccc3)cc2)C(=O)C1,CHEMBL3739861,,nM,50000.0,uM,50.0,4.301029995663981,Low Activity,True,341.4140000000001,5.269000000000004,35.91,0,3,4,4,1,Pass,4.603281,0.75,0.75,0.75,0.75,Moderate,0.25464237,0.897767398252352,0.5097095535941056,50.97095535941057,O=C1CC=NN1c1ccc(N(c2ccccc2)c2ccccc2)cc1,0.09090909090909091,26,3,0,4,0.8,High Suitability,0.55,0.85,0.7350000000000001,Moderate,0.4723033020496369,47.230330204963686,1166
COc1cc(/C=C/c2cccc(/C=C/c3ccc(N4CCCC4)c(OC)c3)c2)ccc1N1CCCC1,CHEMBL248339,,nM,20000.0,uM,20.0,4.698970004336019,Low Activity,True,480.65200000000044,7.245000000000008,24.940000000000005,0,4,8,5,1,Pass,5.1433196,0.75,0.5,0.75,0.675,Moderate,0.34357005,0.897767398252352,0.5316733967013292,53.16733967013292,C(=Cc1cccc(C=Cc2ccc(N3CCCC3)cc2)c1)c1ccc(N2CCCC2)cc1,0.3125,36,3,0,4,0.55,Moderate Suitability,0.35000000000000003,0.85,0.595,Unfavourable,0.47221353244781494,47.2213532447815,1167
O[C@H]1[C@H](O)[C@@H](O)[C@H](O)[C@@H](O)[C@@H]1O,CHEMBL468154,4.00,nM,100000.0,uM,100.0,4.0,Low Activity,True,180.156,-3.8346000000000005,121.38000000000001,6,6,0,1,1,Pass,4.5414567,1.0,0.49999999999999994,0.75,0.775,Moderate,0.24446183,0.897767398252352,0.5121192871279648,51.211928712796485,C1CCCCC1,1.0,12,0,6,6,0.25,Low Suitability,1.0,1.0,0.7500000000000001,Moderate,0.4719540119171143,47.195401191711426,1168
Clc1ccc2c(Nc3cc(CN4CCOCC4)cc(NCCN4CCCCC4)c3)ccnc2c1,CHEMBL4227472,5.60,nM,2500.0,uM,2.5,5.6020599913279625,Low Activity,True,480.05600000000027,5.361800000000005,52.660000000000004,2,6,8,5,1,Pass,5.130478,0.75,0.5,0.75,0.675,Moderate,0.3414554,0.897767398252352,0.5306160699076585,53.06160699076585,c1ccc2c(Nc3cc(CN4CCOCC4)cc(NCCN4CCCCC4)c3)ccnc2c1,0.4444444444444444,34,3,2,6,0.55,Moderate Suitability,0.35000000000000003,0.85,0.595,Unfavourable,0.47105046701431275,47.10504670143128,1169
C/C(=C\Cc1c(O)cc(C)c(C(=O)O)c1O)CCCC1=C/C(=C\C(C)(C)O)OC1=O,CHEMBL4846858,4.29,nM,51400.0,uM,51.4,4.289036881004725,Low Activity,True,416.4700000000002,3.9015200000000028,124.29000000000002,4,6,8,2,0,Pass,4.3965163,1.0,0.49999999999999994,1.0,0.8500000000000001,Favourable,0.22059458,0.897767398252352,0.5601856623835496,56.018566238354964,C=C1C=C(CCCC=CCc2ccccc2)C(=O)O1,0.391304347826087,30,1,4,7,0.45,Low Suitability,0.6000000000000001,1.0,0.71,Moderate,0.4698270276784896,46.98270276784896,1170
O=c1c(O)c(-c2cc(O)c(O)c(O)c2)oc2cc(O)cc(O)c12,CHEMBL164,,nM,3000.0,uM,3.0,5.522878745280337,Low Activity,True,318.237,1.6935999999999998,151.59,6,8,1,3,1,Pass,4.8131595,0.65,0.49999999999999994,0.75,0.635,Moderate,0.28920287,0.897767398252352,0.49248980438184065,49.24898043818406,O=c1cc(-c2ccccc2)oc2ccccc12,0.0,23,3,6,8,0.45,Low Suitability,1.0,0.8,0.6725,Moderate,0.4694365808963776,46.94365808963776,1171
CC(C(=O)O)c1ccc(-c2ccc(-c3ccc(O)cc3)cc2)c(F)c1,CHEMBL197202,4.46,nM,35000.0,uM,35.0,4.455931955649724,Low Activity,True,336.362,5.053400000000004,57.53,2,2,4,3,1,Pass,4.5712767,0.75,0.75,0.75,0.75,Moderate,0.24937224,0.897767398252352,0.5070744918532304,50.70744918532304,c1ccc(-c2ccc(-c3ccccc3)cc2)cc1,0.09523809523809523,25,3,2,3,0.8,High Suitability,0.55,0.85,0.7350000000000001,Moderate,0.46940474307537083,46.94047430753708,1172
Cc1ccc(NCCCSC[C@@H]2CCCN3CCCC[C@H]23)c2c(=O)c3ccccc3sc12,CHEMBL5422760,5.37,nM,4300.0,uM,4.3,5.366531544420413,Low Activity,True,466.71600000000024,6.5228200000000065,32.34,1,5,7,5,1,Pass,5.1056347,0.75,0.5,0.75,0.675,Moderate,0.3373645,0.897767398252352,0.5285706173129014,52.857061731290145,O=c1c2ccccc2sc2cccc(NCCCSCC3CCCN4CCCCC34)c12,0.5185185185185185,32,3,1,3,0.55,Moderate Suitability,0.35000000000000003,0.85,0.595,Unfavourable,0.4688004810810089,46.880048108100894,1173
COc1cc(/C=C/C(=O)N2CCC[C@H]2C(=O)NCCOc2ccccc2)ccc1OCc1ccccc1,CHEMBL4877129,5.07,nM,8590.0,uM,8.59,5.066006836168757,Low Activity,True,500.5950000000002,4.473600000000003,77.10000000000001,1,5,11,4,1,Pass,5.0347004,0.6,0.75,0.75,0.69,Moderate,0.32568383,0.897767398252352,0.5272302859969071,52.723028599690714,O=C(NCCOc1ccccc1)C1CCCN1C(=O)C=Cc1ccc(OCc2ccccc2)cc1,0.26666666666666666,37,3,1,7,0.75,High Suitability,0.4000000000000001,0.55,0.6125,Moderate,0.468501113653183,46.8501113653183,1174
COc1cc(/C=C/C(=O)N2CCC[C@@H]2C(=O)NCCOc2ccccc2)ccc1OCc1ccccc1,CHEMBL4877271,4.77,nM,16830.0,uM,16.83,4.773915884024176,Low Activity,True,500.5950000000002,4.473600000000003,77.10000000000001,1,5,11,4,1,Pass,5.0347004,0.6,0.75,0.75,0.69,Moderate,0.32568383,0.897767398252352,0.5272302859969071,52.723028599690714,O=C(NCCOc1ccccc1)C1CCCN1C(=O)C=Cc1ccc(OCc2ccccc2)cc1,0.26666666666666666,37,3,1,7,0.75,High Suitability,0.4000000000000001,0.55,0.6125,Moderate,0.468501113653183,46.8501113653183,1175
CN1CCN(Cc2ccccc2-c2cc(CNCCN3CCCCC3)cc(CNCCN3CCCCC3)c2)CC1,CHEMBL4226530,,nM,10000.0,uM,10.0,5.0,Low Activity,True,546.8480000000004,4.252000000000004,37.02,2,6,13,5,1,Pass,5.0331354,0.6,0.75,0.75,0.69,Moderate,0.3254261,0.897767398252352,0.5271014207549027,52.710142075490275,c1ccc(-c2cc(CNCCN3CCCCC3)cc(CNCCN3CCCCC3)c2)c(CN2CCNCC2)c1,0.6470588235294118,40,2,2,6,0.75,High Suitability,0.4000000000000001,0.55,0.6125,Moderate,0.4683593589067459,46.83593589067459,1176
Cc1ccc(NCCC[C@@H]2CCCN3CCCC[C@H]23)c2c(=O)c3ccccc3oc12,CHEMBL5438801,4.89,nM,13000.0,uM,13.0,4.886056647693163,Low Activity,True,404.55400000000014,5.711220000000006,45.480000000000004,1,4,5,5,1,Pass,4.7124023,0.75,0.75,0.75,0.75,Moderate,0.27261126,0.897767398252352,0.5186940001196794,51.86940001196794,O=c1c2ccccc2oc2cccc(NCCCC3CCCN4CCCCC34)c12,0.5,30,3,1,4,0.8,High Suitability,0.35000000000000003,0.85,0.6950000000000001,Moderate,0.4681861991882324,46.81861991882324,1177
CN1CCN(Cc2ccccc2-c2cc(C(=O)NCCN3CCCCC3)cc(C(=O)NCCN3CCCCC3)c2)CC1,CHEMBL4226598,,nM,10000.0,uM,10.0,5.0,Low Activity,True,574.8140000000003,3.5324000000000026,71.16,2,6,11,5,1,Pass,5.0301023,0.6,0.75,0.75,0.69,Moderate,0.32492667,0.897767398252352,0.5268517070956162,52.685170709561625,O=C(NCCN1CCCCC1)c1cc(C(=O)NCCN2CCCCC2)cc(-c2ccccc2CN2CCNCC2)c1,0.5882352941176471,42,2,2,8,0.75,High Suitability,0.4000000000000001,0.55,0.6125,Moderate,0.4680846709012985,46.80846709012985,1178
COc1ccc(CNC(=O)[C@@H]2CCCN2C(=O)/C=C/c2ccc(OCc3ccccc3)c(OC)c2)cc1,CHEMBL4856483,4.72,nM,19240.0,uM,19.24,4.715794932298206,Low Activity,True,500.5950000000002,4.603400000000004,77.10000000000001,1,5,10,4,1,Pass,4.769007,0.75,0.75,0.75,0.75,Moderate,0.28193235,0.897767398252352,0.5233545468993119,52.3354546899312,O=C(NCc1ccccc1)C1CCCN1C(=O)C=Cc1ccc(OCc2ccccc2)cc1,0.26666666666666666,37,3,1,7,0.75,High Suitability,0.4000000000000001,0.75,0.6800000000000002,Moderate,0.4680627946853638,46.80627946853638,1179
CC(C(=O)O)c1ccc(-c2ccc(C3CCCCC3)cc2)c(F)c1,CHEMBL264006,4.68,nM,21000.0,uM,21.0,4.6777807052660805,Low Activity,True,326.41099999999994,5.728500000000004,37.3,1,1,4,3,1,Pass,4.5557995,0.75,0.75,0.75,0.75,Moderate,0.24682361,0.897767398252352,0.5058001743502549,50.580017435025496,c1ccc(-c2ccc(C3CCCCC3)cc2)cc1,0.38095238095238093,24,2,1,2,0.8,High Suitability,0.55,0.85,0.7350000000000001,Moderate,0.4680029908418656,46.800299084186555,1180
COc1ccc(C(=O)/C=C/c2cc(Br)c(OCc3ccccc3)c(OC)c2)c(O)c1,CHEMBL2408095,4.90,nM,12500.0,uM,12.5,4.903089986991944,Low Activity,True,469.33100000000024,5.647000000000005,64.99000000000001,1,5,8,3,1,Pass,5.0919614,0.75,0.5,0.75,0.675,Moderate,0.33511293,0.897767398252352,0.5274448345847063,52.744483458470626,O=C(C=Cc1ccc(OCc2ccccc2)cc1)c1ccccc1,0.125,30,3,1,5,0.55,Moderate Suitability,0.35000000000000003,0.85,0.595,Unfavourable,0.4675621200799942,46.75621200799942,1181
CN1CCC(c2c[nH]c3cc(Nc4ccc5[nH]cc(C6CCN(C)CC6)c5c4)ccc23)CC1,CHEMBL4096474,4.82,nM,15300.0,uM,15.3,4.815308569182402,Low Activity,True,441.6230000000004,6.011200000000005,50.09,3,3,4,6,1,Pass,4.7050395,0.75,0.75,0.75,0.75,Moderate,0.27139884,0.897767398252352,0.5180877910799913,51.80877910799913,c1cc2c(C3CCNCC3)c[nH]c2cc1Nc1ccc2[nH]cc(C3CCNCC3)c2c1,0.42857142857142855,33,4,3,5,0.8,High Suitability,0.35000000000000003,0.85,0.6950000000000001,Moderate,0.4675193722248077,46.75193722248077,1182
C/C(=C\Cc1c(O)cc(C)c(C(=O)O)c1O)CC/C=C(\C)CC[C@H](O)C(C)(C)O,CHEMBL4871044,4.27,nM,53300.0,uM,53.3,4.273272790973428,Low Activity,True,406.5190000000002,4.231720000000004,118.22000000000001,5,5,10,1,0,Pass,4.3633494,1.0,0.49999999999999994,1.0,0.8500000000000001,Favourable,0.21513307,0.897767398252352,0.5574549053854875,55.74549053854875,c1ccccc1,0.5217391304347826,29,1,5,6,0.45,Low Suitability,0.6000000000000001,1.0,0.71,Moderate,0.466823192000389,46.682319200038904,1183
c1ccc(-c2cc(CNCCN3CCCCC3)cc(CNCCN3CCCCC3)c2)c(CN2CCOCC2)c1,CHEMBL4227244,,nM,10000.0,uM,10.0,5.0,Low Activity,True,533.8050000000004,4.336800000000004,43.010000000000005,2,6,13,5,1,Pass,5.0121856,0.6,0.75,0.75,0.69,Moderate,0.3219763,0.897767398252352,0.5253765219397477,52.53765219397477,c1ccc(-c2cc(CNCCN3CCCCC3)cc(CNCCN3CCCCC3)c2)c(CN2CCOCC2)c1,0.6363636363636364,39,2,2,6,0.75,High Suitability,0.4000000000000001,0.55,0.6125,Moderate,0.4664619642496109,46.64619642496109,1184
O=C(NCCN1CCCCC1)c1cc(C(=O)NCCN2CCCCC2)cc(-c2ccccc2CN2CCOCC2)c1,CHEMBL4226906,,nM,10000.0,uM,10.0,5.0,Low Activity,True,561.7710000000003,3.617200000000002,77.15,2,6,11,5,1,Pass,5.0085053,0.6,0.75,0.75,0.69,Moderate,0.3213703,0.897767398252352,0.525073521728032,52.5073521728032,O=C(NCCN1CCCCC1)c1cc(C(=O)NCCN2CCCCC2)cc(-c2ccccc2CN2CCOCC2)c1,0.5757575757575758,41,2,2,8,0.75,High Suitability,0.4000000000000001,0.55,0.6125,Moderate,0.4661286699771881,46.61286699771881,1185
CN(C)c1ccc(/C=C/c2cc(I)cc(/C=C/c3ccc(N(C)C)cc3)c2)cc1,CHEMBL245479,,nM,20000.0,uM,20.0,4.698970004336019,Low Activity,True,494.42000000000013,6.7640000000000065,6.48,0,2,6,3,1,Pass,5.067895,0.75,0.5,0.75,0.675,Moderate,0.33114994,0.897767398252352,0.5254633377737932,52.54633377737932,C(=Cc1cccc(C=Cc2ccccc2)c1)c1ccccc1,0.15384615384615385,29,3,0,2,0.55,Moderate Suitability,0.35000000000000003,0.85,0.595,Unfavourable,0.46538246762752533,46.538246762752536,1186
COc1ccc(/C=C/c2cc(Br)cc(/C=C/c3ccc(OC)c(OC)c3)c2)cc1OC,CHEMBL245476,4.70,nM,20000.0,uM,20.0,4.698970004336019,Low Activity,True,481.38600000000025,6.824300000000007,36.92,0,4,8,3,1,Pass,5.0537286,0.75,0.5,0.75,0.675,Moderate,0.3288172,0.897767398252352,0.5242969642825059,52.429696428250594,C(=Cc1cccc(C=Cc2ccccc2)c1)c1ccccc1,0.15384615384615385,31,3,0,4,0.55,Moderate Suitability,0.35000000000000003,0.85,0.595,Unfavourable,0.46409946274757385,46.40994627475739,1187
COc1cc2c(cc1OC)C(=O)C(CC1CCN(Cc3ccccc3)CC1)C2,CHEMBL502,,nM,1593000.0,uM,1593.0,2.7977842241988684,Low Activity,True,379.50000000000017,4.361100000000004,38.77,0,4,6,4,0,Pass,3.3561108,1.0,1.0,1.0,1.0,Favourable,0.04927194,0.897767398252352,0.5195243405051163,51.952434050511634,O=C1c2ccccc2CC1CC1CCN(Cc2ccccc2)CC1,0.4583333333333333,28,2,0,4,1.0,High Suitability,0.8,1.0,0.9600000000000001,Favourable,0.46309956839680677,46.30995683968068,1188
Cc1cc(O)c(C(=O)c2c(O)cc3c(c2O)C(=O)c2c(O)cc(C)cc2C3=O)c(C(=O)c2cc(O)c(O)cc2O)c1,CHEMBL5274654,6.75,nM,180.0,uM,0.18,6.7447274948966935,Moderately Active,True,556.4790000000004,3.4800400000000025,209.89,7,11,4,5,3,Fail,6.5312862,0.4,0.24999999999999994,0.25,0.31,Unfavourable,0.5721253,0.897767398252352,0.4614510277457169,46.14510277457169,O=C(c1ccccc1)c1ccccc1C(=O)c1ccc2c(c1)C(=O)c1ccccc1C2=O,0.06666666666666667,41,4,7,11,0.2,Low Suitability,0.4000000000000001,0.55,0.35250000000000004,Unfavourable,0.46304392361640934,46.304392361640936,1189
CCCCCCNS(=O)(=O)c1cc(C(=O)O)c(NCc2ccco2)cc1Cl,CHEMBL4848103,4.32,nM,47810.0,uM,47.81,4.320481256304211,Low Activity,True,414.9110000000002,4.101900000000002,108.64,3,5,11,2,0,Pass,4.2733126,0.85,0.7,1.0,0.8500000000000001,Favourable,0.20030677,0.897767398252352,0.5500417565054826,55.00417565054826,c1ccc(NCc2ccco2)cc1,0.3888888888888889,27,2,3,7,0.65,Moderate Suitability,0.6000000000000001,0.8,0.7225,Moderate,0.46304372525215154,46.30437252521516,1190
CC(C)=CCC/C(C)=C/CC/C(C)=C/Cc1c(C)cc(O)cc1O,CHEMBL4641877,4.70,nM,19900.0,uM,19.9,4.701146923590294,Low Activity,True,328.496,6.367920000000007,40.46,2,2,8,1,1,Pass,4.4712467,0.75,0.75,0.75,0.75,Moderate,0.23290038,0.897767398252352,0.498838560456746,49.883856045674605,c1ccccc1,0.45454545454545453,24,1,2,2,0.8,High Suitability,0.55,0.85,0.7350000000000001,Moderate,0.4603452095985413,46.03452095985413,1191
O=C(/C=C/c1ccc(O)c(O)c1)O[C@H](Cc1ccc(O)c(O)c1)C(=O)O,CHEMBL324842,4.14,nM,71900.0,uM,71.9,4.1432711096171175,Low Activity,True,360.3180000000001,1.7612999999999996,144.52,5,7,6,2,0,Pass,4.4357877,0.65,0.49999999999999994,1.0,0.71,Moderate,0.22706139,0.897767398252352,0.5214190653510026,52.141906535100254,O=C(C=Cc1ccccc1)OCCc1ccccc1,0.1111111111111111,26,2,5,8,0.45,Low Suitability,1.0,0.8,0.6725,Moderate,0.46025877094268797,46.02587709426879,1192
COc1ccc2sc3c([N+](=O)[O-])ccc(NCCC[C@@H]4CCCN5CCCC[C@H]45)c3c(=O)c2c1,CHEMBL5405496,5.10,nM,7900.0,uM,7.9,5.102372908709558,Low Activity,True,481.6180000000005,5.788100000000005,84.71000000000001,1,7,7,5,1,Pass,5.010668,0.75,0.5,0.75,0.675,Moderate,0.32172638,0.897767398252352,0.5207515608019762,52.075156080197615,O=c1c2ccccc2sc2cccc(NCCCC3CCCN4CCCCC34)c12,0.5,34,3,1,7,0.55,Moderate Suitability,0.35000000000000003,0.85,0.595,Unfavourable,0.46019951593875885,46.01995159387589,1193
COc1c(O)c(O)cc(C)c1C/C=C(\C)CC/C=C(\C)CCC=C(C)C,CHEMBL4646459,4.53,nM,29300.0,uM,29.3,4.533132379645891,Low Activity,True,358.5220000000001,6.376520000000006,49.69,2,3,9,1,1,Pass,4.4637933,0.75,0.75,0.75,0.75,Moderate,0.23167306,0.897767398252352,0.498224900836461,49.8224900836461,c1ccccc1,0.4782608695652174,26,1,2,3,0.8,High Suitability,0.55,0.85,0.7350000000000001,Moderate,0.45967018699646,45.967018699646,1194
c1ccc2c(NCCCCCCCNc3c4c(nc5ccccc35)CCCC4)c3c(nc2c1)CCCC3,CHEMBL32823,5.08,nM,8400.0,uM,8.4,5.075720713938118,Low Activity,True,492.7110000000004,8.015100000000007,49.84,2,4,10,6,1,Pass,4.9916964,0.75,0.5,0.75,0.675,Moderate,0.31860238,0.897767398252352,0.5191895614809923,51.91895614809923,c1ccc2c(NCCCCCCCNc3c4c(nc5ccccc35)CCCC4)c3c(nc2c1)CCCC3,0.45454545454545453,37,4,2,4,0.55,Moderate Suitability,0.35000000000000003,0.85,0.595,Unfavourable,0.45848130774497986,45.84813077449799,1195
CCCN(SC[C@H]1CCCN2CCCC[C@H]12)C1=C(Cl)C(=O)c2ccccc2C1=O,CHEMBL5415164,4.21,nM,61000.0,uM,61.0,4.214670164989233,Low Activity,True,433.01700000000005,5.140700000000005,40.620000000000005,0,5,6,4,1,Pass,4.603569,0.75,0.75,0.75,0.75,Moderate,0.2546898,0.897767398252352,0.5097332762427262,50.97332762427263,O=C1C=C(NSCC2CCCN3CCCCC23)C(=O)c2ccccc21,0.5652173913043478,29,1,0,4,0.8,High Suitability,0.35000000000000003,0.85,0.6950000000000001,Moderate,0.45832939398288725,45.83293939828872,1196
N#CC(C#N)=Cc1ccc(-c2ccc(-c3ccc(N(c4ccccc4)c4ccccc4)cc3)s2)s1,CHEMBL3330738,,nM,10000.0,uM,10.0,5.0,Low Activity,True,485.63700000000006,9.043959999999998,50.82,0,5,6,5,1,Pass,5.1058664,0.75,0.5,0.75,0.675,Moderate,0.3374027,0.897767398252352,0.528589720601552,52.858972060155196,c1ccc(N(c2ccccc2)c2ccc(-c3ccc(-c4cccs4)s3)cc2)cc1,0.0,35,5,0,3,0.55,Moderate Suitability,0.20000000000000004,0.85,0.565,Unfavourable,0.45832149171829223,45.83214917182922,1197
C[C@@H]1C[C@@]23C[C@H]4C(C)(C)[C@@]5(C[C@]4(CN2C1=O)NC3=O)C(=O)Nc1c5ccc2c1C=CC(C)(C)O2,CHEMBL3740785,,nM,244300.0,uM,244.3,3.6120765330265634,Low Activity,True,461.56200000000024,2.9863000000000017,87.74000000000001,2,4,0,8,0,Pass,3.6828847,1.0,0.75,1.0,0.925,Favourable,0.103081524,0.897767398252352,0.523929132098668,52.3929132098668,O=C1CCC23CC4CC5(CC4(CN12)NC3=O)C(=O)Nc1c5ccc2c1C=CCO2,0.5925925925925926,34,1,2,7,0.75,High Suitability,0.8,1.0,0.8600000000000001,Favourable,0.45769483914971354,45.76948391497135,1198
O=c1ccoc2cc(OCCCN3CCN(CCCNc4c5c(nc6ccccc46)CCCC5)CC3)cc(O)c12,CHEMBL2436690,5.32,nM,4800.0,uM,4.8,5.318758762624412,Low Activity,True,542.6800000000004,4.814300000000006,91.07000000000001,2,8,10,6,1,Pass,5.146884,0.75,0.44999999999999996,0.75,0.66,Moderate,0.34415698,0.897767398252352,0.5274668601698808,52.74668601698808,O=c1ccoc2cc(OCCCN3CCN(CCCNc4c5c(nc6ccccc46)CCCC5)CC3)ccc12,0.4375,40,4,2,8,0.4,Low Suitability,0.4000000000000001,0.75,0.55,Unfavourable,0.4567863363027573,45.678633630275726,1199
CC(C(=O)O)c1ccc(-c2ccc(OC3CCCCC3)cc2)c(F)c1,CHEMBL380778,4.39,nM,41000.0,uM,41.0,4.3872161432802645,Low Activity,True,342.41,5.392300000000004,46.53,1,2,5,3,1,Pass,4.428772,0.75,0.75,0.75,0.75,Moderate,0.22590613,0.897767398252352,0.4953414367384843,49.53414367384843,c1ccc(-c2ccc(OC3CCCCC3)cc2)cc1,0.38095238095238093,25,2,1,3,0.8,High Suitability,0.55,0.85,0.7350000000000001,Moderate,0.4564983779788018,45.649837797880174,1200
COC(=O)c1c(C)cc(O)c(C/C=C(\C)CC/C=C(\C)CCC=C(C)C)c1O,CHEMBL4643713,,nM,221000.0,uM,221.0,3.655607726314889,Low Activity,True,386.5320000000002,6.154520000000006,66.76,2,4,9,1,1,Pass,4.4262204,0.75,0.75,0.75,0.75,Moderate,0.22548598,0.897767398252352,0.49513136016797343,49.51313601679735,c1ccccc1,0.4583333333333333,28,1,2,4,0.8,High Suitability,0.55,0.85,0.7350000000000001,Moderate,0.4562672907710076,45.626729077100755,1201
N#CCCC(C(=O)/C=C/c1ccc(O)c(OC(F)(F)F)c1)C(=O)/C=C/c1ccc(O)c(OC(F)(F)F)c1,CHEMBL3667037,6.52,nM,300.0,nM,300.0,6.522878745280337,Moderately Active,True,529.3890000000001,5.6797800000000045,116.85000000000002,2,7,10,2,2,Fail,6.2790694,0.5,0.19999999999999996,0.5,0.41000000000000003,Unfavourable,0.53059304,0.897767398252352,0.5081848887152605,50.81848887152604,O=C(C=Cc1ccccc1)CC(=O)C=Cc1ccccc1,0.20833333333333334,37,2,2,7,0.2,Low Suitability,0.15000000000000002,0.6,0.32499999999999996,Unfavourable,0.4555761885643005,45.55761885643005,1202
O=C(O)C1(c2ccc(-c3ccc(-c4ccc(O)cc4)c(F)c3)c(F)c2)CC1,CHEMBL372846,4.47,nM,33600.0,uM,33.6,4.473660722610156,Low Activity,True,366.3630000000001,5.120600000000003,57.53,2,2,4,4,1,Pass,4.4072313,0.75,0.75,0.75,0.75,Moderate,0.22235906,0.897767398252352,0.49356790053319255,49.35679005331926,c1ccc(-c2ccc(-c3ccc(C4CC4)cc3)cc2)cc1,0.13636363636363635,27,3,2,3,0.8,High Suitability,0.55,0.85,0.7350000000000001,Moderate,0.45454748815298085,45.45474881529808,1203
COc1ccc2sc3c([N+](=O)[O-])ccc(NCC[C@@H]4CCCN5CCCC[C@H]45)c3c(=O)c2c1,CHEMBL5415210,5.04,nM,9100.0,uM,9.1,5.040958607678906,Low Activity,True,467.59100000000046,5.398000000000004,84.71000000000001,1,7,6,5,1,Pass,4.948097,0.75,0.5,0.75,0.675,Moderate,0.31142294,0.897767398252352,0.515599841947072,51.5599841947072,O=c1c2ccccc2sc2cccc(NCCC3CCCN4CCCCC34)c12,0.48,33,3,1,7,0.55,Moderate Suitability,0.35000000000000003,0.85,0.595,Unfavourable,0.4545326192378998,45.45326192378998,1204
O=c1c2ccccc2sc2c([N+](=O)[O-])ccc(NCCC[C@@H]3CCCN4CCCC[C@H]34)c12,CHEMBL5397772,4.89,nM,13000.0,uM,13.0,4.886056647693163,Low Activity,True,451.59200000000044,5.779500000000005,75.47999999999999,1,6,6,5,1,Pass,4.9426074,0.75,0.5,0.75,0.675,Moderate,0.31051898,0.897767398252352,0.5151478599257402,51.51478599257402,O=c1c2ccccc2sc2cccc(NCCCC3CCCN4CCCCC34)c12,0.48,32,3,1,6,0.55,Moderate Suitability,0.35000000000000003,0.85,0.595,Unfavourable,0.45403544199466705,45.40354419946671,1205
O=C1C(=Cc2ccc(N3CCN(C(c4ccccc4)c4ccccc4)CC3)cc2)C(=O)c2ccccc21,CHEMBL3819454,4.93,nM,11750.0,uM,11.75,4.9299621333922445,Low Activity,True,484.5990000000003,6.060800000000006,40.620000000000005,0,4,5,6,1,Pass,4.9372444,0.75,0.5,0.75,0.675,Moderate,0.30963582,0.897767398252352,0.5147062789149217,51.47062789149217,O=C1C(=Cc2ccc(N3CCN(C(c4ccccc4)c4ccccc4)CC3)cc2)C(=O)c2ccccc21,0.15151515151515152,37,4,0,4,0.55,Moderate Suitability,0.35000000000000003,0.85,0.595,Unfavourable,0.4535497088432312,45.35497088432312,1206
CCOc1cc(CNc2ccccc2)ccc1Oc1ccnc2cc(Cl)ccc12,CHEMBL4439214,4.35,nM,44520.0,uM,44.52,4.35144484433733,Low Activity,True,404.8970000000001,6.6913000000000045,43.379999999999995,1,4,7,4,1,Pass,4.5475287,0.75,0.75,0.75,0.75,Moderate,0.2454617,0.897767398252352,0.5051192210860185,50.51192210860185,c1ccc(NCc2ccc(Oc3ccnc4ccccc34)cc2)cc1,0.125,29,4,1,4,0.8,High Suitability,0.35000000000000003,0.85,0.6950000000000001,Moderate,0.4532539392709732,45.325393927097316,1207
O=C(Cc1ccc(C(F)(F)F)cc1)Nc1ccc2c(c1)C[C@H]1CC[C@@H](C2)[C@H]1NS(=O)(=O)c1ccc(Cl)s1,CHEMBL3692696,6.10,nM,800.0,nM,800.0,6.096910013008056,Moderately Active,True,569.0700000000003,6.073400000000004,75.27000000000001,2,4,6,5,2,Fail,5.749083,0.5,0.5,0.5,0.5,Unfavourable,0.44332057,0.897767398252352,0.4915486561007433,49.154865610074324,O=C(Cc1ccccc1)Nc1ccc2c(c1)CC1CCC(C2)C1NS(=O)(=O)c1cccs1,0.34615384615384615,37,3,2,5,0.55,Moderate Suitability,0.15000000000000002,0.6,0.45499999999999996,Unfavourable,0.45307631480693816,45.307631480693814,1208
COc1ccc(-c2cc3c(s2)c2sc(-c4ccc(C=C(C#N)C#N)s4)cc2n3C(C)(C)C)cc1,CHEMBL3330752,,nM,10000.0,uM,10.0,5.0,Low Activity,True,499.68600000000026,8.50716,61.739999999999995,0,6,4,5,1,Pass,5.045286,0.75,0.5,0.75,0.675,Moderate,0.32742697,0.897767398252352,0.5236018549151353,52.36018549151353,c1ccc(-c2cc3[nH]c4cc(-c5cccs5)sc4c3s2)cc1,0.18518518518518517,34,5,0,4,0.55,Moderate Suitability,0.20000000000000004,0.85,0.565,Unfavourable,0.45283483946323394,45.28348394632339,1209
O=C(O)C1(c2ccc(-c3ccc(-c4ccc(F)cc4)c(F)c3)c(F)c2)CC1,CHEMBL427548,4.24,nM,57900.0,uM,57.9,4.2373214362725635,Low Activity,True,368.3540000000001,5.554100000000003,37.3,1,1,4,4,1,Pass,4.3802853,0.75,0.75,0.75,0.75,Moderate,0.21792185,0.897767398252352,0.49134929644536296,49.1349296445363,c1ccc(-c2ccc(-c3ccc(C4CC4)cc3)cc2)cc1,0.13636363636363635,27,3,1,2,0.8,High Suitability,0.55,0.85,0.7350000000000001,Moderate,0.45210702067613606,45.2107020676136,1210
CCN(CC)CCCOc1ccc(-c2oc3ccccc3c2C(=O)c2ccc(C)cc2)cc1,CHEMBL88041,4.25,nM,56000.0,uM,56.0,4.251811972993799,Low Activity,True,441.5710000000002,6.7499200000000075,42.68,0,4,10,4,1,Pass,4.520959,0.75,0.75,0.75,0.75,Moderate,0.24108648,0.897767398252352,0.5029316114134721,50.29316114134721,O=C(c1ccccc1)c1c(-c2ccccc2)oc2ccccc12,0.27586206896551724,33,4,0,4,0.8,High Suitability,0.35000000000000003,0.85,0.6950000000000001,Moderate,0.4508475656509399,45.08475656509399,1211
CCCN(CCC)C(=O)c1cccc(C(=O)N[C@@H](Cc2ccccc2)[C@@H](N)C[C@@H](C)C(=O)Nc2ccc(F)cc2)c1,CHEMBL200077,6.75,nM,180.0,uM,0.18,6.7447274948966935,Moderately Active,True,560.7140000000003,5.421200000000004,104.53,3,4,14,3,2,Fail,6.482804,0.35,0.19999999999999996,0.5,0.35,Unfavourable,0.56414175,0.897767398252352,0.5069592450804643,50.69592450804643,O=C(CCCC(Cc1ccccc1)NC(=O)c1ccccc1)Nc1ccccc1,0.36363636363636365,41,3,4,7,0.2,Low Suitability,0.15000000000000002,0.4,0.2575,Unfavourable,0.4504029686450958,45.040296864509585,1212
O=C(/C=C/c1ccc(O)c(O)c1)O[C@@H]1C[C@](O)(C(=O)O)C[C@@H](OC(=O)/C=C/c2ccc(O)c(O)c2)[C@H]1OC(=O)/C=C/c1ccc(O)c(O)c1,CHEMBL499997,6.52,nM,300.0,uM,0.3,6.522878745280337,Moderately Active,True,678.5990000000003,2.7051000000000016,257.80999999999995,8,14,10,4,3,Fail,6.233935,0.4,0.24999999999999994,0.25,0.31,Unfavourable,0.5231607,0.897767398252352,0.43696871792744907,43.69687179274491,O=C(C=Cc1ccccc1)OC1CCCC(OC(=O)C=Cc2ccccc2)C1OC(=O)C=Cc1ccccc1,0.17647058823529413,49,3,8,15,0.2,Low Suitability,0.6000000000000001,0.55,0.39250000000000007,Unfavourable,0.45011338281631474,45.011338281631474,1213
CCOC(=O)CCC(C(=O)/C=C/c1ccc(O)c(OC(F)(F)F)c1)C(=O)/C=C/c1ccc(O)c(OC(F)(F)F)c1,CHEMBL3667024,6.42,nM,380.0,nM,380.0,6.42021640338319,Moderately Active,True,576.4420000000003,5.719300000000005,119.36000000000001,2,8,12,2,2,Fail,6.4785285,0.35,0.19999999999999996,0.5,0.35,Unfavourable,0.5634377,0.897767398252352,0.5066072200484208,50.660722004842086,O=C(C=Cc1ccccc1)CC(=O)C=Cc1ccccc1,0.2692307692307692,40,2,2,8,0.2,Low Suitability,0.15000000000000002,0.4,0.2575,Unfavourable,0.4500157470703125,45.00157470703125,1214
CC(C)=CCC/C(C)=C/CC[C@@]1(C)C=Cc2c(cc(C)c(C(=O)O)c2O)O1,CHEMBL1171643,4.61,nM,24700.0,uM,24.7,4.607303046740334,Low Activity,True,370.4890000000001,6.036020000000007,66.76,2,3,7,2,1,Pass,4.3549533,0.75,0.75,0.75,0.75,Moderate,0.21375048,0.897767398252352,0.4892636107153825,48.92636107153825,C1=Cc2ccccc2OC1,0.43478260869565216,27,1,2,4,0.8,High Suitability,0.55,0.85,0.7350000000000001,Moderate,0.4498127708435059,44.98127708435059,1215
C[C@@H](NC(=O)c1cc(C(=O)N[C@@H](Cc2ccccc2)[C@@H](O)CNC2CC2)cc(N(C)S(C)(=O)=O)c1)c1ccccc1,CHEMBL5970298,7.30,nM,50.0,nM,50.0,7.301029995663981,Highly Active,True,578.7350000000002,3.027400000000002,127.84,4,6,13,4,1,Pass,5.638115,0.6,0.24999999999999994,0.75,0.5399999999999999,Unfavourable,0.42504758,0.897767398252352,0.5319121581263474,53.19121581263474,O=C(NCc1ccccc1)c1cccc(C(=O)NC(CCNC2CC2)Cc2ccccc2)c1,0.3548387096774194,41,3,4,9,0.2,Low Suitability,0.4000000000000001,0.55,0.4025000000000001,Unfavourable,0.4496511670351029,44.96511670351029,1216
C[C@@H](NC(=O)c1cc(C(=O)N[C@@H](Cc2ccccc2)[C@H](O)CNC2CC2)cc(N(C)S(C)(=O)=O)c1)c1ccccc1,CHEMBL378225,,nM,100000.0,uM,100.0,4.0,Low Activity,True,578.7350000000002,3.027400000000002,127.84,4,6,13,4,1,Pass,5.638115,0.6,0.24999999999999994,0.75,0.5399999999999999,Unfavourable,0.42504758,0.897767398252352,0.5319121581263474,53.19121581263474,O=C(NCc1ccccc1)c1cccc(C(=O)NC(CCNC2CC2)Cc2ccccc2)c1,0.3548387096774194,41,3,4,9,0.2,Low Suitability,0.4000000000000001,0.55,0.4025000000000001,Unfavourable,0.4496511670351029,44.96511670351029,1217
CC(C)=CCC/C(C)=C/CC/C(C)=C/Cc1c(O)cc(C)c(C(=O)O)c1O,CHEMBL513978,4.69,nM,20300.0,uM,20.3,4.692503962086787,Low Activity,True,372.5050000000001,6.066120000000007,77.76,3,3,9,1,1,Pass,4.3515754,0.75,0.75,0.75,0.75,Moderate,0.21319425,0.897767398252352,0.4889854954428605,48.898549544286055,c1ccccc1,0.43478260869565216,27,1,3,4,0.8,High Suitability,0.55,0.85,0.7350000000000001,Moderate,0.4495068425536156,44.95068425536156,1218
COc1ccc2sc3c([N+](=O)[O-])ccc(NC[C@@H]4CCCN5CCCC[C@H]45)c3c(=O)c2c1,CHEMBL5395840,4.96,nM,11000.0,uM,11.0,4.958607314841775,Low Activity,True,453.5640000000004,5.007900000000004,84.71000000000001,1,7,5,5,1,Pass,4.886265,0.75,0.5,0.75,0.675,Moderate,0.30124104,0.897767398252352,0.5105088900275163,51.05088900275163,O=c1c2ccccc2sc2cccc(NCC3CCCN4CCCCC34)c12,0.4583333333333333,32,3,1,7,0.55,Moderate Suitability,0.35000000000000003,0.85,0.595,Unfavourable,0.4489325691461563,44.893256914615634,1219
COC(=O)c1c(C)c(C/C=C(\C)CC/C=C(\C)CCC=C(C)C)c(OC)c(O)c1O,CHEMBL4877566,4.30,nM,50300.0,uM,50.3,4.298432014944073,Low Activity,True,416.5580000000002,6.163120000000007,75.99000000000001,2,5,10,1,1,Pass,4.493364,0.75,0.75,0.75,0.75,Moderate,0.2365424,0.897767398252352,0.5006595717616014,50.06595717616014,c1ccccc1,0.48,30,1,2,5,0.8,High Suitability,0.35000000000000003,0.85,0.6950000000000001,Moderate,0.4483483279943466,44.83483279943466,1220
CC(C)C[C@H](NC(=O)[C@H](Cc1ccccc1)C[C@@H](O)[C@H](Cc1ccccc1)NC(=O)OC(C)(C)C)C(=O)C[C@@H](Cc1ccccc1)C(N)=O,CHEMBL5283881,7.32,nM,48.0,nM,48.0,7.318758762624412,Highly Active,True,671.879,5.566600000000005,147.82000000000002,4,6,18,3,2,Fail,7.209538,2.7755575615628914e-17,0.0,0.5,0.15,Unfavourable,0.6838124,0.897767398252352,0.5067945598311356,50.67945598311356,O=C(CCCc1ccccc1)CNC(=O)C(CCCCc1ccccc1)Cc1ccccc1,0.45,49,3,5,9,0.0,Low Suitability,0.15000000000000002,0.20000000000000004,0.06000000000000002,Unfavourable,0.44709681487083436,44.70968148708344,1221
COc1c(O)c(O)c(C(=O)O)c(C)c1C/C=C(\C)CC/C=C(\C)CCC=C(C)C,CHEMBL4845912,5.18,nM,6600.0,uM,6.6,5.180456064458131,Low Activity,True,402.53100000000023,6.074720000000006,86.99,3,4,10,1,1,Pass,4.4653044,0.75,0.75,0.75,0.75,Moderate,0.23192191,0.897767398252352,0.4983493255324296,49.834932553242965,c1ccccc1,0.4583333333333333,29,1,3,5,0.8,High Suitability,0.35000000000000003,0.85,0.6950000000000001,Moderate,0.44580705416202543,44.58070541620254,1222
Cc1ccc(Nc2nc(Nc3ccc(F)c(Cl)c3)nc(N3CCN(c4cc(C)nc5ncnn45)CC3)n2)cc1,CHEMBL4169871,4.60,nM,25000.0,uM,25.0,4.6020599913279625,Low Activity,True,546.0140000000004,4.532440000000003,112.29,2,10,6,6,1,Pass,5.138453,0.75,0.44999999999999996,0.75,0.66,Moderate,0.34276867,0.897767398252352,0.5267727044768266,52.67727044768266,c1ccc(Nc2nc(Nc3ccccc3)nc(N3CCN(c4ccnc5ncnn45)CC3)n2)cc1,0.23076923076923078,39,5,2,11,0.4,Low Suitability,0.2500000000000001,0.75,0.52,Unfavourable,0.44552277100086213,44.552277100086215,1223
COC(=O)CCCC(C(=O)/C=C/c1ccc(O)c(OC(F)(F)F)c1)C(=O)/C=C/c1ccc(O)c(OC(F)(F)F)c1,CHEMBL3667023,6.51,nM,310.0,nM,310.0,6.508638306165727,Moderately Active,True,576.4420000000003,5.719300000000005,119.36000000000001,2,8,12,2,2,Fail,6.425555,0.35,0.19999999999999996,0.5,0.35,Unfavourable,0.5547147,0.897767398252352,0.5022457097716264,50.22457097716264,O=C(C=Cc1ccccc1)CC(=O)C=Cc1ccccc1,0.2692307692307692,40,2,2,8,0.2,Low Suitability,0.15000000000000002,0.4,0.2575,Unfavourable,0.44521807980537415,44.52180798053742,1224
COc1cc(/C=C/c2cc(/C=C/c3ccc(O)c(OC)c3)n(-c3cccc([N+](=O)[O-])c3)n2)ccc1O,CHEMBL258632,4.82,nM,15100.0,uM,15.1,4.82102305270683,Low Activity,True,485.49600000000015,5.549700000000006,119.88,2,7,8,4,1,Pass,5.338846,0.75,0.19999999999999996,0.75,0.585,Unfavourable,0.37576723,0.897767398252352,0.520771985406392,52.0771985406392,C(=Cc1cc(C=Cc2ccccc2)n(-c2ccccc2)n1)c1ccccc1,0.07407407407407407,36,4,2,9,0.2,Low Suitability,0.35000000000000003,0.85,0.465,Unfavourable,0.44442198300361635,44.44219830036163,1225
CCOc1cc(CNc2ccc(OC)cc2)ccc1Oc1ccnc2cc(Cl)ccc12,CHEMBL4568384,4.33,nM,46420.0,uM,46.42,4.333294863880101,Low Activity,True,434.9230000000002,6.699900000000005,52.61,1,5,8,4,1,Pass,4.440007,0.75,0.75,0.75,0.75,Moderate,0.2277562,0.897767398252352,0.496266471023076,49.6266471023076,c1ccc(NCc2ccc(Oc3ccnc4ccccc34)cc2)cc1,0.16,31,4,1,5,0.8,High Suitability,0.35000000000000003,0.85,0.6950000000000001,Moderate,0.4435159112215042,44.35159112215042,1226
CCCCCCCCCCCCCCCCC(=O)O,CHEMBL1172910,4.55,nM,28300.0,uM,28.3,4.548213564475709,Low Activity,True,270.4569999999999,5.9424000000000055,37.3,1,1,15,0,1,Pass,4.5435066,0.6,0.75,0.75,0.69,Moderate,0.24479938,0.897767398252352,0.4867880576796464,48.67880576796464,,0.9411764705882353,19,0,1,2,0.8,High Suitability,0.55,0.65,0.6675000000000001,Moderate,0.44326466548442844,44.326466548442845,1227
CC1(C)CCC(c2ccc(-c3ccc(C4(C(=O)O)CC4)cc3F)cc2)CC1,CHEMBL372751,4.34,nM,46000.0,uM,46.0,4.337242168318426,Low Activity,True,366.4760000000001,6.292700000000005,37.3,1,1,4,4,1,Pass,4.272225,0.75,0.75,0.75,0.75,Moderate,0.20012766,0.897767398252352,0.48245220052670756,48.24522005267076,c1cc(C2CCCCC2)ccc1-c1ccc(C2CC2)cc1,0.4583333333333333,27,2,1,2,0.8,High Suitability,0.55,0.85,0.7350000000000001,Moderate,0.442320213675499,44.2320213675499,1228
CC(C)=CCC/C(C)=C/CC/C(C)=C/Cc1c(C)cc(O)c(O)c1O,CHEMBL4640668,4.78,nM,16700.0,uM,16.7,4.777283528852417,Low Activity,True,344.495,6.073520000000007,60.69,3,3,8,1,1,Pass,4.264797,0.75,0.75,0.75,0.75,Moderate,0.19890451,0.897767398252352,0.48184062706898967,48.18406270689897,c1ccccc1,0.45454545454545453,25,1,3,3,0.8,High Suitability,0.55,0.85,0.7350000000000001,Moderate,0.44164748585224156,44.16474858522415,1229
c1cc2c(C3CCNCC3)c[nH]c2cc1Nc1ccc2[nH]cc(C3CCNCC3)c2c1,CHEMBL4066527,4.58,nM,26600.0,uM,26.6,4.575118363368933,Low Activity,True,413.56900000000024,5.326800000000003,67.67,5,3,4,6,1,Pass,4.718476,0.75,0.55,0.75,0.6900000000000001,Moderate,0.27361143,0.897767398252352,0.5011940830893449,50.11940830893449,c1cc2c(C3CCNCC3)c[nH]c2cc1Nc1ccc2[nH]cc(C3CCNCC3)c2c1,0.38461538461538464,31,4,5,5,0.6000000000000001,Moderate Suitability,0.35000000000000003,0.85,0.615,Moderate,0.4407362904548645,44.07362904548645,1230
COC(=O)CCC(C(=O)/C=C/c1ccc(O)c(C(F)(F)F)c1)C(=O)/C=C/c1ccc(O)c(C(F)(F)F)c1,CHEMBL3667036,6.44,nM,360.0,nM,360.0,6.443697499232712,Moderately Active,True,530.4170000000001,5.569600000000005,100.90000000000002,2,6,9,2,2,Fail,6.107536,0.5,0.19999999999999996,0.5,0.41000000000000003,Unfavourable,0.50234675,0.897767398252352,0.494061746949666,49.406174694966595,O=C(C=Cc1ccccc1)CC(=O)C=Cc1ccccc1,0.24,37,2,2,6,0.2,Low Suitability,0.15000000000000002,0.6,0.32499999999999996,Unfavourable,0.4400407147407531,44.00407147407531,1231
O=C(O)CN(CCN(CC(=O)O)CC(=O)O)CC(=O)O,CHEMBL858,4.55,nM,28400.0,uM,28.4,4.546681659952962,Low Activity,True,292.244,-2.0711999999999957,155.68,4,6,11,0,0,Pass,4.6204844,0.5,0.49999999999999994,1.0,0.6499999999999999,Moderate,0.25747526,0.897767398252352,0.518625998372548,51.8625998372548,,0.6,20,0,4,10,0.25,Low Suitability,1.0,0.6000000000000001,0.565,Unfavourable,0.4393613972663879,43.93613972663879,1232
CN1C(=O)[C@@]23CCC(=O)N2C[C@@]12C[C@@]1(C(=O)Nc4c1ccc1c4C=CC(C)(C)O1)C(C)(C)[C@@H]2C3,CHEMBL3740688,,nM,186600.0,uM,186.6,3.729088360589519,Low Activity,True,461.56200000000024,3.0825000000000014,78.95,1,4,0,8,0,Pass,3.6340194,1.0,0.75,1.0,0.925,Favourable,0.0950349,0.897767398252352,0.5199058185763291,51.99058185763291,O=C1CCC23CC4CC5(CC4(CN12)NC3=O)C(=O)Nc1c5ccc2c1C=CCO2,0.5925925925925926,34,1,1,7,0.75,High Suitability,0.6000000000000001,1.0,0.8200000000000001,Favourable,0.4392691942751408,43.92691942751408,1233
C[C@H]1CN2C[C@]34C[C@@]5(C(=O)Nc6c5ccc5c6OC=CC(C)(C)O5)C(C)(C)[C@@H]3C[C@@]2(C1)C(=O)N4C,CHEMBL3739748,,nM,269500.0,uM,269.5,3.569441230477243,Low Activity,True,477.60500000000036,3.681200000000003,71.11,1,5,0,8,0,Pass,3.6321948,1.0,0.75,1.0,0.925,Favourable,0.09473443,0.897767398252352,0.5197555850691727,51.975558506917274,O=C1Nc2c(ccc3c2OC=CCO3)C12CC1CC34CCCN3CC1(C2)NC4=O,0.6428571428571429,35,1,1,7,0.75,High Suitability,0.6000000000000001,1.0,0.8200000000000001,Favourable,0.4391039366722107,43.91039366722107,1234
CC(O)c1ccc(CNS(=O)(=O)c2cc(C(=O)O)c(NCc3ccco3)cc2Cl)cc1,CHEMBL4860892,4.16,nM,68500.0,uM,68.5,4.164309428507575,Low Activity,True,464.92700000000013,3.775100000000002,128.87,4,6,9,3,0,Pass,4.4414515,1.0,0.24999999999999994,1.0,0.7749999999999999,Moderate,0.22799408,0.897767398252352,0.5413854120917252,54.138541209172516,O=S(=O)(NCc1ccccc1)c1ccc(NCc2ccco2)cc1,0.19047619047619047,31,3,4,8,0.2,Low Suitability,0.6000000000000001,1.0,0.6100000000000001,Moderate,0.4388967434167862,43.88967434167862,1235
COC(=O)CCC(C(=O)/C=C/c1ccc(O)c(OC(F)(F)F)c1)C(=O)/C=C/c1ccc(O)c(OC(F)(F)F)c1,CHEMBL3667020,6.36,nM,440.0,nM,440.0,6.356547323513812,Moderately Active,True,562.4150000000003,5.329200000000004,119.36000000000001,2,8,11,2,2,Fail,6.354904,0.35,0.19999999999999996,0.5,0.35,Unfavourable,0.5430807,0.897767398252352,0.4964287136740617,49.64287136740617,O=C(C=Cc1ccccc1)CC(=O)C=Cc1ccccc1,0.24,39,2,2,8,0.2,Low Suitability,0.15000000000000002,0.4,0.2575,Unfavourable,0.438819372177124,43.881937217712405,1236
C[C@H]1CN2C[C@]34C[C@@]5(C(=O)Nc6c5ccc5c6C=CC(C)(C)O5)C(C)(C)[C@@H]3C[C@@]2(C1)C(=O)N4C,CHEMBL3741300,,nM,203700.0,uM,203.7,3.691008970999836,Low Activity,True,461.60600000000034,3.8019000000000034,61.88000000000001,1,4,0,8,0,Pass,3.6283536,1.0,0.75,1.0,0.925,Favourable,0.094101906,0.897767398252352,0.5194393228239945,51.94393228239945,O=C1Nc2c(ccc3c2C=CCO3)C12CC1CC34CCCN3CC1(C2)NC4=O,0.6428571428571429,34,1,1,6,0.75,High Suitability,0.6000000000000001,1.0,0.8200000000000001,Favourable,0.43875605043768884,43.875605043768886,1237
CCCN(CCC)C(=O)c1cccc(C(=O)N[C@@H](CC(C)C)[C@@H](N)C[C@@H](C)C(=O)N[C@H](C(=O)NCc2ccccc2)C(C)C)c1,CHEMBL202507,6.13,nM,740.0,uM,0.74,6.130768280269024,Moderately Active,True,621.8670000000003,4.904000000000005,133.63,4,5,18,2,1,Pass,5.5153146,0.6,0.24999999999999994,0.75,0.5399999999999999,Unfavourable,0.40482616,0.897767398252352,0.5218014520354203,52.180145203542025,O=C(CCCCNC(=O)c1ccccc1)NCC(=O)NCc1ccccc1,0.5555555555555556,45,2,5,9,0.2,Low Suitability,0.4000000000000001,0.55,0.4025000000000001,Unfavourable,0.438529402256012,43.8529402256012,1238
CCCN(CCC)C(=O)c1cccc(C(=O)N[C@@H](CC(C)C)[C@H](N)C[C@@H](C)C(=O)N[C@H](C(=O)NCc2ccccc2)C(C)C)c1,CHEMBL200014,5.00,nM,9900.0,uM,9.9,5.00436480540245,Low Activity,True,621.8670000000003,4.904000000000005,133.63,4,5,18,2,1,Pass,5.5153146,0.6,0.24999999999999994,0.75,0.5399999999999999,Unfavourable,0.40482616,0.897767398252352,0.5218014520354203,52.180145203542025,O=C(CCCCNC(=O)c1ccccc1)NCC(=O)NCc1ccccc1,0.5555555555555556,45,2,5,9,0.2,Low Suitability,0.4000000000000001,0.55,0.4025000000000001,Unfavourable,0.438529402256012,43.8529402256012,1239
C[C@@H]1C[C@@]23C[C@H]4C(C)(C)[C@@]5(C[C@]4(CN2C1=O)N(C)C3=O)C(=O)Nc1c5ccc2c1C=CC(C)(C)O2,CHEMBL3742121,,nM,300000.0,uM,300.0,3.5228787452803374,Low Activity,True,475.5890000000002,3.328500000000002,78.95,1,4,0,8,0,Pass,3.624366,1.0,0.75,1.0,0.925,Favourable,0.0934453,0.897767398252352,0.5191110204405717,51.911102044057166,O=C1CCC23CC4CC5(CC4(CN12)NC3=O)C(=O)Nc1c5ccc2c1C=CCO2,0.6071428571428571,35,1,1,7,0.75,High Suitability,0.6000000000000001,1.0,0.8200000000000001,Favourable,0.43839491707086564,43.839491707086566,1240
COC(=O)c1cc(O[C@@H]2O[C@H](CO)[C@@H](O)[C@H](O)[C@H]2O)cc(OC)c1C(=O)c1c(O)cc(C)cc1O,CHEMBL5268526,5.33,nM,4730.0,uM,4.73,5.325138859262188,Low Activity,True,494.4490000000003,-0.3888800000000005,192.44,6,12,7,3,2,Fail,5.4388204,0.65,0.24999999999999994,0.5,0.485,Unfavourable,0.3922299,0.897767398252352,0.4615033272452287,46.15033272452287,O=C(c1ccccc1)c1ccc(OC2CCCCO2)cc1,0.391304347826087,35,2,6,12,0.0,Low Suitability,0.8,0.8,0.49250000000000005,Unfavourable,0.43810146498680114,43.81014649868011,1241
O=Cc1ccc(-c2ccc(-c3ccc(N(c4ccccc4)c4ccccc4)cc3)c3nsnc23)s1,CHEMBL3330743,,nM,10000.0,uM,10.0,5.0,Low Activity,True,489.6250000000001,8.369100000000003,46.09,0,6,6,6,1,Pass,4.9966,0.75,0.5,0.75,0.675,Moderate,0.3194099,0.897767398252352,0.5195933233447008,51.959332334470076,c1ccc(N(c2ccccc2)c2ccc(-c3ccc(-c4cccs4)c4nsnc34)cc2)cc1,0.0,35,6,0,4,0.55,Moderate Suitability,0.20000000000000004,0.65,0.535,Unfavourable,0.4379254517555237,43.79254517555237,1242
COCOCCCC(C(=O)/C=C/c1ccc(O)c(OC(F)(F)F)c1)C(=O)/C=C/c1ccc(O)c(OC(F)(F)F)c1,CHEMBL3667029,6.30,nM,500.0,nM,500.0,6.301029995663981,Moderately Active,True,578.4580000000003,5.776700000000005,111.52000000000001,2,8,14,2,2,Fail,6.3450313,0.35,0.19999999999999996,0.5,0.35,Unfavourable,0.5414549,0.897767398252352,0.49561582552861494,49.561582552861495,O=C(C=Cc1ccccc1)CC(=O)C=Cc1ccccc1,0.3076923076923077,40,2,2,8,0.2,Low Suitability,0.15000000000000002,0.4,0.2575,Unfavourable,0.437925213098526,43.7925213098526,1243
OC[C@@H]1Cc2c([nH]c3ccccc23)CN1Cc1cn(C[C@@H]2Cc3c([nH]c4ccccc34)CN2)nn1,CHEMBL3883958,4.18,nM,66360.0,uM,66.36,4.178093622647677,Low Activity,True,467.5770000000002,2.8744000000000005,97.78999999999999,4,5,5,7,0,Pass,4.3802857,1.0,0.24999999999999994,1.0,0.7749999999999999,Moderate,0.21792191,0.897767398252352,0.5363493262476853,53.634932624768524,c1ccc2c3c([nH]c2c1)CN(Cc1cn(CC2Cc4c([nH]c5ccccc45)CN2)nn1)CC3,0.3333333333333333,35,5,4,8,0.2,Low Suitability,0.65,1.0,0.62,Moderate,0.43685705792903895,43.685705792903896,1244
CCCCCCCCCCCCNC(=O)c1ccc(/C=C/C(=O)c2ccc(OC)cc2O)cc1,CHEMBL2408104,4.80,nM,15900.0,uM,15.9,4.798602875679548,Low Activity,True,465.6340000000002,6.9476000000000075,75.63000000000001,2,4,16,2,1,Pass,5.013454,0.6,0.5,0.75,0.615,Moderate,0.32218522,0.897767398252352,0.5029809790797166,50.29809790797166,O=C(C=Cc1ccccc1)c1ccccc1,0.4482758620689655,34,2,2,5,0.55,Moderate Suitability,0.35000000000000003,0.65,0.5275000000000001,Unfavourable,0.4368268671035767,43.68268671035767,1245
O=S(=O)(c1ccccc1)n1ccc2c(OCCNCCNc3c4c(nc5ccccc35)CCCC4)cccc21,CHEMBL4850546,5.96,nM,1100.0,uM,1.1,5.958607314841775,Low Activity,True,540.6890000000003,5.385800000000005,85.25,2,6,10,6,2,Fail,5.68108,0.5,0.5,0.5,0.5,Unfavourable,0.4321226,0.897767398252352,0.48594966399144457,48.594966399144454,O=S(=O)(c1ccccc1)n1ccc2c(OCCNCCNc3c4c(nc5ccccc35)CCCC4)cccc21,0.25806451612903225,39,5,2,7,0.55,Moderate Suitability,2.7755575615628914e-17,0.6,0.42500000000000004,Unfavourable,0.4364174264669418,43.64174264669418,1246
O=C(Nc1ccc2c(c1)C[C@H]1CC[C@@H](C2)[C@H]1NS(=O)(=O)c1ccc(Cl)s1)c1ccc(C(F)(F)F)cc1,CHEMBL3692695,6.00,nM,1000.0,nM,1000.0,6.0,Moderately Active,True,555.0430000000001,6.144500000000004,75.27000000000001,2,4,5,5,2,Fail,5.565092,0.5,0.5,0.5,0.5,Unfavourable,0.41302294,0.897767398252352,0.47639983760785387,47.639983760785384,O=C(Nc1ccc2c(c1)CC1CCC(C2)C1NS(=O)(=O)c1cccs1)c1ccccc1,0.32,36,3,2,5,0.55,Moderate Suitability,0.15000000000000002,0.6,0.45499999999999996,Unfavourable,0.4364126144647598,43.64126144647598,1247
O=C(/C=C/c1ccc(O)c(O)c1)O[C@@H]1[C@H](O)C[C@@](O)(C(=O)O)C[C@H]1OC(=O)/C=C/c1ccc(O)c(O)c1,CHEMBL249448,5.33,nM,4700.0,uM,4.7,5.327902142064282,Low Activity,True,516.4550000000003,1.0295999999999996,211.27999999999997,7,11,7,3,3,Fail,6.077873,0.4,0.24999999999999994,0.25,0.31,Unfavourable,0.49746215,0.897767398252352,0.42411944662999423,42.411944662999424,O=C(C=Cc1ccccc1)OC1CCCCC1OC(=O)C=Cc1ccccc1,0.24,37,2,7,12,0.2,Low Suitability,0.6000000000000001,0.55,0.39250000000000007,Unfavourable,0.4359791843891144,43.59791843891144,1248
O=C(/C=C/c1ccc(O)c(O)c1)O[C@H]1[C@H](O)C[C@](O)(C(=O)O)C[C@H]1OC(=O)/C=C/c1ccc(O)c(O)c1,CHEMBL177126,7.00,nM,100.0,uM,0.1,7.0,Highly Active,True,516.4550000000003,1.0295999999999996,211.27999999999997,7,11,7,3,3,Fail,6.077873,0.4,0.24999999999999994,0.25,0.31,Unfavourable,0.49746215,0.897767398252352,0.42411944662999423,42.411944662999424,O=C(C=Cc1ccccc1)OC1CCCCC1OC(=O)C=Cc1ccccc1,0.24,37,2,7,12,0.2,Low Suitability,0.6000000000000001,0.55,0.39250000000000007,Unfavourable,0.4359791843891144,43.59791843891144,1249
CC(C)=CCC/C(C)=C/CCC1(C)C=Cc2c(O)cc(C)cc2O1,CHEMBL4645437,4.17,nM,68000.0,uM,68.0,4.167491087293763,Low Activity,True,326.4800000000001,6.337820000000007,29.46,1,2,6,2,1,Pass,4.2001877,0.75,0.75,0.75,0.75,Moderate,0.18826532,0.897767398252352,0.4765210317320756,47.652103173207564,C1=Cc2ccccc2OC1,0.45454545454545453,24,1,1,2,0.8,High Suitability,0.55,0.85,0.7350000000000001,Moderate,0.43579593396186833,43.57959339618683,1250
O=C1c2c(O)cc(O)cc2O[C@H](c2cc(O)c(O)c(O)c2)[C@H]1O,CHEMBL3348861,4.89,nM,12800.0,uM,12.8,4.892790030352131,Low Activity,True,320.253,0.8919000000000001,147.68,6,8,1,3,1,Pass,4.594242,0.65,0.49999999999999994,0.75,0.635,Moderate,0.25315392,0.897767398252352,0.47446532999944013,47.44653299994401,O=C1CC(c2ccccc2)Oc2ccccc21,0.13333333333333333,23,2,6,8,0.25,Low Suitability,1.0,0.8,0.6325000000000001,Moderate,0.43560966205596924,43.56096620559693,1251
Nc1c(/N=N/c2ccc(-c3ccc(/N=N/c4cc(S(=O)(=O)[O-])c5ccccc5c4N)cc3)cc2)cc(S(=O)(=O)[O-])c2ccccc12.[Na+].[Na+],CHEMBL429694,5.89,nM,1300.0,uM,1.3,5.886056647693163,Low Activity,True,696.6780000000002,1.4714000000000025,215.88,2,12,7,6,2,Fail,5.7199235,0.4,0.44999999999999996,0.5,0.44500000000000006,Unfavourable,0.43851894,0.897767398252352,0.47264784061383525,47.26478406138352,c1ccc2cc(N=Nc3ccc(-c4ccc(N=Nc5ccc6ccccc6c5)cc4)cc3)ccc2c1,0.0,48,6,4,12,0.4,Low Suitability,0.45000000000000007,0.35000000000000003,0.41250000000000003,Unfavourable,0.43556042671203615,43.55604267120361,1252
CCN1/C(=C/C=C/c2sc3ccccc3[n+]2CC)Sc2ccc(OCc3no[n+]([O-])c3C(N)=O)cc21.[I-],CHEMBL3593280,4.58,nM,26000.0,uM,26.0,4.585026652029182,Low Activity,True,649.5360000000003,0.9987999999999999,112.41,1,8,8,5,1,Pass,4.907037,0.75,0.44999999999999996,0.75,0.66,Moderate,0.30466157,0.897767398252352,0.5077191559023789,50.771915590237896,C(=Cc1[nH+]c2ccccc2s1)C=C1Nc2cc(OCc3c[nH+]on3)ccc2S1,0.2,37,4,2,9,0.2,Low Suitability,0.6000000000000001,0.75,0.55,Unfavourable,0.435063870549202,43.5063870549202,1253
O=C1c2c(O)cc(O)cc2O[C@H](c2ccc(O)cc2)[C@H]1O,CHEMBL9323,,nM,500000.0,uM,500.0,3.3010299956639813,Low Activity,True,288.255,1.4806999999999992,107.22000000000001,4,6,1,3,0,Pass,3.7013423,1.0,0.49999999999999994,1.0,0.8500000000000001,Favourable,0.106120944,0.897767398252352,0.5029488419241838,50.29488419241838,O=C1CC(c2ccccc2)Oc2ccccc21,0.13333333333333333,21,2,4,6,0.45,Low Suitability,1.0,1.0,0.79,Moderate,0.43486652219295496,43.48665221929549,1254
COc1cc(/C=C/c2cc(/C=C/c3ccc(O)c(OC)c3)n(-c3cc(Cl)cc(Cl)c3)n2)ccc1O,CHEMBL5183237,5.20,nM,6300.0,uM,6.3,5.200659450546418,Low Activity,True,509.3890000000002,6.948300000000006,76.74,2,5,7,4,2,Fail,5.547097,0.5,0.5,0.5,0.5,Unfavourable,0.41005975,0.897767398252352,0.474918244952672,47.491824495267196,C(=Cc1cc(C=Cc2ccccc2)n(-c2ccccc2)n1)c1ccccc1,0.07407407407407407,35,4,2,6,0.55,Moderate Suitability,0.15000000000000002,0.6,0.45499999999999996,Unfavourable,0.4347828744649887,43.47828744649887,1255
COc1ccccc1CN(C)CCCCNC(=O)c1cc(O)c(C(=O)NCCCCN(C)Cc2ccccc2OC)cc1O,CHEMBL4474151,5.46,nM,3450.0,uM,3.45,5.462180904926726,Low Activity,True,606.7640000000004,4.3990000000000045,123.60000000000001,4,8,18,3,1,Pass,5.470995,0.6,0.24999999999999994,0.75,0.5399999999999999,Unfavourable,0.39752805,0.897767398252352,0.5181523960776261,51.81523960776261,O=C(NCCCCNCc1ccccc1)c1ccc(C(=O)NCCCCNCc2ccccc2)cc1,0.4117647058823529,44,3,4,10,0.2,Low Suitability,0.4000000000000001,0.55,0.4025000000000001,Unfavourable,0.4345154317617417,43.45154317617417,1256
CN(CCCCNC(=O)c1cc(O)c(C(=O)NCCCCN(C)Cc2ccccc2)cc1O)Cc1ccccc1,CHEMBL4440350,5.45,nM,3550.0,uM,3.55,5.449771646944906,Low Activity,True,546.7120000000004,4.381800000000004,105.14000000000001,4,6,16,3,1,Pass,5.4574366,0.6,0.24999999999999994,0.75,0.5399999999999999,Unfavourable,0.39529544,0.897767398252352,0.5170360904879502,51.703609048795016,O=C(NCCCCNCc1ccccc1)c1ccc(C(=O)NCCCCNCc2ccccc2)cc1,0.375,40,3,4,8,0.2,Low Suitability,0.4000000000000001,0.55,0.4025000000000001,Unfavourable,0.43328750157356266,43.32875015735627,1257
CCN(CCCNC(=O)c1cc(O)c(C(=O)NCCCN(CC)Cc2ccccc2OC)cc1O)Cc1ccccc1OC,CHEMBL4562198,5.62,nM,2410.0,uM,2.41,5.617982957425132,Low Activity,True,606.7640000000005,4.399000000000004,123.60000000000002,4,8,18,3,1,Pass,5.4497895,0.6,0.24999999999999994,0.75,0.5399999999999999,Unfavourable,0.39403617,0.897767398252352,0.5164064568228653,51.64064568228653,O=C(NCCCNCc1ccccc1)c1ccc(C(=O)NCCCNCc2ccccc2)cc1,0.4117647058823529,44,3,4,10,0.2,Low Suitability,0.4000000000000001,0.55,0.4025000000000001,Unfavourable,0.4325948956012726,43.259489560127264,1258
COC(=O)c1c(O)cc(C)cc1C(=O)c1cc(O)cc2oc3cc4c(c(O)c3c12)C(=O)c1c(O)cc(C)cc1C4=O,CHEMBL5282081,5.81,nM,1560.0,uM,1.56,5.806875401645538,Low Activity,True,552.4910000000003,4.818240000000006,171.57,4,10,3,6,1,Pass,5.7531133,0.4,0.24999999999999994,0.75,0.45999999999999996,Unfavourable,0.44398427,0.897767398252352,0.5173805049605302,51.73805049605302,O=C1c2ccccc2C(=O)c2cc3c(cc21)oc1cccc(C(=O)c2ccccc2)c13,0.0967741935483871,41,5,4,10,0.2,Low Suitability,0.2500000000000001,0.55,0.3225,Unfavourable,0.43206634855270387,43.20663485527039,1259
CCC[C@H](C(=O)NO)[C@@H](CC(C)C)C(=O)N[C@H]1CCCCN(Cc2cccc(Oc3ccccc3)c2)C1=O,CHEMBL204357,6.70,nM,200.0,nM,200.0,6.698970004336019,Moderately Active,True,523.6740000000003,5.0602000000000045,107.97,3,5,12,3,2,Fail,6.276861,0.35,0.19999999999999996,0.5,0.35,Unfavourable,0.53022933,0.897767398252352,0.49000303494405073,49.000303494405074,O=C1CCCCCN1Cc1cccc(Oc2ccccc2)c1,0.5,38,2,3,8,0.2,Low Suitability,0.15000000000000002,0.4,0.2575,Unfavourable,0.43175112557411194,43.1751125574112,1260
CN(C)CCN(C)Cc1cc(NC(=O)CN2CCCCC2)cc(Nc2ccnc3cc(Cl)ccc23)c1,CHEMBL97247,5.77,nM,1700.0,uM,1.7,5.769551078621726,Low Activity,True,509.09800000000024,5.049600000000004,63.74,2,6,10,4,2,Fail,5.5113516,0.5,0.5,0.5,0.5,Unfavourable,0.40417355,0.897767398252352,0.4719751464075975,47.19751464075975,O=C(CN1CCCCC1)Nc1cccc(Nc2ccnc3ccccc23)c1,0.42857142857142855,36,3,2,7,0.55,Moderate Suitability,0.15000000000000002,0.6,0.45499999999999996,Unfavourable,0.43154546308517455,43.15454630851745,1261
Cc1cc(N2CCN(c3nc(Nc4ccc(F)cc4)nc(Nc4cccc(C(F)(F)F)c4)n3)CC2)n2ncnc2n1,CHEMBL4161947,4.74,nM,18310.0,uM,18.31,4.737311655698304,Low Activity,True,565.539,4.589420000000002,112.29,2,10,6,6,1,Pass,4.974844,0.75,0.44999999999999996,0.75,0.66,Moderate,0.3158273,0.897767398252352,0.5133020249552659,51.33020249552659,c1ccc(Nc2nc(Nc3ccccc3)nc(N3CCN(c4ccnc5ncnn45)CC3)n2)cc1,0.23076923076923078,41,5,2,11,0.4,Low Suitability,0.2500000000000001,0.75,0.52,Unfavourable,0.43070502650737763,43.070502650737765,1262
CCN(CCCNC(=O)c1cc(O)c(C(=O)NCCCN(CC)Cc2ccccc2)cc1O)Cc1ccccc1,CHEMBL4516540,5.38,nM,4200.0,uM,4.2,5.376750709602099,Low Activity,True,546.7120000000004,4.381800000000004,105.14000000000001,4,6,16,3,1,Pass,5.42558,0.6,0.24999999999999994,0.75,0.5399999999999999,Unfavourable,0.39004964,0.897767398252352,0.5144131880946091,51.44131880946091,O=C(NCCCNCc1ccccc1)c1ccc(C(=O)NCCCNCc2ccccc2)cc1,0.375,40,3,4,8,0.2,Low Suitability,0.4000000000000001,0.55,0.4025000000000001,Unfavourable,0.4304023089408875,43.04023089408875,1263
COc1ccccc1CN(C)CCCNC(=O)c1cc(O)c(C(=O)NCCCN(C)Cc2ccccc2OC)cc1O,CHEMBL4439936,5.44,nM,3630.0,uM,3.63,5.440093374963888,Low Activity,True,578.7100000000003,3.6188000000000025,123.60000000000001,4,8,16,3,1,Pass,5.4143753,0.6,0.24999999999999994,0.75,0.5399999999999999,Unfavourable,0.38820457,0.897767398252352,0.513490657205098,51.3490657205098,O=C(NCCCNCc1ccccc1)c1ccc(C(=O)NCCCNCc2ccccc2)cc1,0.375,42,3,4,10,0.2,Low Suitability,0.4000000000000001,0.55,0.4025000000000001,Unfavourable,0.42938752496242527,42.93875249624253,1264
CN(C)C(=O)CCC(C(=O)/C=C/c1ccc(O)c(OC(F)(F)F)c1)C(=O)/C=C/c1ccc(O)c(OC(F)(F)F)c1,CHEMBL3667030,6.30,nM,500.0,nM,500.0,6.301029995663981,Moderately Active,True,575.4580000000003,5.244400000000004,113.37,2,7,11,2,2,Fail,6.246628,0.35,0.19999999999999996,0.5,0.35,Unfavourable,0.5252509,0.897767398252352,0.48751382576894087,48.75138257689409,O=C(C=Cc1ccccc1)CC(=O)C=Cc1ccccc1,0.2692307692307692,40,2,2,8,0.2,Low Suitability,0.15000000000000002,0.4,0.2575,Unfavourable,0.42901300740242004,42.90130074024201,1265
CN(CCCNC(=O)c1cc(O)c(C(=O)NCCCN(C)Cc2ccccc2)cc1O)Cc1ccccc1,CHEMBL4524631,5.40,nM,3980.0,uM,3.98,5.400116927926312,Low Activity,True,518.6580000000002,3.601600000000003,105.14000000000001,4,6,14,3,1,Pass,5.3969307,0.6,0.24999999999999994,0.75,0.5399999999999999,Unfavourable,0.385332,0.897767398252352,0.5120543640799454,51.20543640799454,O=C(NCCCNCc1ccccc1)c1ccc(C(=O)NCCCNCc2ccccc2)cc1,0.3333333333333333,38,3,4,8,0.2,Low Suitability,0.4000000000000001,0.55,0.4025000000000001,Unfavourable,0.4278075995445252,42.78075995445252,1266
CCN(CCCCOc1ccc(C(=O)/C=C/c2ccc(N(C)C)cc2)c(O)c1)Cc1ccccc1N(C)C,CHEMBL4865817,6.06,nM,880.0,uM,0.88,6.055517327849831,Moderately Active,True,515.6980000000003,6.101400000000007,56.25000000000001,1,6,14,3,2,Fail,5.722606,0.35,0.5,0.5,0.43999999999999995,Unfavourable,0.43896067,0.897767398252352,0.4713687056250505,47.13687056250505,O=C(C=Cc1ccccc1)c1ccc(OCCCCNCc2ccccc2)cc1,0.34375,38,3,1,6,0.55,Moderate Suitability,0.15000000000000002,0.4,0.3875,Unfavourable,0.4270533752441406,42.70533752441406,1267
O=C(CCCCC1CCSS1)NCCCNc1c2c(nc3cc(Cl)ccc13)CCCC2,CHEMBL194823,4.35,nM,45000.0,uM,45.0,4.346787486224656,Low Activity,True,478.12700000000035,6.3993000000000055,54.02,2,5,10,4,1,Pass,4.642069,0.75,0.5,0.75,0.675,Moderate,0.26102954,0.897767398252352,0.4904031406588487,49.04031406588487,O=C(CCCCC1CCSS1)NCCCNc1c2c(nc3ccccc13)CCCC2,0.5833333333333334,31,2,2,4,0.55,Moderate Suitability,0.35000000000000003,0.85,0.595,Unfavourable,0.4268162508010864,42.681625080108645,1268
CC(C)(C(=O)/C=C/c1ccc(O)c(OC(F)(F)F)c1)C(=O)/C=C/c1ccc(O)c(OC(F)(F)F)c1,CHEMBL3667021,,nM,15000.0,nM,15000.0,4.823908740944319,Low Activity,True,504.37900000000013,5.786000000000004,93.06,2,6,8,2,2,Fail,5.960763,0.5,0.19999999999999996,0.5,0.41000000000000003,Unfavourable,0.47817773,0.897767398252352,0.4819772330470018,48.197723304700176,O=C(C=Cc1ccccc1)CC(=O)C=Cc1ccccc1,0.21739130434782608,35,2,2,6,0.2,Low Suitability,0.15000000000000002,0.6,0.32499999999999996,Unfavourable,0.4267477464675903,42.674774646759026,1269
CC1=CC[C@@H]2[C@@]3(C)C=CC(=O)OC(C)(C)[C@@H]3CC[C@@]2(C)[C@]12Cc1c(c(C)c(C)oc1=O)O2,CHEMBL3739499,,nM,300000.0,uM,300.0,3.5228787452803374,Low Activity,True,438.5640000000003,5.210740000000006,65.74,0,5,0,5,1,Pass,4.2486706,0.75,0.75,0.75,0.75,Moderate,0.19624901,0.897767398252352,0.48051287400197307,48.05128740019731,O=C1C=CC2C(CCC3C2CC=CC32Cc3c(ccoc3=O)O2)CO1,0.6296296296296297,32,1,0,5,0.8,High Suitability,0.35000000000000003,0.85,0.6950000000000001,Moderate,0.4261869559884071,42.61869559884071,1270
CC(C)=CCC/C(C)=C/CC/C(C)=C/Cc1c(O)cc(C)cc1O,CHEMBL487804,,nM,148800.0,uM,148.8,3.82739706879014,Low Activity,True,328.49600000000004,6.367920000000007,40.46,2,2,8,1,1,Pass,4.0887938,0.75,0.75,0.75,0.75,Moderate,0.16992223,0.897767398252352,0.4673494862265519,46.734948622655196,c1ccccc1,0.45454545454545453,24,1,2,2,0.8,High Suitability,0.55,0.85,0.7350000000000001,Moderate,0.4257072294354439,42.57072294354439,1271
CCN(CCCCOc1ccc(C(=O)/C=C/c2ccc(N(C)C)cc2)c(O)c1)Cc1ccc(N(C)C)cc1,CHEMBL4858987,5.68,nM,2100.0,uM,2.1,5.6777807052660805,Low Activity,True,515.6980000000003,6.101400000000007,56.25000000000001,1,6,14,3,2,Fail,5.706645,0.35,0.5,0.5,0.43999999999999995,Unfavourable,0.43633235,0.897767398252352,0.4700545424170427,47.00545424170427,O=C(C=Cc1ccccc1)c1ccc(OCCCCNCc2ccccc2)cc1,0.34375,38,3,1,6,0.55,Moderate Suitability,0.15000000000000002,0.4,0.3875,Unfavourable,0.42560779869556425,42.56077986955643,1272
O=c1oc2c(O)c(O)cc3c(=O)oc4c(O)c(O)cc1c4c23,CHEMBL6246,,nM,300000.0,uM,300.0,3.5228787452803374,Low Activity,True,302.194,1.3127999999999997,141.34,4,8,0,4,0,Pass,4.0367413,0.65,0.49999999999999994,1.0,0.71,Moderate,0.16135079,0.897767398252352,0.48856376325558937,48.856376325558934,O=c1oc2cccc3c(=O)oc4cccc1c4c23,0.0,22,4,4,8,0.45,Low Suitability,1.0,0.8,0.6725,Moderate,0.4241179341673851,42.411793416738504,1273
CCN(CCCOc1ccc(C(=O)/C=C/c2ccc(N(C)C)cc2)c(O)c1)Cc1ccccc1N(C)C,CHEMBL4861145,5.90,nM,1270.0,uM,1.27,5.896196279044043,Low Activity,True,501.6710000000003,5.711300000000008,56.25000000000001,1,6,13,3,2,Fail,5.6835637,0.35,0.5,0.5,0.43999999999999995,Unfavourable,0.4325316,0.897767398252352,0.4681541675276689,46.81541675276689,O=C(C=Cc1ccccc1)c1ccc(OCCCNCc2ccccc2)cc1,0.3225806451612903,37,3,1,6,0.55,Moderate Suitability,0.15000000000000002,0.4,0.3875,Unfavourable,0.42351738929748534,42.351738929748535,1274
CC(C)(C)OC(=O)CCC(C(=O)/C=C/c1ccc(O)c(OC(F)(F)F)c1)C(=O)/C=C/c1ccc(O)c(OC(F)(F)F)c1,CHEMBL3667025,6.19,nM,650.0,nM,650.0,6.187086643357144,Moderately Active,True,604.4960000000003,6.497900000000006,119.36000000000001,2,8,11,2,2,Fail,6.1805305,0.35,0.19999999999999996,0.5,0.35,Unfavourable,0.5143666,0.897767398252352,0.4820716832823686,48.20716832823686,O=C(C=Cc1ccccc1)CC(=O)C=Cc1ccccc1,0.32142857142857145,42,2,2,8,0.2,Low Suitability,0.15000000000000002,0.4,0.2575,Unfavourable,0.4230266447067261,42.30266447067261,1275
Oc1cc(CN(Cc2ccccn2)Cc2ccccn2)cc(C[P+](c2ccccc2)(c2ccccc2)c2ccccc2)c1.[Br-],CHEMBL4776150,4.90,nM,12530.0,uM,12.53,4.90204892900585,Low Activity,True,660.5960000000002,3.8827000000000034,49.25,1,4,11,6,1,Pass,4.7625384,0.6,0.75,0.75,0.69,Moderate,0.28086716,0.897767398252352,0.5048219495959214,50.48219495959214,c1ccc([P+](Cc2cccc(CN(Cc3ccccn3)Cc3ccccn3)c2)(c2ccccc2)c2ccccc2)cc1,0.10526315789473684,44,6,1,4,0.75,High Suitability,0.2500000000000001,0.35000000000000003,0.5525000000000001,Unfavourable,0.4228519406318665,42.28519406318665,1276
CCN(CCCCOc1ccc(C(=O)/C=C/c2ccc(N(C)C)cc2)c(O)c1)Cc1ccccc1OC,CHEMBL4873761,5.83,nM,1480.0,uM,1.48,5.8297382846050425,Low Activity,True,502.6550000000003,6.044000000000008,62.24000000000001,1,6,14,3,2,Fail,5.6755943,0.35,0.5,0.5,0.43999999999999995,Unfavourable,0.43121928,0.897767398252352,0.46749800979565903,46.749800979565904,O=C(C=Cc1ccccc1)c1ccc(OCCCCNCc2ccccc2)cc1,0.3225806451612903,37,3,1,6,0.55,Moderate Suitability,0.15000000000000002,0.4,0.3875,Unfavourable,0.42279560685157774,42.279560685157776,1277
CCN(CCCCCCOc1ccc(C(=O)/C=C/c2ccc(N(C)C)cc2)c(O)c1)Cc1ccccc1N(C)C,CHEMBL4876641,5.99,nM,1030.0,uM,1.03,5.987162775294828,Low Activity,True,543.7520000000002,6.881600000000009,56.25000000000001,1,6,16,3,2,Fail,5.673943,0.35,0.5,0.5,0.43999999999999995,Unfavourable,0.43094736,0.897767398252352,0.46736205160092636,46.73620516009264,O=C(C=Cc1ccccc1)c1ccc(OCCCCCCNCc2ccccc2)cc1,0.38235294117647056,40,3,1,6,0.55,Moderate Suitability,0.15000000000000002,0.4,0.3875,Unfavourable,0.4226460587978363,42.26460587978363,1278
CCN(CCCOc1ccc(C(=O)/C=C/c2ccc(N(C)C)cc2)c(O)c1)Cc1ccc(N(C)C)cc1,CHEMBL4857021,5.88,nM,1320.0,uM,1.32,5.8794260687941495,Low Activity,True,501.6710000000003,5.711300000000007,56.25000000000001,1,6,13,3,2,Fail,5.6676025,0.35,0.5,0.5,0.43999999999999995,Unfavourable,0.42990327,0.897767398252352,0.4668400043196611,46.68400043196611,O=C(C=Cc1ccccc1)c1ccc(OCCCNCc2ccccc2)cc1,0.3225806451612903,37,3,1,6,0.55,Moderate Suitability,0.15000000000000002,0.4,0.3875,Unfavourable,0.4220717978477478,42.20717978477478,1279
CCN(CCCCCCOc1ccc(C(=O)/C=C/c2ccc(N(C)C)cc2)c(O)c1)Cc1ccccc1OC,CHEMBL4854597,5.83,nM,1490.0,uM,1.49,5.826813731587726,Low Activity,True,530.7090000000003,6.824200000000008,62.24000000000001,1,6,16,3,2,Fail,5.664413,0.35,0.5,0.5,0.43999999999999995,Unfavourable,0.42937803,0.897767398252352,0.46657738625478073,46.657738625478075,O=C(C=Cc1ccccc1)c1ccc(OCCCCCCNCc2ccccc2)cc1,0.36363636363636365,39,3,1,6,0.55,Moderate Suitability,0.15000000000000002,0.4,0.3875,Unfavourable,0.42178292393684386,42.17829239368439,1280
CC(C)(C)OC(=O)N[C@H](CNc1c(N[C@@H](CC(N)=O)C(=O)O)c(=O)c1=O)Cc1ccccc1,CHEMBL5436582,4.76,nM,17520.0,uM,17.52,4.756465898167938,Low Activity,True,460.48700000000025,0.5710000000000024,176.91999999999996,5,8,11,2,0,Pass,4.941286,0.5,0.24999999999999994,1.0,0.575,Unfavourable,0.31030136,0.897767398252352,0.5225390516467027,52.253905164670265,O=c1cc(NCCCc2ccccc2)c1=O,0.4090909090909091,33,2,6,11,0.0,Low Suitability,0.8,0.6000000000000001,0.42500000000000004,Unfavourable,0.4194157558679581,41.94157558679581,1281
N#C/C(=C\c1ccc(-c2ccc(-c3ccc(N(c4ccccc4)c4ccccc4)cc3)s2)s1)C(N)=O,CHEMBL3330740,5.82,nM,1500.0,uM,1.5,5.823908740944319,Low Activity,True,503.65200000000016,8.005680000000007,70.12,1,5,7,5,2,Fail,5.4723096,0.5,0.5,0.5,0.5,Unfavourable,0.39774454,0.897767398252352,0.4687606381125383,46.87606381125383,c1ccc(N(c2ccccc2)c2ccc(-c3ccc(-c4cccs4)s3)cc2)cc1,0.0,36,5,2,4,0.55,Moderate Suitability,2.7755575615628914e-17,0.6,0.42500000000000004,Unfavourable,0.41750950694084166,41.75095069408417,1282
COC(=O)c1c(Sc2c(O)cc(OC)c(C(=O)c3c(O)cc(C)cc3O)c2C(=O)OC)c(O)cc(OC)c1C(=O)c1c(O)cccc1O,CHEMBL5283067,6.00,nM,990.0,uM,0.99,6.00436480540245,Moderately Active,True,680.6400000000002,4.432220000000006,226.57999999999996,6,15,10,4,3,Fail,6.0219765,0.4,0.24999999999999994,0.25,0.31,Unfavourable,0.4882577,0.897767398252352,0.4195172229952744,41.95172229952744,O=C(c1ccccc1)c1cccc(Sc2cccc(C(=O)c3ccccc3)c2)c1,0.15151515151515152,48,4,6,14,0.2,Low Suitability,0.4000000000000001,0.55,0.35250000000000004,Unfavourable,0.4169167532920838,41.69167532920838,1283
C[C@H]1CC[C@@]2(OC1)O[C@H]1C[C@H]3[C@@H]4CC[C@@H]5C[C@@H](O)CC[C@]5(C)[C@H]4CC[C@]3(C)[C@H]1[C@@H]2C,CHEMBL1171146,,nM,100000.0,uM,100.0,4.0,Low Activity,True,416.64600000000024,5.793800000000006,38.69,1,3,0,6,1,Pass,4.141435,0.75,0.75,0.75,0.75,Moderate,0.1785906,0.897767398252352,0.47168366777371684,47.16836677737169,C1CCC2(CC3C(CC4C3CCC3C5CCCCC5CCC34)O2)OC1,1.0,30,0,1,3,0.8,High Suitability,0.35000000000000003,0.85,0.6950000000000001,Moderate,0.416474826157093,41.6474826157093,1284
CCN(CCCCCCOc1ccc(C(=O)/C=C/c2ccc(N(C)C)cc2)c(O)c1)Cc1ccc(N(C)C)cc1,CHEMBL4874405,5.86,nM,1380.0,uM,1.38,5.860120913598763,Low Activity,True,543.7520000000003,6.881600000000009,56.25000000000001,1,6,16,3,2,Fail,5.6023855,0.35,0.5,0.5,0.43999999999999995,Unfavourable,0.41916406,0.897767398252352,0.4614704006857805,46.14704006857805,O=C(C=Cc1ccccc1)c1ccc(OCCCCCCNCc2ccccc2)cc1,0.38235294117647056,40,3,1,6,0.55,Moderate Suitability,0.15000000000000002,0.4,0.3875,Unfavourable,0.41616524577140807,41.61652457714081,1285
COc1ccc(-c2cc3c(s2)c2sc(-c4ccc(/C=C(\C#N)C(N)=O)s4)cc2n3C(C)(C)C)cc1,CHEMBL3330753,6.26,nM,550.0,uM,0.55,6.259637310505756,Moderately Active,True,517.7010000000004,7.468880000000005,81.03999999999999,1,6,5,5,2,Fail,5.444979,0.5,0.5,0.5,0.5,Unfavourable,0.3932441,0.897767398252352,0.4665104137606554,46.651041376065535,c1ccc(-c2cc3[nH]c4cc(-c5cccs5)sc4c3s2)cc1,0.18518518518518517,35,5,2,5,0.55,Moderate Suitability,2.7755575615628914e-17,0.6,0.42500000000000004,Unfavourable,0.41503426015377043,41.503426015377045,1286
O=C(O)CCC(C(=O)/C=C/c1ccc(O)c(OC(F)(F)F)c1)C(=O)/C=C/c1ccc(O)c(OC(F)(F)F)c1,CHEMBL3667026,5.89,nM,1300.0,nM,1300.0,5.886056647693163,Low Activity,True,548.3880000000003,5.240800000000003,130.36,3,7,11,2,2,Fail,6.0918827,0.35,0.19999999999999996,0.5,0.35,Unfavourable,0.4997691,0.897767398252352,0.4747729157156877,47.47729157156877,O=C(C=Cc1ccccc1)CC(=O)C=Cc1ccccc1,0.20833333333333334,38,2,3,8,0.2,Low Suitability,0.15000000000000002,0.4,0.2575,Unfavourable,0.4149980182647705,41.499801826477054,1287
O=C(NCCCCN1CCOc2ccccc2C1)c1cc(O)c(C(=O)NCCCCN2CCOc3ccccc3C2)cc1O,CHEMBL4467746,5.26,nM,5470.0,uM,5.47,5.262012673666569,Low Activity,True,602.7320000000004,3.907000000000003,123.60000000000001,4,8,12,5,1,Pass,5.224847,0.6,0.24999999999999994,0.75,0.5399999999999999,Unfavourable,0.3569951,0.897767398252352,0.49788592278432164,49.78859227843216,O=C(NCCCCN1CCOc2ccccc2C1)c1ccc(C(=O)NCCCCN2CCOc3ccccc3C2)cc1,0.4117647058823529,44,3,4,10,0.2,Low Suitability,0.4000000000000001,0.55,0.4025000000000001,Unfavourable,0.4122223111391068,41.22223111391068,1288
C[C@@H]1C[C@@]23C[C@H]4C(C)(C)[C@@]5(C[C@]4(CN2C1=O)NC3=O)C(=O)Nc1c5ccc2c1OC=CC(C)(C)O2,CHEMBL3741682,,nM,300000.0,uM,300.0,3.5228787452803374,Low Activity,True,477.56100000000026,2.8656000000000015,96.97000000000001,2,5,0,8,0,Pass,3.670168,1.0,0.44999999999999996,1.0,0.835,Favourable,0.100987434,0.897767398252352,0.49588208710622106,49.588208710622105,O=C1CCC23CC4CC5(CC4(CN12)NC3=O)C(=O)Nc1c5ccc2c1OC=CCO2,0.5925925925925926,35,1,2,8,0.4,Low Suitability,0.8,1.0,0.7300000000000001,Moderate,0.4110430911481381,41.10430911481381,1289
O=C1NC(=O)C(=Cc2ccc(-c3ccc(-c4ccc(N(c5ccccc5)c5ccccc5)cc4)s3)s2)C(=O)N1,CHEMBL3330741,,nM,10000.0,uM,10.0,5.0,Low Activity,True,547.6610000000001,7.362800000000007,78.51,2,6,6,6,2,Fail,5.396243,0.5,0.5,0.5,0.5,Unfavourable,0.38521874,0.897767398252352,0.4624977396674089,46.24977396674089,O=C1NC(=O)C(=Cc2ccc(-c3ccc(-c4ccc(N(c5ccccc5)c5ccccc5)cc4)s3)s2)C(=O)N1,0.0,39,5,2,6,0.55,Moderate Suitability,2.7755575615628914e-17,0.6,0.42500000000000004,Unfavourable,0.41062031269073485,41.062031269073486,1290
CCCN(CCC)C(=O)c1cccc(C(=O)N[C@@H](Cc2ccccc2)[C@@H](N)C[C@@H](C)C(=O)N[C@H](C(=O)NCc2ccccc2)C(C)C)c1,CHEMBL199946,8.28,nM,5.2,uM,0.0052,8.2839966563652,Highly Active,True,655.8840000000001,5.1006000000000045,133.63,4,5,18,3,2,Fail,6.342594,0.35,0.0,0.5,0.29,Unfavourable,0.54105353,0.897767398252352,0.4774151366896562,47.74151366896562,O=C(CCCC(Cc1ccccc1)NC(=O)c1ccccc1)NCC(=O)NCc1ccccc1,0.4358974358974359,48,3,5,9,0.0,Low Suitability,0.15000000000000002,0.4,0.1775,Unfavourable,0.40970443749427793,40.970443749427794,1291
CCN(CCCCCCOc1ccc(C(=O)/C=C/c2ccc(N(C)C)cc2)c(O)c1)Cc1ccccc1,CHEMBL4872327,5.50,nM,3170.0,uM,3.17,5.498940737782249,Low Activity,True,500.6830000000003,6.815600000000008,53.010000000000005,1,5,15,3,2,Fail,5.527699,0.35,0.5,0.5,0.43999999999999995,Unfavourable,0.40686548,0.897767398252352,0.455321108693593,45.5321108693593,O=C(C=Cc1ccccc1)c1ccc(OCCCCCCNCc2ccccc2)cc1,0.34375,37,3,1,5,0.55,Moderate Suitability,0.15000000000000002,0.4,0.3875,Unfavourable,0.40940101265907286,40.94010126590729,1292
COC(=O)[C@]1(O)C[C@@H](O)[C@@H](O)[C@H](OC(=O)/C=C/c2ccc(O)c(O)c2)C1,CHEMBL416955,,nM,100000.0,uM,100.0,4.0,Low Activity,True,368.33800000000014,-0.5575000000000003,153.75,5,9,4,2,0,Pass,4.0154953,0.65,0.49999999999999994,1.0,0.71,Moderate,0.15785223,0.897767398252352,0.4868144861407212,48.68144861407212,O=C(C=Cc1ccccc1)OC1CCCCC1,0.4117647058823529,26,1,5,9,0.25,Low Suitability,1.0,0.8,0.6325000000000001,Moderate,0.4081937323212623,40.81937323212623,1293
O=C(/C=C/c1ccc(C(F)(F)F)cc1)Nc1ccc2c(c1)C[C@H]1CC[C@@H](C2)[C@H]1NS(=O)(=O)c1ccc(Cl)s1,CHEMBL3692700,,nM,200000.0,nM,200000.0,3.6989700043360187,Low Activity,True,581.0810000000002,6.544100000000004,75.27000000000001,2,4,6,5,2,Fail,5.251634,0.5,0.5,0.5,0.5,Unfavourable,0.3614061,0.897767398252352,0.45059141385030077,45.059141385030074,O=C(C=Cc1ccccc1)Nc1ccc2c(c1)CC1CCC(C2)C1NS(=O)(=O)c1cccs1,0.2962962962962963,38,3,2,5,0.55,Moderate Suitability,0.15000000000000002,0.6,0.45499999999999996,Unfavourable,0.4080233542919159,40.80233542919159,1294
O=C(/C=C/c1ccc(O)c(O)c1)O[C@H]1[C@H](O)C[C@](OC(=O)/C=C/c2ccc(O)c(O)c2)(C(=O)O)C[C@H]1OC(=O)/C=C/c1ccc(O)c(O)c1,CHEMBL2146607,5.66,nM,2200.0,uM,2.2,5.657577319177793,Low Activity,True,678.5990000000003,2.7051000000000007,257.80999999999995,8,14,10,4,3,Fail,5.7672143,0.4,0.24999999999999994,0.25,0.31,Unfavourable,0.44630623,0.897767398252352,0.3985414842314652,39.85414842314652,O=C(C=Cc1ccccc1)OC1CCC(OC(=O)C=Cc2ccccc2)C(OC(=O)C=Cc2ccccc2)C1,0.17647058823529413,49,3,8,15,0.2,Low Suitability,0.6000000000000001,0.55,0.39250000000000007,Unfavourable,0.4078434376716614,40.78434376716614,1295
O=C(NCCCCCCNc1c2c(nc3ccccc13)CCCC2)c1cc2ccccc2oc1=O,CHEMBL3326704,,nM,100000.0,uM,100.0,4.0,Low Activity,True,469.5850000000004,5.622300000000005,84.22999999999999,2,5,9,5,1,Pass,4.4204855,0.75,0.5,0.75,0.675,Moderate,0.2245416,0.897767398252352,0.4721591721720628,47.21591721720628,O=C(NCCCCCCNc1c2c(nc3ccccc13)CCCC2)c1cc2ccccc2oc1=O,0.3448275862068966,35,4,2,6,0.55,Moderate Suitability,0.35000000000000003,0.85,0.595,Unfavourable,0.4067478884458542,40.67478884458542,1296
O=C(NCCCCCNc1c2c(nc3ccccc13)CCCC2)c1cc2ccccc2oc1=O,CHEMBL3326698,,nM,100000.0,uM,100.0,4.0,Low Activity,True,455.55800000000033,5.232200000000004,84.22999999999999,2,5,8,5,1,Pass,4.399782,0.75,0.5,0.75,0.675,Moderate,0.2211324,0.897767398252352,0.4704545687384538,47.04545687384538,O=C(NCCCCCNc1c2c(nc3ccccc13)CCCC2)c1cc2ccccc2oc1=O,0.32142857142857145,34,4,2,6,0.55,Moderate Suitability,0.35000000000000003,0.85,0.595,Unfavourable,0.40487282317876816,40.48728231787682,1297
CC(C)(C)n1c2cc(-c3ccc(N(c4ccccc4)c4ccccc4)cc3)sc2c2sc(-c3ccc(C=O)s3)cc21,CHEMBL3330746,,nM,10000.0,uM,10.0,5.0,Low Activity,True,588.8230000000002,11.350299999999983,25.240000000000002,0,5,6,7,2,Fail,5.4185004,0.5,0.5,0.5,0.5,Unfavourable,0.38888383,0.897767398252352,0.4643302844710283,46.43302844710283,c1ccc(N(c2ccccc2)c2ccc(-c3cc4[nH]c5cc(-c6cccs6)sc5c4s3)cc2)cc1,0.11428571428571428,41,7,0,3,0.55,Moderate Suitability,2.7755575615628914e-17,0.4,0.395,Unfavourable,0.40213611197471616,40.213611197471614,1298
COc1cc(/C=C/c2cc(/C=C/c3ccc(OCC(=O)OC(C)(C)C)c(OC)c3)on2)ccc1OCC(=O)OC(C)(C)C,CHEMBL5174150,,nM,1000.0,nM,1000.0,6.0,Moderately Active,True,593.6730000000002,6.473600000000006,115.55000000000003,0,10,12,3,2,Fail,5.9465346,0.35,0.19999999999999996,0.5,0.35,Unfavourable,0.4758348,0.897767398252352,0.46280576335858625,46.280576335858626,C(=Cc1cc(C=Cc2ccccc2)on1)c1ccccc1,0.36363636363636365,43,3,0,10,0.2,Low Suitability,0.15000000000000002,0.4,0.2575,Unfavourable,0.4018341238498688,40.18341238498688,1299
CCCCNC(=O)[C@@H](CCC)[C@@H](CC(C)C)C(=O)N[C@H]1CCCCN(Cc2cccc(Oc3ccccc3)c2)C1=O,CHEMBL205714,5.30,nM,5000.0,nM,5000.0,5.301029995663981,Low Activity,True,563.7830000000004,6.471100000000007,87.74000000000001,2,4,15,3,2,Fail,5.4410334,0.35,0.5,0.5,0.43999999999999995,Unfavourable,0.39259434,0.897767398252352,0.4481855386443071,44.81855386443071,O=C1CCCCCN1Cc1cccc(Oc2ccccc2)c1,0.5588235294117647,41,2,2,7,0.55,Moderate Suitability,0.15000000000000002,0.4,0.3875,Unfavourable,0.4015518856048584,40.15518856048584,1300
COC(=O)[C@]1(O)C[C@@H](OC(=O)/C=C/c2ccc(O)c(O)c2)[C@@H](OC(=O)/C=C/c2ccc(O)c(O)c2)[C@H](OC(=O)/C=C/c2ccc(O)c(O)c2)C1,CHEMBL2146608,5.52,nM,3000.0,uM,3.0,5.522878745280337,Low Activity,True,692.6260000000002,2.7935000000000034,246.80999999999997,7,15,10,4,3,Fail,5.697541,0.4,0.24999999999999994,0.25,0.31,Unfavourable,0.43483323,0.897767398252352,0.39280498420666965,39.280498420666966,O=C(C=Cc1ccccc1)OC1CCCC(OC(=O)C=Cc2ccccc2)C1OC(=O)C=Cc1ccccc1,0.2,50,3,7,15,0.2,Low Suitability,0.6000000000000001,0.55,0.39250000000000007,Unfavourable,0.40153328764438634,40.15332876443863,1301
CCC[C@H](C(=O)NC1CCCC1)[C@@H](CC(C)C)C(=O)N[C@H]1CCCCN(Cc2cccc(Oc3ccccc3)c2)C1=O,CHEMBL381336,5.22,nM,6000.0,nM,6000.0,5.221848749616356,Low Activity,True,575.7940000000003,6.613600000000007,87.74000000000001,2,4,13,4,2,Fail,5.440801,0.35,0.5,0.5,0.43999999999999995,Unfavourable,0.39255607,0.897767398252352,0.4481664055533342,44.81664055533342,O=C(CCC(=O)NC1CCCCN(Cc2cccc(Oc3ccccc3)c2)C1=O)NC1CCCC1,0.5714285714285714,42,2,2,7,0.55,Moderate Suitability,0.15000000000000002,0.4,0.3875,Unfavourable,0.40153084516525267,40.15308451652527,1302
CCC[C@H](C(=O)NC/C=C/Cc1ccccc1)[C@@H](CC(C)C)C(=O)N[C@H]1CCCCN(Cc2cccc(Oc3ccccc3)c2)C1=O,CHEMBL204443,5.52,nM,3000.0,nM,3000.0,5.522878745280337,Low Activity,True,637.8650000000004,7.469900000000009,87.74000000000001,2,4,16,4,2,Fail,5.4324274,0.35,0.5,0.5,0.43999999999999995,Unfavourable,0.39117718,0.897767398252352,0.44747695862721726,44.74769586272173,O=C(CCC(=O)NC1CCCCN(Cc2cccc(Oc3ccccc3)c2)C1=O)NCC=CCc1ccccc1,0.425,47,3,2,7,0.55,Moderate Suitability,0.15000000000000002,0.4,0.3875,Unfavourable,0.4007724505662918,40.07724505662918,1303
CCCN(CCC)C(=O)c1cccc(C(=O)N[C@@H](CC(C)C)[C@@H](O)C[C@@H](C)C(=O)N[C@H](C(=O)NCc2ccccc2)C(C)C)c1,CHEMBL200116,,nM,6700.0,uM,6.7,5.173925197299173,Low Activity,True,622.8510000000003,4.937600000000004,127.84,4,5,18,2,1,Pass,5.0977516,0.6,0.24999999999999994,0.75,0.5399999999999999,Unfavourable,0.33606642,0.897767398252352,0.4874215823359421,48.74215823359421,O=C(CCCCNC(=O)c1ccccc1)NCC(=O)NCc1ccccc1,0.5555555555555556,45,2,4,9,0.2,Low Suitability,0.4000000000000001,0.55,0.4025000000000001,Unfavourable,0.4007115366458893,40.071153664588934,1304
CCN(CCCCCCNC1=CC(=O)C(NCCCCCCN(CC)Cc2ccccc2OC)=CC1=O)Cc1ccccc1OC,CHEMBL231160,5.23,nM,5930.0,uM,5.93,5.226945306635738,Low Activity,True,632.8900000000003,6.2674000000000065,83.14,2,8,24,3,2,Fail,5.3683243,0.35,0.5,0.5,0.43999999999999995,Unfavourable,0.38062137,0.897767398252352,0.4421990567393236,44.21990567393236,O=C1C=C(NCCCCCCNCc2ccccc2)C(=O)C=C1NCCCCCCNCc1ccccc1,0.5263157894736842,46,2,2,8,0.55,Moderate Suitability,0.15000000000000002,0.4,0.3875,Unfavourable,0.3949667644500732,39.496676445007324,1305
COc1cc(/C=C/C(=O)Oc2cc(O)c3c(c2)O[C@H](c2ccc4c(c2)O[C@@H](c2ccc(O)c(OC)c2)[C@H](CO)O4)[C@@H](O)C3=O)ccc1O,CHEMBL4217978,4.36,nM,43600.0,uM,43.6,4.360513510731414,Low Activity,True,658.6120000000004,3.990100000000005,190.67,5,13,8,6,2,Fail,5.495354,0.4,0.24999999999999994,0.5,0.385,Unfavourable,0.40153927,0.897767398252352,0.43615800296735086,43.61580029673509,O=C(C=Cc1ccccc1)Oc1ccc2c(c1)OC(c1ccc3c(c1)OC(c1ccccc1)CO3)CC2=O,0.2,48,4,5,13,0.2,Low Suitability,0.4000000000000001,0.55,0.35250000000000004,Unfavourable,0.39422160828113556,39.422160828113554,1306
COc1cc(/C=C/C(=O)Oc2cc(O)c3c(c2)O[C@H](c2ccc4c(c2)O[C@H](c2ccc(O)c(OC)c2)[C@@H](CO)O4)[C@@H](O)C3=O)ccc1O,CHEMBL4207221,4.07,nM,85500.0,uM,85.5,4.068033885271827,Low Activity,True,658.6120000000004,3.990100000000005,190.67,5,13,8,6,2,Fail,5.495354,0.4,0.24999999999999994,0.5,0.385,Unfavourable,0.40153927,0.897767398252352,0.43615800296735086,43.61580029673509,O=C(C=Cc1ccccc1)Oc1ccc2c(c1)OC(c1ccc3c(c1)OC(c1ccccc1)CO3)CC2=O,0.2,48,4,5,13,0.2,Low Suitability,0.4000000000000001,0.55,0.35250000000000004,Unfavourable,0.39422160828113556,39.422160828113554,1307
O=c1ccoc2cc(OCCCN3CCN(CCCNc4c5c(nc6ccccc46)CCCC5)CC3)ccc12,CHEMBL2436692,4.94,nM,11500.0,uM,11.5,4.939302159646388,Low Activity,True,526.6810000000004,5.108700000000005,70.84,1,7,10,6,2,Fail,5.0894027,0.5,0.5,0.5,0.5,Unfavourable,0.33469158,0.897767398252352,0.43723416196774767,43.723416196774764,O=c1ccoc2cc(OCCCN3CCN(CCCNc4c5c(nc6ccccc46)CCCC5)CC3)ccc12,0.4375,39,4,1,7,0.55,Moderate Suitability,0.15000000000000002,0.6,0.45499999999999996,Unfavourable,0.3933303772211075,39.333037722110745,1308
N#C/C(=C\c1ccc(-c2ccc(-c3ccc(N(c4ccccc4)c4ccccc4)cc3)s2)s1)C(=O)O,CHEMBL3330737,,nM,410.0,uM,0.41,6.3872161432802645,Moderately Active,True,504.63600000000014,8.604980000000005,64.33,1,5,7,5,2,Fail,5.2016735,0.5,0.5,0.5,0.5,Unfavourable,0.35317916,0.897767398252352,0.4464779483027391,44.64779483027391,c1ccc(N(c2ccccc2)c2ccc(-c3ccc(-c4cccs4)s3)cc2)cc1,0.0,36,5,1,4,0.55,Moderate Suitability,2.7755575615628914e-17,0.6,0.42500000000000004,Unfavourable,0.39299854218959807,39.29985421895981,1309
c1ccc2c(NCCSSCCNc3c4c(nc5ccccc35)CCCC4)c3c(nc2c1)CCCC3,CHEMBL3235503,4.62,nM,24200.0,uM,24.2,4.616184634019569,Low Activity,True,514.7640000000004,7.446000000000006,49.84,2,6,9,6,2,Fail,5.085298,0.5,0.5,0.5,0.5,Unfavourable,0.33401573,0.897767398252352,0.4368962334341936,43.689623343419356,c1ccc2c(NCCSSCCNc3c4c(nc5ccccc35)CCCC4)c3c(nc2c1)CCCC3,0.4,36,4,2,4,0.55,Moderate Suitability,0.15000000000000002,0.6,0.45499999999999996,Unfavourable,0.39295865285396575,39.29586528539657,1310
O=C(/C=C/c1ccc(O)c(O)c1)O[C@@H]1C[C@](O)(C(=O)O)C[C@@H](O)[C@H]1O,CHEMBL284616,4.03,nM,92900.0,uM,92.9,4.031984286006359,Low Activity,True,354.31100000000004,-0.6459000000000001,164.75,6,8,4,2,1,Pass,4.1128983,0.65,0.49999999999999994,0.75,0.635,Moderate,0.17389148,0.897767398252352,0.43483411228131574,43.48341122813157,O=C(C=Cc1ccccc1)OC1CCCCC1,0.375,25,1,6,9,0.25,Low Suitability,1.0,0.8,0.6325000000000001,Moderate,0.39201531660556793,39.201531660556796,1311
Cl.O=C(NCCCNc1c2c(nc3cc(Cl)ccc13)CCCC2)c1nc2ccc([N+](=O)[O-])cc2s1,CHEMBL5408201,5.42,nM,3800.0,uM,3.8,5.42021640338319,Low Activity,True,532.4530000000003,5.938700000000003,110.05000000000001,2,7,7,5,2,Fail,5.547066,0.5,0.19999999999999996,0.5,0.41000000000000003,Unfavourable,0.41005468,0.897767398252352,0.447915711755269,44.7915711755269,O=C(NCCCNc1c2c(nc3ccccc13)CCCC2)c1nc2ccccc2s1,0.2916666666666667,35,4,2,8,0.2,Low Suitability,0.15000000000000002,0.6,0.32499999999999996,Unfavourable,0.3892800879478454,38.92800879478454,1312
CC(C)(C)n1c2cc(-c3ccc(N(c4ccccc4)c4ccccc4)cc3)sc2c2sc(-c3ccc(/C=C(\C#N)C(N)=O)s3)cc21,CHEMBL3330748,,nM,10000.0,uM,10.0,5.0,Low Activity,True,654.886,10.93007999999999,75.05000000000001,1,6,7,7,2,Fail,5.2545905,0.5,0.5,0.5,0.5,Unfavourable,0.36189294,0.897767398252352,0.45083483921956347,45.08348392195634,c1ccc(N(c2ccccc2)c2ccc(-c3cc4[nH]c5cc(-c6cccs6)sc5c4s3)cc2)cc1,0.10526315789473684,46,7,2,5,0.55,Moderate Suitability,2.7755575615628914e-17,0.4,0.395,Unfavourable,0.3872911132574081,38.72911132574081,1313
COc1cc2c(Nc3ccc(C(=O)/C=C/c4nc(C)c(C)nc4C)cc3)ncnc2c(OC)c1OC,CHEMBL5208951,4.57,nM,26700.0,uM,26.7,4.573488738635425,Low Activity,True,485.54400000000027,5.010560000000004,108.35000000000001,1,9,8,4,1,Pass,4.698812,0.75,0.19999999999999996,0.75,0.585,Unfavourable,0.2703734,0.897767398252352,0.46807507192563336,46.807507192563335,O=C(C=Cc1cnccn1)c1ccc(Nc2ncnc3ccccc23)cc1,0.2222222222222222,36,4,1,9,0.2,Low Suitability,0.35000000000000003,0.85,0.465,Unfavourable,0.3864553781747818,38.64553781747818,1314
Cl.Cl.c1ccc2c(NCCCCCCCNc3c4c(nc5ccccc35)CCCC4)c3c(nc2c1)CCCC3,CHEMBL3752685,5.08,nM,8400.0,uM,8.4,5.075720713938118,Low Activity,True,565.633,8.858700000000002,49.84,2,4,10,6,2,Fail,4.996356,0.5,0.5,0.5,0.5,Unfavourable,0.31936967,0.897767398252352,0.4295732067770891,42.95732067770891,c1ccc2c(NCCCCCCCNc3c4c(nc5ccccc35)CCCC4)c3c(nc2c1)CCCC3,0.45454545454545453,39,4,2,4,0.55,Moderate Suitability,0.15000000000000002,0.6,0.45499999999999996,Unfavourable,0.3849033235311508,38.49033235311508,1315
COc1cc2c(cc1OC)C(=O)/C(=C/c1ccc(N3CCN(C(c4ccc(F)cc4)c4ccc(F)cc4)CC3)cc1)C2,CHEMBL3925265,5.13,nM,7400.0,uM,7.4,5.130768280269024,Low Activity,True,566.648,6.716000000000007,42.010000000000005,0,5,7,6,2,Fail,4.9615126,0.5,0.5,0.5,0.5,Unfavourable,0.31363207,0.897767398252352,0.42670440542172716,42.67044054217271,O=C1C(=Cc2ccc(N3CCN(C(c4ccccc4)c4ccccc4)CC3)cc2)Cc2ccccc21,0.22857142857142856,42,4,0,5,0.55,Moderate Suitability,0.15000000000000002,0.6,0.45499999999999996,Unfavourable,0.3817476450204849,38.17476450204849,1316
c1ccc(Nc2cc(CNCCN3CCCCC3)cc(CNCCN3CCCCC3)c2)c(CN2CCCCC2)c1,CHEMBL4226025,5.34,nM,4600.0,uM,4.6,5.337242168318426,Low Activity,True,546.8480000000004,5.567100000000005,45.81,3,6,14,5,2,Fail,5.2197566,0.35,0.5,0.5,0.43999999999999995,Unfavourable,0.3561569,0.897767398252352,0.4299668127245836,42.99668127245836,c1ccc(Nc2cc(CNCCN3CCCCC3)cc(CNCCN3CCCCC3)c2)c(CN2CCCCC2)c1,0.6470588235294118,40,2,3,6,0.55,Moderate Suitability,0.15000000000000002,0.4,0.3875,Unfavourable,0.3815112841129303,38.15112841129303,1317
CC(C)=CC(=O)C/C(C)=C/CC/C(C)=C/Cc1c(O)cc(C)c(C(=O)O)c1O,CHEMBL4644047,,nM,150800.0,uM,150.8,3.821598658466245,Low Activity,True,386.4880000000001,5.245120000000006,94.83,3,4,9,1,1,Pass,4.0810256,0.75,0.44999999999999996,0.75,0.66,Moderate,0.16864306,0.897767398252352,0.43970989858578957,43.97098985857896,c1ccccc1,0.391304347826087,28,1,3,5,0.45,Low Suitability,0.55,0.85,0.605,Moderate,0.37950368601083756,37.95036860108375,1318
COc1cc2c(cc1OC)C(=O)/C(=C/c1ccc(N3CCN(C(c4ccccc4)c4ccccc4)CC3)cc1)C2,CHEMBL3944195,4.91,nM,12200.0,uM,12.2,4.913640169325252,Low Activity,True,530.6680000000002,6.437800000000007,42.010000000000005,0,5,7,6,2,Fail,4.9265695,0.5,0.5,0.5,0.5,Unfavourable,0.30787802,0.897767398252352,0.4238273786253862,42.38273786253862,O=C1C(=Cc2ccc(N3CCN(C(c4ccccc4)c4ccccc4)CC3)cc2)Cc2ccccc21,0.22857142857142856,40,4,0,5,0.55,Moderate Suitability,0.15000000000000002,0.6,0.45499999999999996,Unfavourable,0.37858290660381316,37.858290660381314,1319
O=C(O)c1cc(/C=C/c2ccc(/C=C/c3ccc(O)c(C(=O)O)c3)c(I)c2)ccc1O,CHEMBL418455,5.10,nM,8000.0,uM,8.0,5.096910013008056,Low Activity,True,528.2980000000001,5.439600000000005,115.06,4,4,6,3,2,Fail,5.7254267,0.5,0.0,0.5,0.35,Unfavourable,0.4394251,0.897767398252352,0.4446009253210954,44.46009253210954,C(=Cc1ccc(C=Cc2ccccc2)cc1)c1ccccc1,0.0,31,3,4,6,0.0,Low Suitability,0.15000000000000002,0.6,0.245,Unfavourable,0.37743381094932554,37.74338109493255,1320
COc1ccc(Cn2cc(CNC(=O)[C@@H](C)CC[C@H]3O[C@H]4C[C@H]5[C@@H]6CC[C@@H]7C[C@@H](OCc8ccccc8)CC[C@]7(C)[C@H]6CC[C@]5(C)[C@H]4[C@@H]3C)nn2)cc1,CHEMBL4176559,5.23,nM,5840.0,uM,5.84,5.2335871528876,Low Activity,True,723.0149999999998,8.625200000000007,87.5,1,6,12,8,2,Fail,5.154728,0.35,0.5,0.5,0.43999999999999995,Unfavourable,0.34544867,0.897767398252352,0.4246127062983446,42.46127062983446,O=C(CCCC1CC2C(CC3C2CCC2C4CCC(OCc5ccccc5)CC4CCC23)O1)NCc1cn(Cc2ccccc2)nn1,0.6666666666666666,53,3,1,8,0.55,Moderate Suitability,0.15000000000000002,0.4,0.3875,Unfavourable,0.3756217789649963,37.562177896499634,1321
CN1C(=O)C(=Cc2ccc(-c3ccc(-c4ccc(N(c5ccccc5)c5ccccc5)cc4)s3)s2)C(=O)N(C)C1=O,CHEMBL3330742,,nM,10000.0,uM,10.0,5.0,Low Activity,True,575.715,8.047200000000007,60.93000000000001,0,6,6,6,2,Fail,4.9822664,0.5,0.5,0.5,0.5,Unfavourable,0.31704956,0.897767398252352,0.42841315137814806,42.8413151378148,O=C1NC(=O)C(=Cc2ccc(-c3ccc(-c4ccc(N(c5ccccc5)c5ccccc5)cc4)s3)s2)C(=O)N1,0.06060606060606061,41,5,0,6,0.55,Moderate Suitability,2.7755575615628914e-17,0.6,0.42500000000000004,Unfavourable,0.37312726259231566,37.31272625923157,1322
c1ccc(-c2cc(CNCCN3CCCCC3)cc(CNCCN3CCCCC3)c2)c(CN2CCCCC2)c1,CHEMBL4227708,,nM,10000.0,uM,10.0,5.0,Low Activity,True,531.8330000000004,5.490500000000005,33.78,2,5,13,5,2,Fail,5.1183143,0.35,0.5,0.5,0.43999999999999995,Unfavourable,0.33945245,0.897767398252352,0.42161459266614243,42.161459266614244,c1ccc(-c2cc(CNCCN3CCCCC3)cc(CNCCN3CCCCC3)c2)c(CN2CCCCC2)c1,0.6470588235294118,39,2,2,5,0.55,Moderate Suitability,0.15000000000000002,0.4,0.3875,Unfavourable,0.37232385396957396,37.2323853969574,1323
O=C(CCCCN1CCC2c3ccccc3NC2C1)Oc1ccc(/C=C2\CCn3c2nc2ccccc2c3=O)cc1,CHEMBL4791642,5.69,nM,2050.0,uM,2.05,5.688246138944246,Low Activity,True,546.6710000000004,5.700100000000005,76.46000000000001,1,6,7,7,2,Fail,4.856894,0.5,0.5,0.5,0.5,Unfavourable,0.2964046,0.897767398252352,0.418090669984334,41.809066998433394,O=C(CCCCN1CCC2c3ccccc3NC2C1)Oc1ccc(C=C2CCn3c2nc2ccccc2c3=O)cc1,0.3235294117647059,41,4,1,7,0.55,Moderate Suitability,0.15000000000000002,0.6,0.45499999999999996,Unfavourable,0.37227253305912017,37.227253305912015,1324
O=C(CCCCCN1CCC2c3ccccc3NC2C1)Oc1ccc(/C=C2\CCn3c2nc2ccccc2c3=O)cc1,CHEMBL4750451,4.82,nM,15120.0,uM,15.12,4.820448208834812,Low Activity,True,560.6980000000004,6.0902000000000065,76.46000000000001,1,6,8,7,2,Fail,4.8535347,0.5,0.5,0.5,0.5,Unfavourable,0.2958514,0.897767398252352,0.4178140746302538,41.781407463025374,O=C(CCCCCN1CCC2c3ccccc3NC2C1)Oc1ccc(C=C2CCn3c2nc2ccccc2c3=O)cc1,0.34285714285714286,42,4,1,7,0.55,Moderate Suitability,0.15000000000000002,0.6,0.45499999999999996,Unfavourable,0.3719682811498642,37.19682811498642,1325
COC(=O)c1c(O)cc(C)c(Sc2c(O)cc(OC)c(Oc3c(O)cc(C)cc3O)c2O)c1C(=O)c1c(O)cc(C)cc1O,CHEMBL5273520,7.00,nM,100.0,uM,0.1,7.0,Highly Active,True,624.6200000000003,5.520760000000009,203.44,7,13,8,4,4,Fail,6.667462,0.15000000000000002,0.0,0.0,0.06000000000000001,Unfavourable,0.5945492,0.897767398252352,0.3601629594511918,36.01629594511918,O=C(c1ccccc1)c1ccccc1Sc1cccc(Oc2ccccc2)c1,0.16129032258064516,44,4,7,12,0.0,Low Suitability,0.15000000000000002,0.4,0.1275,Unfavourable,0.37162704849243167,37.16270484924317,1326
O=C(CCOc1ccc(F)cc1)Nc1ccc2c(c1)C[C@H]1CC[C@@H](C2)[C@H]1NS(=O)(=O)c1ccc(Cl)s1,CHEMBL3692698,4.70,nM,20000.0,nM,20000.0,4.698970004336019,Low Activity,True,549.0890000000003,5.420100000000005,84.5,2,5,8,5,2,Fail,4.831641,0.5,0.5,0.5,0.5,Unfavourable,0.29224622,0.897767398252352,0.416011481160634,41.6011481160634,O=C(CCOc1ccccc1)Nc1ccc2c(c1)CC1CCC(C2)C1NS(=O)(=O)c1cccs1,0.34615384615384615,36,3,2,6,0.55,Moderate Suitability,0.15000000000000002,0.6,0.45499999999999996,Unfavourable,0.36998542833328246,36.998542833328244,1327
O=C(CCCCCN1CCC2c3ccccc3NC2C1)Nc1ccc(/C=C2\CCn3c2nc2ccccc2c3=O)cc1,CHEMBL4763981,4.74,nM,18300.0,uM,18.3,4.73754891026957,Low Activity,True,559.7140000000004,6.123300000000006,79.26,2,5,8,7,2,Fail,4.8058114,0.5,0.5,0.5,0.5,Unfavourable,0.2879929,0.897767398252352,0.4138848172373705,41.388481723737044,O=C(CCCCCN1CCC2c3ccccc3NC2C1)Nc1ccc(C=C2CCn3c2nc2ccccc2c3=O)cc1,0.34285714285714286,42,4,2,7,0.55,Moderate Suitability,0.15000000000000002,0.6,0.45499999999999996,Unfavourable,0.3676460950374603,36.76460950374603,1328
COc1cc(OCCCN2CCN(CCCNc3c4c(nc5ccccc35)CCCC4)CC2)cc2occc(=O)c12,CHEMBL2436691,4.90,nM,12600.0,uM,12.6,4.8996294548824375,Low Activity,True,556.7070000000003,5.117300000000005,80.07000000000001,1,8,11,6,2,Fail,5.0583344,0.35,0.5,0.5,0.43999999999999995,Unfavourable,0.3295756,0.897767398252352,0.416676169032567,41.6676169032567,O=c1ccoc2cc(OCCCN3CCN(CCCNc4c5c(nc6ccccc46)CCCC5)CC3)ccc12,0.45454545454545453,41,4,1,8,0.55,Moderate Suitability,0.15000000000000002,0.4,0.3875,Unfavourable,0.366891576051712,36.689157605171204,1329
O=c1cc(-c2ccccc2)oc2cc(OCCN3CCN(CCCNc4c5c(nc6ccccc46)CCCC5)CC3)ccc12,CHEMBL2436698,5.01,nM,9800.0,uM,9.8,5.008773924307505,Low Activity,True,588.7520000000002,6.385600000000006,70.84,1,7,10,7,2,Fail,4.912177,0.5,0.5,0.5,0.5,Unfavourable,0.30550802,0.897767398252352,0.4226423786826067,42.264237868260665,O=c1cc(-c2ccccc2)oc2cc(OCCN3CCN(CCCNc4c5c(nc6ccccc46)CCCC5)CC3)ccc12,0.35135135135135137,44,5,1,7,0.55,Moderate Suitability,2.7755575615628914e-17,0.6,0.42500000000000004,Unfavourable,0.36677941262722014,36.677941262722015,1330
O=c1cc(-c2ccccc2)oc2cc(OCCN3CCN(CCNc4c5c(nc6ccccc46)CCCC5)CC3)ccc12,CHEMBL2436693,4.78,nM,16800.0,uM,16.8,4.774690718274137,Low Activity,True,574.7250000000003,5.995500000000006,70.84,1,7,9,7,2,Fail,4.907562,0.5,0.5,0.5,0.5,Unfavourable,0.304748,0.897767398252352,0.4222623692698412,42.226236926984114,O=c1cc(-c2ccccc2)oc2cc(OCCN3CCN(CCNc4c5c(nc6ccccc46)CCCC5)CC3)ccc12,0.3333333333333333,43,5,1,7,0.55,Moderate Suitability,2.7755575615628914e-17,0.6,0.42500000000000004,Unfavourable,0.3663614052534103,36.636140525341034,1331
COc1cc2c(cc1OC)-c1c(-c3ccc(Cl)cc3)c(/C=N/c3ccc(/N=C/c4cn5c(c4-c4ccc(Cl)cc4)-c4cc(OC)c(OC)cc4CC5)cc3)cn1CC2,CHEMBL5425561,4.89,nM,13000.0,uM,13.0,4.886056647693163,Low Activity,True,807.7779999999998,11.912199999999986,71.5,0,6,10,9,2,Fail,5.0222974,0.5,0.5,0.5,0.5,Unfavourable,0.32364142,0.897767398252352,0.43170907961797045,43.17090796179704,C(=Nc1ccc(N=Cc2cn3c(c2-c2ccccc2)-c2ccccc2CC3)cc1)c1cn2c(c1-c1ccccc1)-c1ccccc1CC2,0.16666666666666666,58,7,0,8,0.55,Moderate Suitability,2.7755575615628914e-17,0.4,0.395,Unfavourable,0.36625278961658475,36.62527896165847,1332
O=c1cc(-c2ccccc2)oc2cc(OCCCN3CCN(CCNc4c5c(nc6ccccc46)CCCC5)CC3)ccc12,CHEMBL2436694,4.86,nM,13700.0,uM,13.7,4.863279432843593,Low Activity,True,588.7520000000002,6.385600000000006,70.84,1,7,10,7,2,Fail,4.896486,0.5,0.5,0.5,0.5,Unfavourable,0.30292416,0.897767398252352,0.4213504480071001,42.135044800710006,O=c1cc(-c2ccccc2)oc2cc(OCCCN3CCN(CCNc4c5c(nc6ccccc46)CCCC5)CC3)ccc12,0.35135135135135137,44,5,1,7,0.55,Moderate Suitability,2.7755575615628914e-17,0.6,0.42500000000000004,Unfavourable,0.3653582888841629,36.53582888841629,1333
COC(=O)c1cc(O)cc(OC)c1C(=O)c1c(O)cc(CO[C@H]2O[C@H](CO)[C@@H](O)[C@H](O)[C@H]2O)cc1O,CHEMBL5274298,5.99,nM,1030.0,uM,1.03,5.987162775294828,Low Activity,True,510.4480000000002,-0.8539000000000003,212.67,7,13,8,3,3,Fail,5.439095,0.4,0.24999999999999994,0.25,0.31,Unfavourable,0.39227515,0.897767398252352,0.37152594720792087,37.15259472079209,O=C(c1ccccc1)c1ccc(COC2CCCCO2)cc1,0.391304347826087,36,2,7,13,0.0,Low Suitability,0.6000000000000001,0.55,0.35250000000000004,Unfavourable,0.3641263350248337,36.412633502483374,1334
CCN(CC)CCCCC(C)Nc1c2ccccc2nc2c(C(=O)NCCCO/N=C/C(=O)NCCCC[C@@H]3NC(=O)CNC(=O)[C@@H]4CCCN4C(=O)[C@H](CCCCN)NC(=O)[C@@H]4CCCN4C(=O)[C@H](CCCCN)NC(=O)CNC(=O)[C@@H]4CCCN4C(=O)[C@H](CCCCN)NC(=O)[C@@H]4CCCN4C3=O)cccc12,CHEMBL4465480,5.70,nM,2000.0,uM,2.0,5.698970004336019,Low Activity,True,1518.9190000000003,1.6454999999999806,441.8499999999999,12,20,33,8,3,Fail,5.5229187,0.25,0.24999999999999994,0.25,0.25,Unfavourable,0.40607834,0.897767398252352,0.36042753922414106,36.04275392241411,O=C(C=NOCCCNC(=O)c1cccc2cc3ccccc3nc12)NCCCCC1NC(=O)CNC(=O)C2CCCN2C(=O)CNC(=O)C2CCCN2C(=O)CNC(=O)CNC(=O)C2CCCN2C(=O)CNC(=O)C2CCCN2C1=O,0.6623376623376623,109,3,15,32,0.2,Low Suitability,0.6000000000000001,0.35000000000000003,0.325,Unfavourable,0.36209308922290806,36.20930892229081,1335
CC(C)(C)n1c2cc(-c3ccc(N(c4ccccc4)c4ccccc4)cc3)sc2c2sc(-c3ccc(C=C(C#N)C#N)s3)cc21,CHEMBL3330747,,nM,10000.0,uM,10.0,5.0,Low Activity,True,636.871,11.968359999999983,55.75,0,6,6,7,2,Fail,4.9696336,0.5,0.5,0.5,0.5,Unfavourable,0.31496936,0.897767398252352,0.4273730503268175,42.737305032681746,c1ccc(N(c2ccccc2)c2ccc(-c3cc4[nH]c5cc(-c6cccs6)sc5c4s3)cc2)cc1,0.10526315789473684,45,7,0,4,0.55,Moderate Suitability,2.7755575615628914e-17,0.4,0.395,Unfavourable,0.361483151435852,36.1483151435852,1336
CCCN(CCC)C(=O)c1cccc(C(=O)N[C@@H](CC(C)C)[C@@H](N)C[C@@H](C)C(=O)Nc2ccc(F)cc2)c1,CHEMBL202877,5.22,nM,6000.0,uM,6.0,5.221848749616356,Low Activity,True,526.6970000000003,5.224600000000004,104.53,3,4,14,2,2,Fail,5.476681,0.35,0.19999999999999996,0.5,0.35,Unfavourable,0.39846444,0.897767398252352,0.42412059056233686,42.41205905623369,O=C(CCCCNC(=O)c1ccccc1)Nc1ccccc1,0.5,38,2,4,7,0.2,Low Suitability,0.15000000000000002,0.4,0.2575,Unfavourable,0.3592804456949234,35.92804456949234,1337
O=C(/C=C/c1ccc(F)cc1)Nc1ccc2c(c1)C[C@H]1CC[C@@H](C2)[C@H]1NS(=O)(=O)c1ccc(Cl)s1,CHEMBL3692699,4.08,nM,84000.0,nM,84000.0,4.075720713938118,Low Activity,True,531.0740000000003,5.664400000000004,75.27000000000001,2,4,6,5,2,Fail,4.692781,0.5,0.5,0.5,0.5,Unfavourable,0.26938027,0.897767398252352,0.40457850563000963,40.45785056300096,O=C(C=Cc1ccccc1)Nc1ccc2c(c1)CC1CCC(C2)C1NS(=O)(=O)c1cccs1,0.2692307692307692,35,3,2,5,0.55,Moderate Suitability,0.15000000000000002,0.6,0.45499999999999996,Unfavourable,0.3574091463088989,35.74091463088989,1338
CCC[C@H](C(=O)NCc1ccco1)[C@@H](CC(C)C)C(=O)N[C@H]1CCCCN(Cc2cccc(Oc3ccccc3)c2)C1=O,CHEMBL205400,5.52,nM,3000.0,nM,3000.0,5.522878745280337,Low Activity,True,587.7610000000004,6.464200000000007,100.88,2,5,14,4,2,Fail,5.441775,0.35,0.19999999999999996,0.5,0.35,Unfavourable,0.3927164,0.897767398252352,0.4212465738005571,42.12465738005571,O=C(CCC(=O)NC1CCCCN(Cc2cccc(Oc3ccccc3)c2)C1=O)NCc1ccco1,0.45714285714285713,43,3,2,8,0.2,Low Suitability,0.15000000000000002,0.4,0.2575,Unfavourable,0.3561190302371979,35.61190302371979,1339
COC(=O)c1cc(O[C@@H]2O[C@H](COC(=O)CCC(=O)O)[C@@H](O)[C@H](O)[C@H]2O)cc(OC)c1C(=O)c1c(O)cc(C)cc1O,CHEMBL5283758,5.52,nM,3010.0,uM,3.01,5.521433504406156,Low Activity,True,594.5220000000002,0.026820000000000954,235.80999999999995,6,14,11,3,3,Fail,5.5954432,0.25,0.24999999999999994,0.25,0.25,Unfavourable,0.41802084,0.897767398252352,0.36639879214238447,36.63987921423845,O=C(c1ccccc1)c1ccc(OC2CCCCO2)cc1,0.4074074074074074,42,2,6,15,0.0,Low Suitability,0.6000000000000001,0.35000000000000003,0.28500000000000003,Unfavourable,0.3546614763736725,35.46614763736725,1340
O=C(O[C@@H]1Cc2c(O)cc(O)cc2O[C@@H]1c1cc(O)c(O)c(O)c1)c1cc(O)c(O)c(O)c1,CHEMBL297453,4.00,nM,100000.0,uM,100.0,4.0,Low Activity,True,458.37500000000017,2.233199999999999,197.36999999999998,8,11,3,4,2,Fail,4.3585706,0.65,0.24999999999999994,0.5,0.485,Unfavourable,0.21434611,0.897767398252352,0.37256142532300274,37.256142532300274,O=C(OC1Cc2ccccc2OC1c1ccccc1)c1ccccc1,0.13636363636363635,33,3,8,11,0.2,Low Suitability,0.8,0.8,0.5325000000000001,Unfavourable,0.354265365421772,35.4265365421772,1341
N#CC(C#N)=Cc1ccc(-c2ccc(-c3ccc(N(c4ccccc4)c4ccccc4)cc3)c3nsnc23)s1,CHEMBL3330744,,nM,10000.0,uM,10.0,5.0,Low Activity,True,537.6730000000001,8.987159999999998,76.6,0,7,6,6,2,Fail,4.830986,0.5,0.5,0.5,0.5,Unfavourable,0.29213834,0.897767398252352,0.4159575389571123,41.595753895711226,c1ccc(N(c2ccccc2)c2ccc(-c3ccc(-c4cccs4)c4nsnc34)cc2)cc1,0.0,39,6,0,5,0.55,Moderate Suitability,2.7755575615628914e-17,0.4,0.395,Unfavourable,0.34892609190940854,34.89260919094085,1342
O=c1cc(-c2ccccc2)oc2cc(OCCCCCN3CCN(CCCNc4c5c(nc6ccccc46)CCCC5)CC3)ccc12,CHEMBL2436701,4.88,nM,13200.0,uM,13.2,4.87942606879415,Low Activity,True,630.8329999999999,7.555900000000008,70.84,1,7,13,7,2,Fail,4.894757,0.35,0.5,0.5,0.43999999999999995,Unfavourable,0.30263942,0.897767398252352,0.40320808231305405,40.320808231305406,O=c1cc(-c2ccccc2)oc2cc(OCCCCCN3CCN(CCCNc4c5c(nc6ccccc46)CCCC5)CC3)ccc12,0.4,47,5,1,7,0.55,Moderate Suitability,2.7755575615628914e-17,0.4,0.3575,Unfavourable,0.34157669258117673,34.15766925811767,1343
O=c1cc(-c2ccccc2)oc2cc(OCCCCCCN3CCN(CCCNc4c5c(nc6ccccc46)CCCC5)CC3)ccc12,CHEMBL2436702,4.87,nM,13500.0,uM,13.5,4.8696662315049934,Low Activity,True,644.8599999999999,7.946000000000009,70.84,1,7,14,7,2,Fail,4.894757,0.35,0.5,0.5,0.43999999999999995,Unfavourable,0.30263942,0.897767398252352,0.40320808231305405,40.320808231305406,O=c1cc(-c2ccccc2)oc2cc(OCCCCCCN3CCN(CCCNc4c5c(nc6ccccc46)CCCC5)CC3)ccc12,0.4146341463414634,48,5,1,7,0.55,Moderate Suitability,2.7755575615628914e-17,0.4,0.3575,Unfavourable,0.34157669258117673,34.15766925811767,1344
O=c1cc(-c2ccccc2)oc2cc(OCCCCN3CCN(CCCNc4c5c(nc6ccccc46)CCCC5)CC3)ccc12,CHEMBL2436700,4.76,nM,17300.0,uM,17.3,4.761953896871205,Low Activity,True,616.8059999999999,7.165800000000008,70.84,1,7,12,7,2,Fail,4.894757,0.35,0.5,0.5,0.43999999999999995,Unfavourable,0.30263942,0.897767398252352,0.40320808231305405,40.320808231305406,O=c1cc(-c2ccccc2)oc2cc(OCCCCN3CCN(CCCNc4c5c(nc6ccccc46)CCCC5)CC3)ccc12,0.38461538461538464,46,5,1,7,0.55,Moderate Suitability,2.7755575615628914e-17,0.4,0.3575,Unfavourable,0.34157669258117673,34.15766925811767,1345
COc1cc(OCCCN2CCN(CCCNc3c4c(nc5ccccc35)CCCC4)CC2)cc2oc(-c3ccccc3)cc(=O)c12,CHEMBL2436704,5.02,nM,9600.0,uM,9.6,5.017728766960431,Low Activity,True,632.8050000000004,6.784300000000008,80.07000000000001,1,8,12,7,2,Fail,4.892903,0.35,0.5,0.5,0.43999999999999995,Unfavourable,0.30233413,0.897767398252352,0.4030554348177843,40.30554348177843,O=c1cc(-c2ccccc2)oc2cc(OCCCN3CCN(CCCNc4c5c(nc6ccccc46)CCCC5)CC3)ccc12,0.38461538461538464,47,5,1,8,0.55,Moderate Suitability,2.7755575615628914e-17,0.4,0.3575,Unfavourable,0.34140877139568326,34.140877139568325,1346
O=c1cc(-c2ccccc2)oc2cc(OCCCN3CCN(CCCNc4c5c(nc6ccccc46)CCCC5)CC3)ccc12,CHEMBL2436699,4.83,nM,14900.0,uM,14.9,4.826813731587726,Low Activity,True,602.7790000000001,6.775700000000008,70.84,1,7,11,7,2,Fail,4.889032,0.35,0.5,0.5,0.43999999999999995,Unfavourable,0.30169672,0.897767398252352,0.40273672878217026,40.27367287821703,O=c1cc(-c2ccccc2)oc2cc(OCCCN3CCN(CCCNc4c5c(nc6ccccc46)CCCC5)CC3)ccc12,0.3684210526315789,45,5,1,7,0.55,Moderate Suitability,2.7755575615628914e-17,0.4,0.3575,Unfavourable,0.3410581917762756,34.10581917762756,1347
O=c1cc(-c2ccccc2)oc2cc(OCCCCCCN3CCN(CCNc4c5c(nc6ccccc46)CCCC5)CC3)ccc12,CHEMBL2436697,4.85,nM,14200.0,uM,14.2,4.847711655616943,Low Activity,True,630.8329999999999,7.555900000000008,70.84,1,7,13,7,2,Fail,4.8790655,0.35,0.5,0.5,0.43999999999999995,Unfavourable,0.30005556,0.897767398252352,0.40191615163754746,40.19161516375475,O=c1cc(-c2ccccc2)oc2cc(OCCCCCCN3CCN(CCNc4c5c(nc6ccccc46)CCCC5)CC3)ccc12,0.4,47,5,1,7,0.55,Moderate Suitability,2.7755575615628914e-17,0.4,0.3575,Unfavourable,0.3401555688381195,34.015556883811946,1348
O=c1cc(-c2ccccc2)oc2cc(OCCCCCN3CCN(CCNc4c5c(nc6ccccc46)CCCC5)CC3)ccc12,CHEMBL2436696,4.89,nM,12800.0,uM,12.8,4.892790030352131,Low Activity,True,616.8059999999999,7.165800000000008,70.84,1,7,12,7,2,Fail,4.8790655,0.35,0.5,0.5,0.43999999999999995,Unfavourable,0.30005556,0.897767398252352,0.40191615163754746,40.19161516375475,O=c1cc(-c2ccccc2)oc2cc(OCCCCCN3CCN(CCNc4c5c(nc6ccccc46)CCCC5)CC3)ccc12,0.38461538461538464,46,5,1,7,0.55,Moderate Suitability,2.7755575615628914e-17,0.4,0.3575,Unfavourable,0.3401555688381195,34.015556883811946,1349
CCN(CCCCNC(=O)c1cc(O)c(C(=O)NCCCCN(CC)Cc2ccccc2N(C)C)cc1O)Cc1ccccc1N(C)C,CHEMBL4554367,5.43,nM,3710.0,uM,3.71,5.430626090384954,Low Activity,True,660.9040000000002,5.294000000000005,111.62,4,8,20,3,2,Fail,5.5700555,0.35,0.0,0.5,0.29,Unfavourable,0.4138403,0.897767398252352,0.4138085168547563,41.380851685475626,O=C(NCCCCNCc1ccccc1)c1ccc(C(=O)NCCCCNCc2ccccc2)cc1,0.47368421052631576,48,3,4,10,0.0,Low Suitability,0.15000000000000002,0.4,0.1775,Unfavourable,0.339737167596817,33.9737167596817,1350
O=c1cc(-c2ccccc2)oc2cc(OCCCCN3CCN(CCNc4c5c(nc6ccccc46)CCCC5)CC3)ccc12,CHEMBL2436695,4.79,nM,16400.0,uM,16.4,4.785156151952302,Low Activity,True,602.779,6.775700000000008,70.84,1,7,11,7,2,Fail,4.8733406,0.35,0.5,0.5,0.43999999999999995,Unfavourable,0.29911286,0.897767398252352,0.40144479810666367,40.14447981066637,O=c1cc(-c2ccccc2)oc2cc(OCCCCN3CCN(CCNc4c5c(nc6ccccc46)CCCC5)CC3)ccc12,0.3684210526315789,45,5,1,7,0.55,Moderate Suitability,2.7755575615628914e-17,0.4,0.3575,Unfavourable,0.33963706803321836,33.963706803321834,1351
CCN(CCCCNC(=O)c1cc(O)c(C(=O)NCCCCN(CC)Cc2ccc(N(C)C)cc2)cc1O)Cc1ccc(N(C)C)cc1,CHEMBL4463164,5.50,nM,3160.0,uM,3.16,5.500312917381596,Low Activity,True,660.9040000000002,5.294000000000005,111.62,4,8,20,3,2,Fail,5.5667167,0.35,0.0,0.5,0.29,Unfavourable,0.4132905,0.897767398252352,0.4135336202330522,41.353362023305216,O=C(NCCCCNCc1ccccc1)c1ccc(C(=O)NCCCCNCc2ccccc2)cc1,0.47368421052631576,48,3,4,10,0.0,Low Suitability,0.15000000000000002,0.4,0.1775,Unfavourable,0.33943477833271024,33.943477833271025,1352
CCN1/C(=C/C=C/c2sc3ccc(OCc4no[n+]([O-])c4C(N)=O)cc3[n+]2CC)Sc2ccc(OCc3no[n+]([O-])c3C(N)=O)cc21.O=S(=O)([O-])C(F)(F)F,CHEMBL3593277,4.77,nM,17000.0,uM,17.0,4.769551078621726,Low Activity,True,828.7860000000002,2.3454999999999995,274.9,2,16,12,6,2,Fail,4.8028183,0.25,0.44999999999999996,0.5,0.385,Unfavourable,0.28750002,0.897767398252352,0.37913838183354653,37.913838183354656,C(=Cc1[nH+]c2cc(OCc3c[nH+]on3)ccc2s1)C=C1Nc2cc(OCc3c[nH+]on3)ccc2S1,0.23333333333333334,55,5,4,19,0.4,Low Suitability,0.45000000000000007,0.35000000000000003,0.375,Unfavourable,0.3393750131130218,33.937501311302185,1353
CCN(CCCCNC(=O)c1cc(O)c(C(=O)NCCCCN(CC)Cc2ccccc2OC)cc1O)Cc1ccccc1OC,CHEMBL4553651,5.52,nM,3050.0,uM,3.05,5.515700160653214,Low Activity,True,634.8180000000003,5.179200000000005,123.60000000000002,4,8,20,3,2,Fail,5.520157,0.35,0.0,0.5,0.29,Unfavourable,0.4056235,0.897767398252352,0.40970011770200054,40.97001177020005,O=C(NCCCCNCc1ccccc1)c1ccc(C(=O)NCCCCNCc2ccccc2)cc1,0.4444444444444444,46,3,4,10,0.0,Low Suitability,0.15000000000000002,0.4,0.1775,Unfavourable,0.3352179285287857,33.52179285287857,1354
O=C(/C=C/c1ccc(O)c(O)c1)O[C@@H]1C[C@](O)(C(=O)O)C[C@@H](OC(=O)/C=C/c2ccc(O)c(O)c2)[C@H]1O,CHEMBL249447,4.79,nM,16400.0,uM,16.4,4.785156151952302,Low Activity,True,516.4550000000003,1.0295999999999996,211.27999999999997,7,11,7,3,3,Fail,4.9551888,0.4,0.24999999999999994,0.25,0.31,Unfavourable,0.31259072,0.897767398252352,0.3316837290472917,33.16837290472917,O=C(C=Cc1ccccc1)OC1CCCC(OC(=O)C=Cc2ccccc2)C1,0.24,37,2,7,12,0.2,Low Suitability,0.6000000000000001,0.55,0.39250000000000007,Unfavourable,0.33429990398883824,33.429990398883824,1355
CCN(CCCCNC(=O)c1cc(O)c(C(=O)NCCCCN(CC)Cc2ccccc2)cc1O)Cc1ccccc1,CHEMBL4527242,5.41,nM,3860.0,uM,3.86,5.413412695328245,Low Activity,True,574.7660000000005,5.162000000000005,105.14000000000001,4,6,18,3,2,Fail,5.500539,0.35,0.0,0.5,0.29,Unfavourable,0.40239304,0.897767398252352,0.40808489143323223,40.80848914332322,O=C(NCCCCNCc1ccccc1)c1ccc(C(=O)NCCCCNCc2ccccc2)cc1,0.4117647058823529,42,3,4,8,0.0,Low Suitability,0.15000000000000002,0.4,0.1775,Unfavourable,0.33344117367267606,33.34411736726761,1356
COc1ccccc1CN(C)CCCCCCNC(=O)c1cc(O)c(C(=O)NCCCCCCN(C)Cc2ccccc2OC)cc1O,CHEMBL4475678,5.64,nM,2310.0,uM,2.31,5.636388020107855,Low Activity,True,662.8720000000003,5.959400000000007,123.60000000000001,4,8,22,3,2,Fail,5.475369,0.35,0.0,0.5,0.29,Unfavourable,0.3982483,0.897767398252352,0.40601252734135906,40.601252734135905,O=C(NCCCCCCNCc1ccccc1)c1ccc(C(=O)NCCCCCCNCc2ccccc2)cc1,0.47368421052631576,48,3,4,10,0.0,Low Suitability,0.15000000000000002,0.4,0.1775,Unfavourable,0.33116157913208005,33.116157913208006,1357
CN(CCCCCCNC(=O)c1cc(O)c(C(=O)NCCCCCCN(C)Cc2ccccc2)cc1O)Cc1ccccc1,CHEMBL4552250,5.62,nM,2370.0,uM,2.37,5.625251653989896,Low Activity,True,602.8200000000004,5.942200000000006,105.14000000000001,4,6,20,3,2,Fail,5.4728203,0.35,0.0,0.5,0.29,Unfavourable,0.39782864,0.897767398252352,0.4058026891894273,40.58026891894273,O=C(NCCCCCCNCc1ccccc1)c1ccc(C(=O)NCCCCCCNCc2ccccc2)cc1,0.4444444444444444,44,3,4,8,0.0,Low Suitability,0.15000000000000002,0.4,0.1775,Unfavourable,0.33093076014518735,33.093076014518736,1358
CCN(CCCCCCNC(=O)c1cc(O)c(C(=O)NCCCCCCN(CC)Cc2ccccc2OC)cc1O)Cc1ccccc1OC,CHEMBL4451935,5.48,nM,3310.0,uM,3.31,5.480172006224281,Low Activity,True,690.9260000000003,6.739600000000007,123.60000000000002,4,8,24,3,2,Fail,5.465015,0.35,0.0,0.5,0.29,Unfavourable,0.39654332,0.897767398252352,0.40516003190945904,40.5160031909459,O=C(NCCCCCCNCc1ccccc1)c1ccc(C(=O)NCCCCCCNCc2ccccc2)cc1,0.5,50,3,4,10,0.0,Low Suitability,0.15000000000000002,0.4,0.1775,Unfavourable,0.33022383415699,33.022383415699004,1359
C[C@H]1[C@H]2[C@H](C[C@H]3[C@@H]4CC[C@@H]5C[C@@H](OCc6ccccc6)CC[C@]5(C)[C@H]4CC[C@]23C)O[C@@H]1CC[C@H](C)C(=O)NCc1cn(Cc2cscn2)nn1,CHEMBL4161849,5.08,nM,8280.0,uM,8.28,5.081969663215119,Low Activity,True,700.0060000000001,8.073100000000009,91.16,1,7,11,8,2,Fail,5.1549215,0.35,0.19999999999999996,0.5,0.35,Unfavourable,0.34548056,0.897767398252352,0.39762865054082197,39.7628650540822,O=C(CCCC1CC2C(CC3C2CCC2C4CCC(OCc5ccccc5)CC4CCC23)O1)NCc1cn(Cc2cscn2)nn1,0.7073170731707317,50,3,1,8,0.2,Low Suitability,0.15000000000000002,0.4,0.2575,Unfavourable,0.3301393176317215,33.01393176317215,1360
CCN(CCCCCCNC(=O)c1cc(O)c(C(=O)NCCCCCCN(CC)Cc2ccccc2)cc1O)Cc1ccccc1,CHEMBL4520323,5.55,nM,2800.0,uM,2.8,5.552841968657781,Low Activity,True,630.8740000000004,6.7224000000000075,105.14000000000001,4,6,22,3,2,Fail,5.4414916,0.35,0.0,0.5,0.29,Unfavourable,0.3926698,0.897767398252352,0.4032232683844499,40.32232683844499,O=C(NCCCCCCNCc1ccccc1)c1ccc(C(=O)NCCCCCCNCc2ccccc2)cc1,0.47368421052631576,46,3,4,8,0.0,Low Suitability,0.15000000000000002,0.4,0.1775,Unfavourable,0.32809340023994443,32.809340023994444,1361
Cc1cc(N2CCN(c3nc(Nc4cccc(C(F)(F)F)c4)nc(Nc4ccc(F)c(Cl)c4)n3)CC2)n2ncnc2n1,CHEMBL4173299,4.79,nM,16290.0,uM,16.29,4.78807891569149,Low Activity,True,599.9839999999999,5.242820000000004,112.29,2,10,6,6,2,Fail,4.9768105,0.5,0.19999999999999996,0.5,0.41000000000000003,Unfavourable,0.31615114,0.897767398252352,0.4009639409727983,40.09639409727983,c1ccc(Nc2nc(Nc3ccccc3)nc(N3CCN(c4ccnc5ncnn45)CC3)n2)cc1,0.23076923076923078,42,5,2,11,0.2,Low Suitability,2.7755575615628914e-17,0.6,0.295,Unfavourable,0.3271331251859665,32.71331251859665,1362
CC(=O)O[C@H]1CC(=O)OC(C)(C)[C@@H]2CC[C@]3(C)[C@H](CC=C(C)[C@@]34C[C@]3(OC(C)=C(C)C3=O)C(=O)O4)[C@@]12C,CHEMBL3742151,,nM,300000.0,uM,300.0,3.5228787452803374,Low Activity,True,514.6150000000004,4.350100000000004,105.2,0,8,1,5,1,Pass,3.6870043,0.75,0.44999999999999996,0.75,0.66,Moderate,0.103759885,0.897767398252352,0.40726831232976235,40.72683123297624,O=C1CCC2C(CCC3C2CC=CC32CC3(OC=CC3=O)C(=O)O2)CO1,0.7241379310344828,37,0,0,8,0.4,Low Suitability,0.4000000000000001,0.75,0.55,Unfavourable,0.3245679381489754,32.45679381489754,1363
O=C(/C=C/c1cc(O)cc2c1[C@H](C(O)O[C@H](Cc1ccc(O)c(O)c1)C(=O)O)[C@@H](c1ccc(O)c(O)c1)O2)O[C@H](Cc1ccc(O)c(O)c1)C(=O)O,CHEMBL541265,5.30,nM,5000.0,uM,5.0,5.301029995663981,Low Activity,True,720.6360000000002,3.126300000000003,281.2,10,14,13,5,3,Fail,5.2589154,0.25,0.24999999999999994,0.25,0.25,Unfavourable,0.3626051,0.897767398252352,0.3386909173674516,33.86909173674516,O=C(C=Cc1cccc2c1C(COCCc1ccccc1)C(c1ccccc1)O2)OCCc1ccccc1,0.19444444444444445,52,4,10,16,0.2,Low Suitability,0.4000000000000001,0.35000000000000003,0.28500000000000003,Unfavourable,0.32418280518054965,32.418280518054964,1364
N#C/C(=C\c1ccc(-c2ccc(-c3ccc(N(c4ccccc4)c4ccccc4)cc3)c3nsnc23)s1)C(N)=O,CHEMBL3330745,,nM,10000.0,uM,10.0,5.0,Low Activity,True,555.6880000000001,7.948880000000006,95.9,1,7,7,6,2,Fail,5.022971,0.5,0.19999999999999996,0.5,0.41000000000000003,Unfavourable,0.3237524,0.897767398252352,0.4047645715422563,40.47645715422563,c1ccc(N(c2ccccc2)c2ccc(-c3ccc(-c4cccs4)c4nsnc34)cc2)cc1,0.0,40,6,2,6,0.2,Low Suitability,2.7755575615628914e-17,0.4,0.265,Unfavourable,0.32081382477283477,32.081382477283476,1365
CCN(CCCCCCN1C(=O)c2ccc3c4c(ccc(c24)C1=O)C(=O)N(CCCCCCN(CC)Cc1ccccc1OC)C3=O)Cc1ccccc1OC,CHEMBL450553,5.01,nM,9690.0,uM,9.69,5.013676222949234,Low Activity,True,760.9760000000003,8.21400000000001,99.7,0,8,22,6,2,Fail,5.032336,0.35,0.19999999999999996,0.5,0.35,Unfavourable,0.3252945,0.897767398252352,0.38753561722707075,38.753561722707076,O=C1c2ccc3c4c(ccc(c24)C(=O)N1CCCCCCNCc1ccccc1)C(=O)N(CCCCCCNCc1ccccc1)C3=O,0.43478260869565216,56,4,0,10,0.2,Low Suitability,0.15000000000000002,0.4,0.2575,Unfavourable,0.3190369690656662,31.90369690656662,1366
Cl.Oc1cccc2ccc(/C=C/C3=CCN(Cc4ccccc4C(F)(F)F)CC3)nc12,CHEMBL5276202,,nM,1655000.0,uM,1655.0,2.7812020018882624,Low Activity,True,446.90000000000015,6.226500000000005,36.36,1,3,4,4,1,Pass,3.0568929,0.75,0.75,0.75,0.75,Moderate,0.0,0.897767398252352,0.3823883699126176,38.23883699126176,C(=Cc1ccc2ccccc2n1)C1=CCN(Cc2ccccc2)CC1,0.20833333333333334,31,3,1,3,0.8,High Suitability,0.35000000000000003,0.85,0.6950000000000001,Moderate,0.31825000000000003,31.825000000000003,1367
CCOc1nc(CC)c(CNC(=O)[C@@H](S)CC(C)C)n1Cc1ccc(-c2ccccc2C(=O)O)cc1F,CHEMBL4435800,,nM,10000.0,,5.0,5.0,Low Activity,True,527.6620000000004,5.357500000000005,93.45,3,5,12,3,2,Fail,5.011926,0.35,0.19999999999999996,0.5,0.35,Unfavourable,0.32193363,0.897767398252352,0.38585518347691816,38.58551834769182,c1ccc(-c2ccc(Cn3ccnc3)cc2)cc1,0.39285714285714285,37,3,2,7,0.2,Low Suitability,0.15000000000000002,0.4,0.2575,Unfavourable,0.3171884949207306,31.71884949207306,1368
O=C(NCCCCCCNc1c2c(nc3ccccc13)CCCC2)c1cc2cc(OC(F)(F)F)ccc2oc1=O,CHEMBL3326709,4.62,nM,24200.0,uM,24.2,4.616184634019569,Low Activity,True,553.5810000000004,6.5209000000000055,93.46000000000001,2,6,10,5,2,Fail,4.750384,0.5,0.19999999999999996,0.5,0.41000000000000003,Unfavourable,0.2788657,0.897767398252352,0.38232121741246505,38.2321217412465,O=C(NCCCCCCNc1c2c(nc3ccccc13)CCCC2)c1cc2ccccc2oc1=O,0.36666666666666664,40,4,2,7,0.2,Low Suitability,0.15000000000000002,0.6,0.32499999999999996,Unfavourable,0.3171261322498321,31.712613224983212,1369
CCCN(CCC)C(=O)c1cccc(C(=O)N[C@@H](CC(C)C)[C@@H](O)C[C@@H](C)C(=O)Nc2ccc(F)cc2)c1,CHEMBL425031,,nM,20000.0,uM,20.0,4.698970004336019,Low Activity,True,527.6810000000003,5.258200000000005,98.74000000000001,3,4,14,2,2,Fail,4.988617,0.35,0.19999999999999996,0.5,0.35,Unfavourable,0.31809533,0.897767398252352,0.38393603312444013,38.393603312444014,O=C(CCCCNC(=O)c1ccccc1)Nc1ccccc1,0.5,38,2,3,7,0.2,Low Suitability,0.15000000000000002,0.4,0.2575,Unfavourable,0.315077432513237,31.5077432513237,1370
COc1ccc2oc(=O)c(C(=O)NCCCCCCCNc3c4c(nc5ccccc35)CCCC4)cc2c1,CHEMBL3327246,4.87,nM,13400.0,uM,13.4,4.872895201635193,Low Activity,True,513.6380000000004,6.021000000000006,93.46,2,6,11,5,2,Fail,4.887864,0.35,0.19999999999999996,0.5,0.35,Unfavourable,0.30150443,0.897767398252352,0.37564058649014753,37.564058649014754,O=C(NCCCCCCCNc1c2c(nc3ccccc13)CCCC2)c1cc2ccccc2oc1=O,0.3870967741935484,38,4,2,7,0.2,Low Suitability,0.15000000000000002,0.4,0.2575,Unfavourable,0.3059524382352829,30.59524382352829,1371
CN(C)c1ccc(-c2cc(=O)c3ccc(OCC(=O)NCCCCCCNc4c5c(nc6ccccc46)CCCC5)cc3o2)cc1,CHEMBL3922564,5.02,nM,9470.0,uM,9.47,5.023650020996726,Low Activity,True,618.7780000000001,7.120500000000008,96.7,2,7,13,6,2,Fail,4.9971867,0.35,0.19999999999999996,0.5,0.35,Unfavourable,0.31950647,0.897767398252352,0.3846416031069688,38.46416031069688,O=C(COc1ccc2c(=O)cc(-c3ccccc3)oc2c1)NCCCCCCNc1c2c(nc3ccccc13)CCCC2,0.34210526315789475,46,5,2,8,0.2,Low Suitability,2.7755575615628914e-17,0.4,0.2275,Unfavourable,0.30535355949401854,30.535355949401854,1372
CCCCCC(=O)O[C@H]1CC[C@@]2(C)C(=CC[C@@H]3[C@@H]4C[C@@H]5O[C@]6(CC[C@@H](C)CO6)[C@@H](C)[C@@H]5[C@@]4(C)CC[C@@H]32)C1,CHEMBL2386881,4.00,nM,100000.0,uM,100.0,4.0,Low Activity,True,512.7750000000004,7.84510000000001,44.760000000000005,0,4,5,6,2,Fail,4.104326,0.5,0.5,0.5,0.5,Unfavourable,0.17247987,0.897767398252352,0.3561283038802079,35.61283038802079,C1=C2CCCCC2C2CCC3C4CC5(CCCCO5)OC4CC3C2C1,0.9090909090909091,37,0,0,4,0.55,Moderate Suitability,0.15000000000000002,0.6,0.45499999999999996,Unfavourable,0.3041139288544655,30.41139288544655,1373
O=c1cc(-c2ccc([N+](=O)[O-])cc2)oc2cc(OCCCN3CCN(CCCNc4c5c(nc6ccccc46)CCCC5)CC3)ccc12,CHEMBL2436710,4.85,nM,14100.0,uM,14.1,4.85078088734462,Low Activity,True,647.776,6.6839000000000075,113.97999999999999,1,9,12,7,2,Fail,4.9758716,0.35,0.19999999999999996,0.5,0.35,Unfavourable,0.31599653,0.897767398252352,0.3828866337485246,38.28866337485246,O=c1cc(-c2ccccc2)oc2cc(OCCCN3CCN(CCCNc4c5c(nc6ccccc46)CCCC5)CC3)ccc12,0.3684210526315789,48,5,1,10,0.2,Low Suitability,2.7755575615628914e-17,0.4,0.2275,Unfavourable,0.3034230991601944,30.34230991601944,1374
O=c1cc(-c2ccccc2)oc2cc(OCCCN3CCN(CCCNc4c5c(nc6ccccc46)CCCC5)CC3)cc(O)c12,CHEMBL2436703,5.19,nM,6500.0,uM,6.5,5.187086643357144,Low Activity,True,618.7780000000001,6.481300000000008,91.07000000000001,2,8,11,7,2,Fail,4.9646764,0.35,0.19999999999999996,0.5,0.35,Unfavourable,0.31415302,0.897767398252352,0.3819648777193956,38.19648777193956,O=c1cc(-c2ccccc2)oc2cc(OCCCN3CCN(CCCNc4c5c(nc6ccccc46)CCCC5)CC3)ccc12,0.3684210526315789,46,5,2,8,0.2,Low Suitability,2.7755575615628914e-17,0.4,0.2275,Unfavourable,0.3024091645479202,30.24091645479202,1375
CC(C)c1c(NC(=O)/C=C/c2ccc(O)c(O)c2)cc2c(c1[N+](=O)[O-])CC[C@H]1[C@](C)(CNC(=O)/C=C/c3ccc(O)c(O)c3)CCC[C@]21C,CHEMBL3622258,5.40,nM,3960.0,uM,3.96,5.402304814074488,Low Activity,True,669.7750000000002,7.032400000000009,182.26,6,8,9,5,3,Fail,5.5653915,0.15000000000000002,0.0,0.25,0.135,Unfavourable,0.4130723,0.897767398252352,0.32942451393079086,32.94245139307909,O=C(C=Cc1ccccc1)NCC1CCCC2c3cc(NC(=O)C=Cc4ccccc4)ccc3CCC12,0.3684210526315789,49,3,6,11,0.0,Low Suitability,0.15000000000000002,0.4,0.1275,Unfavourable,0.29681476438045507,29.681476438045507,1376
COc1ccc(-c2cc(=O)c3c(O)cc(OC)c(-c4c(OC)cc(O)c5c(=O)cc(-c6ccc(OC)cc6)oc45)c3o2)cc1,CHEMBL3589106,,nM,50000.0,uM,50.0,4.301029995663981,Low Activity,True,594.5720000000003,6.346000000000006,137.8,2,10,7,6,2,Fail,4.5644054,0.5,0.19999999999999996,0.5,0.41000000000000003,Unfavourable,0.24824077,0.897767398252352,0.3670087543673448,36.70087543673448,O=c1cc(-c2ccccc2)oc2c(-c3cccc4c(=O)cc(-c5ccccc5)oc34)cccc12,0.11764705882352941,44,6,2,10,0.2,Low Suitability,2.7755575615628914e-17,0.4,0.265,Unfavourable,0.2792824258804321,27.92824258804321,1377
COc1c(O)c(O)c(-c2c(C)c(C/C=C(\C)CC/C=C(\C)CCC=C(C)C)c(OC)c(O)c2O)c(C)c1C/C=C(\C)CC/C=C(\C)CCC=C(C)C,CHEMBL4638539,4.91,nM,12300.0,uM,12.3,4.910094888560602,Low Activity,True,715.0279999999998,12.733439999999977,99.38000000000001,4,6,19,2,2,Fail,4.8553967,0.35,0.0,0.5,0.29,Unfavourable,0.29615808,0.897767398252352,0.3549674075789384,35.49674075789384,c1ccc(-c2ccccc2)cc1,0.4782608695652174,52,2,4,6,0.0,Low Suitability,0.15000000000000002,0.4,0.1775,Unfavourable,0.27501194739341733,27.501194739341734,1378
COc1ccc(-c2cc(=O)c3c(O)cc(OC)c(-c4cc(-c5cc(=O)c6c(O)cc(OC)cc6o5)ccc4OC)c3o2)cc1,CHEMBL378516,,nM,50000.0,uM,50.0,4.301029995663981,Low Activity,True,594.5720000000002,6.346000000000007,137.8,2,10,7,6,2,Fail,4.364394,0.5,0.19999999999999996,0.5,0.41000000000000003,Unfavourable,0.21530509,0.897767398252352,0.3505409148878984,35.05409148878984,O=c1cc(-c2cccc(-c3cccc4c(=O)cc(-c5ccccc5)oc34)c2)oc2ccccc12,0.11764705882352941,44,6,2,10,0.2,Low Suitability,2.7755575615628914e-17,0.4,0.265,Unfavourable,0.2611677994728088,26.116779947280882,1379
COc1ccc(-c2cc(=O)c3c(O)cc(O)c(-c4cc(-c5cc(=O)c6c(O)cc(O)cc6o5)ccc4O)c3o2)cc1,CHEMBL220745,5.31,nM,4900.0,uM,4.9,5.309803919971486,Low Activity,True,552.4910000000003,5.4370000000000065,170.8,5,10,4,6,2,Fail,5.0677376,0.15000000000000002,0.0,0.5,0.21000000000000002,Unfavourable,0.331124,0.897767398252352,0.3484503737635545,34.84503737635545,O=c1cc(-c2cccc(-c3cccc4c(=O)cc(-c5ccccc5)oc34)c2)oc2ccccc12,0.03225806451612903,41,6,5,10,0.0,Low Suitability,2.7755575615628914e-17,0.20000000000000004,0.06750000000000002,Unfavourable,0.2557432072162628,25.574320721626282,1380
COc1cc(O)c2c(=O)cc(-c3ccc(O)c(-c4c(O)cc(O)c5c(=O)cc(-c6ccc(O)cc6)oc45)c3)oc2c1,CHEMBL255493,5.31,nM,4900.0,uM,4.9,5.309803919971486,Low Activity,True,552.4910000000002,5.437000000000006,170.8,5,10,4,6,2,Fail,5.0625105,0.15000000000000002,0.0,0.5,0.21000000000000002,Unfavourable,0.33026332,0.897767398252352,0.34802002822827616,34.80200282282762,O=c1cc(-c2cccc(-c3cccc4c(=O)cc(-c5ccccc5)oc34)c2)oc2ccccc12,0.03225806451612903,41,6,5,10,0.0,Low Suitability,2.7755575615628914e-17,0.20000000000000004,0.06750000000000002,Unfavourable,0.25526982712745666,25.526982712745667,1381
CC(C)Cc1ccc(C(C)C(=O)NCCCNCCCNC2=CC(=O)C(NCCCNCCCNC(=O)C(C)c3ccc(CC(C)C)cc3)=CC2=O)cc1,CHEMBL3087674,5.32,nM,4830.0,uM,4.83,5.316052869248487,Low Activity,True,743.0500000000002,5.061600000000009,140.46,6,8,26,3,3,Fail,5.319385,2.7755575615628914e-17,0.0,0.25,0.07500000000000001,Unfavourable,0.3725626,0.897767398252352,0.2911696635432176,29.11696635432176,O=C(Cc1ccccc1)NCCCNCCCNC1=CC(=O)C(NCCCNCCCNC(=O)Cc2ccccc2)=CC1=O,0.5454545454545454,54,2,6,10,0.0,Low Suitability,0.15000000000000002,0.20000000000000004,0.06000000000000002,Unfavourable,0.2509094289541245,25.09094289541245,1382
O=C(Cc1ccccc1Nc1c(Cl)cccc1Cl)NCCCNCCCNC1=CC(=O)C(NCCCNCCCNC(=O)Cc2ccccc2Nc2c(Cl)cccc2Cl)=CC1=O,CHEMBL3087676,5.50,nM,3150.0,uM,3.15,5.501689446210399,Low Activity,True,922.7859999999997,7.643400000000007,164.51999999999998,8,10,26,5,3,Fail,5.2872715,2.7755575615628914e-17,0.0,0.25,0.07500000000000001,Unfavourable,0.36727446,0.897767398252352,0.2885256015009813,28.852560150098128,O=C(Cc1ccccc1Nc1ccccc1)NCCCNCCCNC1=CC(=O)C(NCCCNCCCNC(=O)Cc2ccccc2Nc2ccccc2)=CC1=O,0.30434782608695654,62,4,8,12,0.0,Low Suitability,0.15000000000000002,0.20000000000000004,0.06000000000000002,Unfavourable,0.2480009607076645,24.80009607076645,1383
C[C@@H](C(=O)NCCCNCCCNC1=CC(=O)C(NCCCNCCCNC(=O)[C@H](C)c2ccc(-c3ccccc3)c(F)c2)=CC1=O)c1ccc(-c2ccccc2)c(F)c1,CHEMBL3087679,5.32,nM,4770.0,uM,4.77,5.3214816209598865,Low Activity,True,819.0100000000003,6.276800000000009,140.46,6,8,24,5,3,Fail,5.2599754,2.7755575615628914e-17,0.0,0.25,0.07500000000000001,Unfavourable,0.36277968,0.897767398252352,0.2862782083697252,28.627820836972518,O=C(Cc1ccc(-c2ccccc2)cc1)NCCCNCCCNC1=CC(=O)C(NCCCNCCCNC(=O)Cc2ccc(-c3ccccc3)cc2)=CC1=O,0.3333333333333333,60,4,6,10,0.0,Low Suitability,0.15000000000000002,0.20000000000000004,0.06000000000000002,Unfavourable,0.2455288282632828,24.55288282632828,1384
C[C@H](C(=O)NCCCNCCCNC1=CC(=O)C(NCCCNCCCNC(=O)[C@@H](C)c2ccc(-c3ccccc3)c(F)c2)=CC1=O)c1ccc(-c2ccccc2)c(F)c1,CHEMBL3087680,5.35,nM,4430.0,uM,4.43,5.3535962737769305,Low Activity,True,819.0100000000003,6.276800000000009,140.46,6,8,24,5,3,Fail,5.2599754,2.7755575615628914e-17,0.0,0.25,0.07500000000000001,Unfavourable,0.36277968,0.897767398252352,0.2862782083697252,28.627820836972518,O=C(Cc1ccc(-c2ccccc2)cc1)NCCCNCCCNC1=CC(=O)C(NCCCNCCCNC(=O)Cc2ccc(-c3ccccc3)cc2)=CC1=O,0.3333333333333333,60,4,6,10,0.0,Low Suitability,0.15000000000000002,0.20000000000000004,0.06000000000000002,Unfavourable,0.2455288282632828,24.55288282632828,1385
O=C(CCc1cc(C(F)(F)F)ccc1C(F)(F)F)Nc1ccc2c(c1)C[C@H]1CC[C@@H](C2)[C@H]1NS(=O)(=O)c1ccc(Cl)s1,CHEMBL3692697,,nM,630000.0,nM,630000.0,3.200659450546418,Low Activity,True,651.0940000000002,7.482300000000006,75.27000000000001,2,4,7,5,2,Fail,3.4361408,0.5,0.5,0.5,0.5,Unfavourable,0.06245041,0.897767398252352,0.301113574380391,30.1113574380391,O=C(CCc1ccccc1)Nc1ccc2c(c1)CC1CCC(C2)C1NS(=O)(=O)c1cccs1,0.39285714285714285,42,3,2,5,0.55,Moderate Suitability,0.15000000000000002,0.6,0.45499999999999996,Unfavourable,0.2435977241694927,24.359772416949273,1386
COc1ccc(-c2cc(=O)c3c(O)cc(OC)c(-c4cc(-c5cc(=O)c6c(O)cc(OC)cc6o5)ccc4O)c3o2)cc1,CHEMBL1208904,,nM,50000.0,uM,50.0,4.301029995663981,Low Activity,True,580.5450000000003,6.043000000000006,148.8,3,10,6,6,2,Fail,4.602122,0.15000000000000002,0.19999999999999996,0.5,0.27,Unfavourable,0.2544515,0.897767398252352,0.32811412655782024,32.81141265578202,O=c1cc(-c2cccc(-c3cccc4c(=O)cc(-c5ccccc5)oc34)c2)oc2ccccc12,0.09090909090909091,43,6,3,10,0.2,Low Suitability,2.7755575615628914e-17,0.20000000000000004,0.14750000000000002,Unfavourable,0.2415733382701874,24.15733382701874,1387
O=c1cc(-c2ccc(O)c(-c3c(O)cc(O)c4c(=O)cc(-c5ccc(O)cc5)oc34)c2)oc2cc(O)cc(O)c12,CHEMBL63354,5.32,nM,4800.0,uM,4.8,5.318758762624412,Low Activity,True,538.4640000000002,5.134000000000007,181.8,6,10,3,6,3,Fail,5.1598015,0.15000000000000002,0.0,0.25,0.135,Unfavourable,0.3462841,0.897767398252352,0.2960304156489305,29.60304156489305,O=c1cc(-c2cccc(-c3cccc4c(=O)cc(-c5ccccc5)oc34)c2)oc2ccccc12,0.0,40,6,6,10,0.0,Low Suitability,2.7755575615628914e-17,0.20000000000000004,0.06750000000000002,Unfavourable,0.23908125627040863,23.908125627040864,1388
COc1ccc(-c2cc(=O)c3c(O)cc(O)cc3o2)cc1-c1c(O)cc(O)c2c(=O)cc(-c3ccc(O)cc3)oc12,CHEMBL378188,5.33,nM,4700.0,uM,4.7,5.327902142064282,Low Activity,True,552.4910000000003,5.437000000000006,170.8,5,10,4,6,2,Fail,4.8803835,0.15000000000000002,0.0,0.5,0.21000000000000002,Unfavourable,0.30027258,0.897767398252352,0.333024661893361,33.3024661893361,O=c1cc(-c2cccc(-c3cccc4c(=O)cc(-c5ccccc5)oc34)c2)oc2ccccc12,0.03225806451612903,41,6,5,10,0.0,Low Suitability,2.7755575615628914e-17,0.20000000000000004,0.06750000000000002,Unfavourable,0.23877492713928222,23.877492713928223,1389
COc1cc2oc(-c3ccc(O)cc3)cc(=O)c2c(O)c1-c1c(O)cc(O)c2c(=O)cc(-c3ccc(O)cc3)oc12,CHEMBL4449738,4.89,nM,13000.0,uM,13.0,4.886056647693163,Low Activity,True,552.4910000000003,5.437000000000006,170.8,5,10,4,6,2,Fail,4.859284,0.15000000000000002,0.0,0.5,0.21000000000000002,Unfavourable,0.29679817,0.897767398252352,0.33128745471905985,33.12874547190599,O=c1cc(-c2ccccc2)oc2ccc(-c3cccc4c(=O)cc(-c5ccccc5)oc34)cc12,0.03225806451612903,41,6,5,10,0.0,Low Suitability,2.7755575615628914e-17,0.20000000000000004,0.06750000000000002,Unfavourable,0.2368640022277832,23.68640022277832,1390
COc1ccc(-c2cc(=O)c3c(O)cc(OC)c(-c4c(OC)cc(O)c5c(=O)cc(-c6ccc(O)cc6)oc45)c3o2)cc1,CHEMBL4513568,4.34,nM,45600.0,uM,45.6,4.341035157335565,Low Activity,True,580.5450000000002,6.043000000000006,148.8,3,10,6,6,2,Fail,4.5392365,0.15000000000000002,0.19999999999999996,0.5,0.27,Unfavourable,0.24409622,0.897767398252352,0.32293647968243877,32.293647968243874,O=c1cc(-c2ccccc2)oc2c(-c3cccc4c(=O)cc(-c5ccccc5)oc34)cccc12,0.09090909090909091,43,6,3,10,0.2,Low Suitability,2.7755575615628914e-17,0.20000000000000004,0.14750000000000002,Unfavourable,0.2358779207468033,23.58779207468033,1391
COc1ccc(-c2cc(=O)c3c(O)cc(O)c(-c4cc(-c5cc(=O)c6c(O)cc(OC)cc6o5)ccc4OC)c3o2)cc1,CHEMBL208908,,nM,50000.0,uM,50.0,4.301029995663981,Low Activity,True,580.5450000000003,6.043000000000007,148.8,3,10,6,6,2,Fail,4.5067844,0.15000000000000002,0.19999999999999996,0.5,0.27,Unfavourable,0.23875237,0.897767398252352,0.32026455246876995,32.02645524687699,O=c1cc(-c2cccc(-c3cccc4c(=O)cc(-c5ccccc5)oc34)c2)oc2ccccc12,0.09090909090909091,43,6,3,10,0.2,Low Suitability,2.7755575615628914e-17,0.20000000000000004,0.14750000000000002,Unfavourable,0.2329388008117676,23.29388008117676,1392
COc1cc(O)c2c(=O)cc(-c3ccc(OC)c(-c4c(OC)cc(O)c5c(=O)cc(-c6ccc(O)cc6)oc45)c3)oc2c1,CHEMBL208578,,nM,50000.0,uM,50.0,4.301029995663981,Low Activity,True,580.5450000000002,6.043000000000006,148.8,3,10,6,6,2,Fail,4.4981594,0.15000000000000002,0.19999999999999996,0.5,0.27,Unfavourable,0.2373321,0.897767398252352,0.31955442273091594,31.955442273091595,O=c1cc(-c2cccc(-c3cccc4c(=O)cc(-c5ccccc5)oc34)c2)oc2ccccc12,0.09090909090909091,43,6,3,10,0.2,Low Suitability,2.7755575615628914e-17,0.20000000000000004,0.14750000000000002,Unfavourable,0.2321576670408249,23.21576670408249,1393
COc1cc(O)c2c(=O)cc(-c3ccc(OC)c(-c4c(O)cc(O)c5c(=O)cc(-c6ccc(O)cc6)oc45)c3)oc2c1,CHEMBL377324,4.88,nM,13200.0,uM,13.2,4.87942606879415,Low Activity,True,566.5180000000003,5.740000000000006,159.8,4,10,5,6,2,Fail,4.791757,0.15000000000000002,0.0,0.5,0.21000000000000002,Unfavourable,0.28567857,0.897767398252352,0.32572765266370096,32.5727652663701,O=c1cc(-c2cccc(-c3cccc4c(=O)cc(-c5ccccc5)oc34)c2)oc2ccccc12,0.0625,42,6,4,10,0.0,Low Suitability,2.7755575615628914e-17,0.20000000000000004,0.06750000000000002,Unfavourable,0.23074820804595947,23.074820804595948,1394
COc1ccc(-c2cc(=O)c3c(O)cc(OC)c(-c4c(OC)cc5oc(-c6ccc(O)cc6)cc(=O)c5c4O)c3o2)cc1,CHEMBL4536141,,nM,50000.0,uM,50.0,4.301029995663981,Low Activity,True,580.5450000000003,6.043000000000006,148.8,3,10,6,6,2,Fail,4.482448,0.15000000000000002,0.19999999999999996,0.5,0.27,Unfavourable,0.2347449,0.897767398252352,0.31826082312535564,31.826082312535565,O=c1cc(-c2ccccc2)oc2ccc(-c3cccc4c(=O)cc(-c5ccccc5)oc34)cc12,0.09090909090909091,43,6,3,10,0.2,Low Suitability,2.7755575615628914e-17,0.20000000000000004,0.14750000000000002,Unfavourable,0.23073469555377962,23.07346955537796,1395
CC1=C(CC(=O)NCCCNCCCNC2=CC(=O)C(NCCCNCCCNC(=O)CC3=C(C)/C(=C\c4ccc([S+](C)[O-])cc4)c4ccc(F)cc43)=CC2=O)c2cc(F)ccc2/C1=C/c1ccc([S+](C)[O-])cc1,CHEMBL3087675,5.09,nM,8180.0,uM,8.18,5.087246696328677,Low Activity,True,1043.3160000000003,7.64620000000001,186.58,6,10,26,7,3,Fail,5.088759,2.7755575615628914e-17,0.0,0.25,0.07500000000000001,Unfavourable,0.3345856,0.897767398252352,0.2721811734385423,27.21811734385423,O=C(CC1=CC(=Cc2ccccc2)c2ccccc21)NCCCNCCCNC1=CC(=O)C(NCCCNCCCNC(=O)CC2=CC(=Cc3ccccc3)c3ccccc32)=CC1=O,0.3103448275862069,74,4,6,12,0.0,Low Suitability,0.15000000000000002,0.20000000000000004,0.06000000000000002,Unfavourable,0.23002208387851716,23.002208387851717,1396
COc1ccc(-c2cc(=O)c3c(O)cc(O)c(-c4cc(-c5cc(=O)c6c(O)cc(O)cc6o5)ccc4OC)c3o2)cc1,CHEMBL1208903,5.00,nM,10100.0,uM,10.1,4.995678626217358,Low Activity,True,566.5180000000003,5.740000000000006,159.8,4,10,5,6,2,Fail,4.76584,0.15000000000000002,0.0,0.5,0.21000000000000002,Unfavourable,0.2814108,0.897767398252352,0.3235937765784196,32.35937765784196,O=c1cc(-c2cccc(-c3cccc4c(=O)cc(-c5ccccc5)oc34)c2)oc2ccccc12,0.0625,42,6,4,10,0.0,Low Suitability,2.7755575615628914e-17,0.20000000000000004,0.06750000000000002,Unfavourable,0.2284009473323822,22.84009473323822,1397
COc1ccc(-c2cc(=O)c3c(O)cc(O)c(-c4c(OC)cc5oc(-c6ccc(O)cc6)cc(=O)c5c4O)c3o2)cc1,CHEMBL4554693,4.80,nM,15900.0,uM,15.9,4.798602875679548,Low Activity,True,566.5180000000003,5.740000000000006,159.8,4,10,5,6,2,Fail,4.748379,0.15000000000000002,0.0,0.5,0.21000000000000002,Unfavourable,0.27853554,0.897767398252352,0.32215614234875956,32.21561423487596,O=c1cc(-c2ccccc2)oc2ccc(-c3cccc4c(=O)cc(-c5ccccc5)oc34)cc12,0.0625,42,6,4,10,0.0,Low Suitability,2.7755575615628914e-17,0.20000000000000004,0.06750000000000002,Unfavourable,0.22681954669952392,22.681954669952393,1398
COc1cc(O)c2c(=O)cc(-c3ccc(O)cc3)oc2c1-c1c(OC)cc(O)c2c(=O)cc(-c3ccc(O)cc3)oc12,CHEMBL4463033,4.76,nM,17300.0,uM,17.3,4.761953896871205,Low Activity,True,566.5180000000004,5.7400000000000055,159.8,4,10,5,6,2,Fail,4.7416773,0.15000000000000002,0.0,0.5,0.21000000000000002,Unfavourable,0.27743196,0.897767398252352,0.3216043523497514,32.16043523497514,O=c1cc(-c2ccccc2)oc2c(-c3cccc4c(=O)cc(-c5ccccc5)oc34)cccc12,0.0625,42,6,4,10,0.0,Low Suitability,2.7755575615628914e-17,0.20000000000000004,0.06750000000000002,Unfavourable,0.22621257770061493,22.621257770061494,1399
CCN1/C(=C/C=C/c2sc3ccc(OCCCO[N+](=O)[O-])cc3[n+]2CC)Sc2ccc(OCCCO[N+](=O)[O-])cc21.O=S(=O)([O-])C(F)(F)F,CHEMBL3593276,4.58,nM,26000.0,uM,26.0,4.585026652029182,Low Activity,True,752.7680000000004,5.701300000000007,187.52,0,14,16,4,3,Fail,4.73656,2.7755575615628914e-17,0.19999999999999996,0.25,0.135,Unfavourable,0.27658927,0.897767398252352,0.2611830071158342,26.11830071158342,C(=Cc1[nH+]c2ccccc2s1)C=C1Nc2ccccc2S1,0.39285714285714285,49,3,0,15,0.2,Low Suitability,0.15000000000000002,0.20000000000000004,0.14,Unfavourable,0.22612410688400267,22.612410688400267,1400
COc1cc2oc(-c3ccc(O)cc3)cc(=O)c2c(O)c1-c1c(OC)cc(O)c2c(=O)cc(-c3ccc(O)cc3)oc12,CHEMBL4545404,4.48,nM,32800.0,uM,32.8,4.484126156288321,Low Activity,True,566.5180000000004,5.7400000000000055,159.8,4,10,5,6,2,Fail,4.684889,0.15000000000000002,0.0,0.5,0.21000000000000002,Unfavourable,0.26808065,0.897767398252352,0.31692869579266825,31.692869579266826,O=c1cc(-c2ccccc2)oc2ccc(-c3cccc4c(=O)cc(-c5ccccc5)oc34)cc12,0.0625,42,6,4,10,0.0,Low Suitability,2.7755575615628914e-17,0.20000000000000004,0.06750000000000002,Unfavourable,0.22106936740875244,22.106936740875245,1401
COc1ccc(-c2cc(=O)c3c(O)cc(OC)c(-c4cc(-c5cc(=O)c6c(O)cc(O)cc6o5)ccc4O)c3o2)cc1,CHEMBL374055,4.70,nM,20100.0,uM,20.1,4.696803942579511,Low Activity,True,566.5180000000003,5.740000000000006,159.8,4,10,5,6,2,Fail,4.6153812,0.15000000000000002,0.0,0.5,0.21000000000000002,Unfavourable,0.2566349,0.897767398252352,0.3112058154292039,31.12058154292039,O=c1cc(-c2cccc(-c3cccc4c(=O)cc(-c5ccccc5)oc34)c2)oc2ccccc12,0.0625,42,6,4,10,0.0,Low Suitability,2.7755575615628914e-17,0.20000000000000004,0.06750000000000002,Unfavourable,0.21477419304847717,21.477419304847718,1402
COc1ccc(-c2cc(=O)c3c(O)cc(OC)c(-c4cc(-c5cc(=O)c6c(O)cc(O)cc6o5)ccc4OC)c3o2)cc1,CHEMBL453479,,nM,50000.0,uM,50.0,4.301029995663981,Low Activity,True,580.5450000000003,6.043000000000007,148.8,3,10,6,6,2,Fail,4.304301,0.15000000000000002,0.19999999999999996,0.5,0.27,Unfavourable,0.20540959,0.897767398252352,0.3035931631274156,30.35931631274156,O=c1cc(-c2cccc(-c3cccc4c(=O)cc(-c5ccccc5)oc34)c2)oc2ccccc12,0.09090909090909091,43,6,3,10,0.2,Low Suitability,2.7755575615628914e-17,0.20000000000000004,0.14750000000000002,Unfavourable,0.21460027700662615,21.460027700662614,1403
COc1ccc(-c2cc(=O)c3c(O)c(Oc4ccc(-c5cc(=O)c6c(O)cc(O)cc6o5)cc4)c(OC)cc3o2)cc1,CHEMBL4522982,,nM,50000.0,uM,50.0,4.301029995663981,Low Activity,True,566.5180000000003,6.159700000000006,148.8,3,10,6,6,2,Fail,4.299701,0.15000000000000002,0.19999999999999996,0.5,0.27,Unfavourable,0.20465213,0.897767398252352,0.30321443521451275,30.321443521451275,O=c1cc(-c2ccc(Oc3ccc4oc(-c5ccccc5)cc(=O)c4c3)cc2)oc2ccccc12,0.0625,42,6,3,10,0.2,Low Suitability,2.7755575615628914e-17,0.20000000000000004,0.14750000000000002,Unfavourable,0.21418367779254915,21.418367779254915,1404
COc1cc2oc(-c3ccc(O)cc3)cc(=O)c2c(O)c1-c1cc(-c2cc(=O)c3c(O)cc(O)cc3o2)ccc1O,CHEMBL3589107,4.67,nM,21300.0,uM,21.3,4.671620396561262,Low Activity,True,552.4910000000003,5.437000000000006,170.79999999999998,5,10,4,6,2,Fail,4.5799437,0.15000000000000002,0.0,0.5,0.21000000000000002,Unfavourable,0.25079942,0.897767398252352,0.30828807866048136,30.828807866048137,O=c1cc(-c2cccc(-c3ccc4oc(-c5ccccc5)cc(=O)c4c3)c2)oc2ccccc12,0.03225806451612903,41,6,5,10,0.0,Low Suitability,2.7755575615628914e-17,0.20000000000000004,0.06750000000000002,Unfavourable,0.2115646766424179,21.15646766424179,1405
COc1cc(O)c2c(=O)cc(-c3ccc(O)cc3)oc2c1-c1cc(-c2cc(=O)c3c(O)cc(O)cc3o2)ccc1O,CHEMBL450522,,nM,50000.0,uM,50.0,4.301029995663981,Low Activity,True,552.4910000000004,5.437000000000006,170.79999999999998,5,10,4,6,2,Fail,4.565634,0.15000000000000002,0.0,0.5,0.21000000000000002,Unfavourable,0.24844301,0.897767398252352,0.3071098736472062,30.710987364720623,O=c1cc(-c2cccc(-c3cccc4c(=O)cc(-c5ccccc5)oc34)c2)oc2ccccc12,0.03225806451612903,41,6,5,10,0.0,Low Suitability,2.7755575615628914e-17,0.20000000000000004,0.06750000000000002,Unfavourable,0.2102686630487442,21.02686630487442,1406
O=c1cc(-c2ccc(Oc3c(O)cc4oc(-c5ccc(O)cc5)cc(=O)c4c3O)cc2)oc2cc(O)cc(O)c12,CHEMBL291426,5.02,nM,9500.0,uM,9.5,5.022276394711152,Low Activity,True,538.4640000000003,5.553700000000005,170.79999999999998,5,10,4,6,2,Fail,4.5046387,0.15000000000000002,0.0,0.5,0.21000000000000002,Unfavourable,0.23839903,0.897767398252352,0.3020878843016557,30.20878843016557,O=c1cc(-c2ccc(Oc3ccc4oc(-c5ccccc5)cc(=O)c4c3)cc2)oc2ccccc12,0.0,40,6,5,10,0.0,Low Suitability,2.7755575615628914e-17,0.20000000000000004,0.06750000000000002,Unfavourable,0.2047444747686386,20.474447476863862,1407
COc1ccc(-c2cc(=O)c3c(O)cc(O)cc3o2)cc1-c1c(O)cc2oc(-c3ccc(O)cc3)cc(=O)c2c1O,CHEMBL451902,,nM,50000.0,uM,50.0,4.301029995663981,Low Activity,True,552.4910000000003,5.4370000000000065,170.79999999999998,5,10,4,6,2,Fail,4.4718647,0.15000000000000002,0.0,0.5,0.21000000000000002,Unfavourable,0.23300219,0.897767398252352,0.2993894628233842,29.93894628233842,O=c1cc(-c2cccc(-c3ccc4oc(-c5ccccc5)cc(=O)c4c3)c2)oc2ccccc12,0.03225806451612903,41,6,5,10,0.0,Low Suitability,2.7755575615628914e-17,0.20000000000000004,0.06750000000000002,Unfavourable,0.20177620816230774,20.177620816230775,1408
COc1ccc(-c2cc(=O)c3c(O)cc(O)cc3o2)cc1-c1c(OC)cc(O)c2c(=O)cc(-c3ccc(O)cc3)oc12,CHEMBL208988,,nM,50000.0,uM,50.0,4.301029995663981,Low Activity,True,566.5180000000004,5.740000000000006,159.8,4,10,5,6,2,Fail,4.4477887,0.15000000000000002,0.0,0.5,0.21000000000000002,Unfavourable,0.22903758,0.897767398252352,0.29740716134976664,29.740716134976665,O=c1cc(-c2cccc(-c3cccc4c(=O)cc(-c5ccccc5)oc34)c2)oc2ccccc12,0.0625,42,6,4,10,0.0,Low Suitability,2.7755575615628914e-17,0.20000000000000004,0.06750000000000002,Unfavourable,0.19959567654132843,19.959567654132844,1409
COc1cc2oc(-c3ccc(O)cc3)cc(=O)c2c(O)c1Oc1ccc(-c2cc(=O)c3c(O)cc(O)cc3o2)cc1,CHEMBL3589108,,nM,50000.0,uM,50.0,4.301029995663981,Low Activity,True,552.4910000000003,5.8567000000000045,159.8,4,10,5,6,2,Fail,4.4435916,0.15000000000000002,0.0,0.5,0.21000000000000002,Unfavourable,0.22834647,0.897767398252352,0.2970616034216813,29.706160342168133,O=c1cc(-c2ccc(Oc3ccc4oc(-c5ccccc5)cc(=O)c4c3)cc2)oc2ccccc12,0.03225806451612903,41,6,4,10,0.0,Low Suitability,2.7755575615628914e-17,0.20000000000000004,0.06750000000000002,Unfavourable,0.19921556282043457,19.921556282043458,1410
O=c1cc(/N=N/N=P(CCP(=N/N=N/c2cc(=O)oc3ccccc23)(c2ccccc2)c2ccccc2)(c2ccccc2)c2ccccc2)c2ccccc2o1,CHEMBL5200462,,nM,337770.0,uM,337.77,3.471378926147593,Low Activity,True,772.7420000000002,10.301399999999996,134.57999999999998,0,6,11,8,2,Fail,3.9054956,0.35,0.19999999999999996,0.5,0.35,Unfavourable,0.13973868,0.897767398252352,0.2947577093787126,29.47577093787126,O=c1cc(N=NN=P(CCP(=NN=Nc2cc(=O)oc3ccccc23)(c2ccccc2)c2ccccc2)(c2ccccc2)c2ccccc2)c2ccccc2o1,0.045454545454545456,56,8,0,10,0.2,Low Suitability,2.7755575615628914e-17,0.20000000000000004,0.1975,Unfavourable,0.1959812778830528,19.59812778830528,1411
COc1ccc(-c2cc(=O)c3c(O)c(Oc4ccc(-c5cc(=O)c6c(O)cc(O)cc6o5)cc4)c(O)cc3o2)cc1,CHEMBL4589690,,nM,50000.0,uM,50.0,4.301029995663981,Low Activity,True,552.4910000000002,5.856700000000006,159.8,4,10,5,6,2,Fail,4.3965783,0.15000000000000002,0.0,0.5,0.21000000000000002,Unfavourable,0.22060484,0.897767398252352,0.2931907883830003,29.31907883830003,O=c1cc(-c2ccc(Oc3ccc4oc(-c5ccccc5)cc(=O)c4c3)cc2)oc2ccccc12,0.03225806451612903,41,6,4,10,0.0,Low Suitability,2.7755575615628914e-17,0.20000000000000004,0.06750000000000002,Unfavourable,0.19495766031742096,19.495766031742097,1412
CN1C(=O)[C@@H](NCC(=O)Nc2ccc3c(c2)C[C@H]2CC[C@@H](C3)[C@H]2NS(=O)(=O)c2ccc(Cl)s2)N=C(c2ccccc2)c2ccccc21,CHEMBL3692701,,nM,800000.0,nM,800000.0,3.0969100130080562,Low Activity,True,688.2750000000001,5.241600000000005,119.96999999999998,3,7,8,7,2,Fail,3.3599613,0.5,0.19999999999999996,0.5,0.41000000000000003,Unfavourable,0.049906015,0.897767398252352,0.2678413776106767,26.784137761067672,O=C(CNC1N=C(c2ccccc2)c2ccccc2NC1=O)Nc1ccc2c(c1)CC1CCC(C2)C1NS(=O)(=O)c1cccs1,0.2857142857142857,47,4,3,9,0.2,Low Suitability,0.15000000000000002,0.6,0.32499999999999996,Unfavourable,0.19119830958545203,19.119830958545204,1413
COc1ccc2c(c1)c(CC(=O)NCCCNCCCNC1=CC(=O)C(NCCCNCCCNC(=O)Cc3c(C)n(C(=O)c4ccc(Cl)cc4)c4ccc(OC)cc34)=CC1=O)c(C)n2C(=O)c1ccc(Cl)cc1,CHEMBL3087677,5.21,nM,6110.0,uM,6.11,5.213958789757446,Low Activity,True,1046.0659999999998,6.769840000000008,202.92,6,12,26,7,4,Fail,5.1623864,2.7755575615628914e-17,0.0,0.0,1.1102230246251566e-17,Unfavourable,0.3467098,0.897767398252352,0.2182432638354234,21.82432638354234,O=C(Cc1cn(C(=O)c2ccccc2)c2ccccc12)NCCCNCCCNC1=CC(=O)C(NCCCNCCCNC(=O)Cc2cn(C(=O)c3ccccc3)c3ccccc23)=CC1=O,0.32142857142857145,74,6,6,16,0.0,Low Suitability,2.7755575615628914e-17,2.7755575615628914e-17,1.6653345369377347e-17,Unfavourable,0.19069038331508636,19.069038331508636,1414
CCCCCCCCCCCCCCC[C@@H](O)C(=O)N[C@@H](CO[C@@H]1O[C@H](CO)[C@@H](O)[C@H](O)[C@H]1O)[C@H](O)/C=C/CC/C=C(\C)CCCCCCCCC,CHEMBL2012313,4.20,nM,62700.0,uM,62.7,4.202732459169283,Low Activity,True,742.0919999999994,6.914200000000007,168.94,7,9,33,1,3,Fail,4.282289,2.7755575615628914e-17,0.0,0.25,0.07500000000000001,Unfavourable,0.20178491,0.897767398252352,0.20578082429837505,20.578082429837504,C1CCOCC1,0.8809523809523809,52,0,7,10,0.0,Low Suitability,0.15000000000000002,0.20000000000000004,0.06000000000000002,Unfavourable,0.15698170280456544,15.698170280456544,1415
CN(CCCCNc1c2c(nc3c(NC(=O)CNC(=O)CC[C@H](NC(=O)CNC(=O)OCc4ccccc4)C(=O)N[C@@H](Cc4ccccc4)C(=O)OCc4ccccc4)cccc13)CCCC2)CCCNc1c2c(nc3ccccc13)CCCC2,CHEMBL3099500,4.29,nM,51000.0,uM,51.0,4.292429823902063,Low Activity,True,1151.4229999999998,8.88370000000001,234.10999999999996,7,13,29,9,4,Fail,4.499807,2.7755575615628914e-17,0.0,0.0,1.1102230246251566e-17,Unfavourable,0.23760337,0.897767398252352,0.16369005310010235,16.369005310010234,O=C(CCC(NC(=O)CNC(=O)OCc1ccccc1)C(=O)NC(Cc1ccccc1)C(=O)OCc1ccccc1)NCC(=O)Nc1cccc2c(NCCCCNCCCNc3c4c(nc5ccccc35)CCCC4)c3c(nc12)CCCC3,0.373134328358209,85,7,7,18,0.0,Low Suitability,2.7755575615628914e-17,2.7755575615628914e-17,1.6653345369377347e-17,Unfavourable,0.1306818574666977,13.06818574666977,1416
